8.3s 1 0.00s - Debugger warning: It seems that frozen modules are being used, which may
8.3s 2 0.00s - make the debugger miss breakpoints. Please pass -Xfrozen_modules=off
8.3s 3 0.00s - to python to disable frozen modules.
8.3s 4 0.00s - Note: Debugging will proceed. Set PYDEVD_DISABLE_FILE_VALIDATION=1 to disable this validation.
9.1s 5 0.00s - Debugger warning: It seems that frozen modules are being used, which may
9.1s 6 0.00s - make the debugger miss breakpoints. Please pass -Xfrozen_modules=off
9.1s 7 0.00s - to python to disable frozen modules.
9.1s 8 0.00s - Note: Debugging will proceed. Set PYDEVD_DISABLE_FILE_VALIDATION=1 to disable this validation.
10.4s 9 Sat Sep 26 04:21:32 2026
10.4s 10 +-----------------------------------------------------------------------------------------+
10.4s 11 | NVIDIA-SMI 580.159.04             Driver Version: 580.159.04     CUDA Version: 13.0     |
10.4s 12 +-----------------------------------------+------------------------+----------------------+
10.4s 13 | GPU  Name                 Persistence-M | Bus-Id          Disp.A | Volatile Uncorr. ECC |
10.4s 14 | Fan  Temp   Perf          Pwr:Usage/Cap |           Memory-Usage | GPU-Util  Compute M. |
10.4s 15 |                                         |                        |               MIG M. |
10.4s 16 |=========================================+========================+======================|
10.4s 17 |   0  Tesla T4                       Off |   00000000:00:04.0 Off |                    0 |
10.4s 18 | N/A   45C    P8              9W /   70W |       0MiB /  15360MiB |      0%      Default |
10.4s 19 |                                         |                        |                  N/A |
10.4s 20 +-----------------------------------------+------------------------+----------------------+
10.4s 21 |   1  Tesla T4                       Off |   00000000:00:05.0 Off |                    0 |
10.4s 22 | N/A   47C    P8             12W /   70W |       0MiB /  15360MiB |      0%      Default |
10.4s 23 |                                         |                        |                  N/A |
10.4s 24 +-----------------------------------------+------------------------+----------------------+
10.4s 25 
10.4s 26 +-----------------------------------------------------------------------------------------+
10.4s 27 | Processes:                                                                              |
10.4s 28 |  GPU   GI   CI              PID   Type   Process name                        GPU Memory |
10.4s 29 |        ID   ID                                                               Usage      |
10.4s 30 |=========================================================================================|
10.4s 31 |  No running processes found                                                             |
10.4s 32 +-----------------------------------------------------------------------------------------+
10.8s 33 Python 3.12.13
15.3s 34 ClinicDB input verified
15.3s 35 Images: /kaggle/input/datasets/anirbanroysudipto/cvc-clinicdb-raw/CVC-ClinicDB/Original
15.3s 36 Masks: /kaggle/input/datasets/anirbanroysudipto/cvc-clinicdb-raw/CVC-ClinicDB/Ground Truth
15.3s 37 Count: 612 612
16.4s 38 26c9c31f731f749b62c5fe83f44376dac75f3aa8
16.4s 39 Cloning into 'EMCAD'...
16.4s 40 
16.4s 41 Cloning into 'EMCAD'...
17.2s 42 [ WARN:0@0.536] global grfmt_tiff.cpp:122 TIFF_Warning TIFFReadDirectory: Sum of Photometric type-related color channels and ExtraSamples doesn't match SamplesPerPixel. Defining non-color channels as ExtraSamples.
17.2s 43 [ WARN:0@0.588] global grfmt_tiff.cpp:122 TIFF_Warning TIFFReadDirectory: Sum of Photometric type-related color channels and ExtraSamples doesn't match SamplesPerPixel. Defining non-color channels as ExtraSamples.
17.3s 44 [ WARN:0@0.622] global grfmt_tiff.cpp:122 TIFF_Warning TIFFReadDirectory: Sum of Photometric type-related color channels and ExtraSamples doesn't match SamplesPerPixel. Defining non-color channels as ExtraSamples.
17.3s 45 [ WARN:0@0.657] global grfmt_tiff.cpp:122 TIFF_Warning TIFFReadDirectory: Sum of Photometric type-related color channels and ExtraSamples doesn't match SamplesPerPixel. Defining non-color channels as ExtraSamples.
17.3s 46 [ WARN:0@0.692] global grfmt_tiff.cpp:122 TIFF_Warning TIFFReadDirectory: Sum of Photometric type-related color channels and ExtraSamples doesn't match SamplesPerPixel. Defining non-color channels as ExtraSamples.
17.4s 47 [ WARN:0@0.731] global grfmt_tiff.cpp:122 TIFF_Warning TIFFReadDirectory: Sum of Photometric type-related color channels and ExtraSamples doesn't match SamplesPerPixel. Defining non-color channels as ExtraSamples.
17.4s 48 [ WARN:0@0.536] global grfmt_tiff.cpp:122 TIFF_Warning TIFFReadDirectory: Sum of Photometric type-related color channels and ExtraSamples doesn't match SamplesPerPixel. Defining non-color channels as ExtraSamples.
17.4s 49 [ WARN:0@0.588] global grfmt_tiff.cpp:122 TIFF_Warning TIFFReadDirectory: Sum of Photometric type-related color channels and ExtraSamples doesn't match SamplesPerPixel. Defining non-color channels as ExtraSamples.
17.4s 50 [ WARN:0@0.622] global grfmt_tiff.cpp:122 TIFF_Warning TIFFReadDirectory: Sum of Photometric type-related color channels and ExtraSamples doesn't match SamplesPerPixel. Defining non-color channels as ExtraSamples.
17.4s 51 [ WARN:0@0.657] global grfmt_tiff.cpp:122 TIFF_Warning TIFFReadDirectory: Sum of Photometric type-related color channels and ExtraSamples doesn't match SamplesPerPixel. Defining non-color channels as ExtraSamples.
17.4s 52 [ WARN:0@0.692] global grfmt_tiff.cpp:122 TIFF_Warning TIFFReadDirectory: Sum of Photometric type-related color channels and ExtraSamples doesn't match SamplesPerPixel. Defining non-color channels as ExtraSamples.
17.4s 53 [ WARN:0@0.731] global grfmt_tiff.cpp:122 TIFF_Warning TIFFReadDirectory: Sum of Photometric type-related color channels and ExtraSamples doesn't match SamplesPerPixel. Defining non-color channels as ExtraSamples.
17.4s 54 
17.4s 55 [ WARN:0@0.536] global grfmt_tiff.cpp:122 TIFF_Warning TIFFReadDirectory: Sum of Photometric type-related color channels and ExtraSamples doesn't match SamplesPerPixel. Defining non-color channels as ExtraSamples.
17.4s 56 [ WARN:0@0.588] global grfmt_tiff.cpp:122 TIFF_Warning TIFFReadDirectory: Sum of Photometric type-related color channels and ExtraSamples doesn't match SamplesPerPixel. Defining non-color channels as ExtraSamples.
17.4s 57 [ WARN:0@0.622] global grfmt_tiff.cpp:122 TIFF_Warning TIFFReadDirectory: Sum of Photometric type-related color channels and ExtraSamples doesn't match SamplesPerPixel. Defining non-color channels as ExtraSamples.
17.4s 58 [ WARN:0@0.657] global grfmt_tiff.cpp:122 TIFF_Warning TIFFReadDirectory: Sum of Photometric type-related color channels and ExtraSamples doesn't match SamplesPerPixel. Defining non-color channels as ExtraSamples.
17.4s 59 [ WARN:0@0.692] global grfmt_tiff.cpp:122 TIFF_Warning TIFFReadDirectory: Sum of Photometric type-related color channels and ExtraSamples doesn't match SamplesPerPixel. Defining non-color channels as ExtraSamples.
17.4s 60 [ WARN:0@0.731] global grfmt_tiff.cpp:122 TIFF_Warning TIFFReadDirectory: Sum of Photometric type-related color channels and ExtraSamples doesn't match SamplesPerPixel. Defining non-color channels as ExtraSamples.
17.4s 61 [ WARN:0@0.764] global grfmt_tiff.cpp:122 TIFF_Warning TIFFReadDirectory: Sum of Photometric type-related color channels and ExtraSamples doesn't match SamplesPerPixel. Defining non-color channels as ExtraSamples.
17.5s 62 [ WARN:0@0.796] global grfmt_tiff.cpp:122 TIFF_Warning TIFFReadDirectory: Sum of Photometric type-related color channels and ExtraSamples doesn't match SamplesPerPixel. Defining non-color channels as ExtraSamples.
17.5s 63 [ WARN:0@0.828] global grfmt_tiff.cpp:122 TIFF_Warning TIFFReadDirectory: Sum of Photometric type-related color channels and ExtraSamples doesn't match SamplesPerPixel. Defining non-color channels as ExtraSamples.
17.5s 64 [ WARN:0@0.862] global grfmt_tiff.cpp:122 TIFF_Warning TIFFReadDirectory: Sum of Photometric type-related color channels and ExtraSamples doesn't match SamplesPerPixel. Defining non-color channels as ExtraSamples.
17.5s 65 [ WARN:0@0.892] global grfmt_tiff.cpp:122 TIFF_Warning TIFFReadDirectory: Sum of Photometric type-related color channels and ExtraSamples doesn't match SamplesPerPixel. Defining non-color channels as ExtraSamples.
17.6s 66 [ WARN:0@0.927] global grfmt_tiff.cpp:122 TIFF_Warning TIFFReadDirectory: Sum of Photometric type-related color channels and ExtraSamples doesn't match SamplesPerPixel. Defining non-color channels as ExtraSamples.
17.6s 67 [ WARN:0@0.965] global grfmt_tiff.cpp:122 TIFF_Warning TIFFReadDirectory: Sum of Photometric type-related color channels and ExtraSamples doesn't match SamplesPerPixel. Defining non-color channels as ExtraSamples.
17.6s 68 [ WARN:0@0.764] global grfmt_tiff.cpp:122 TIFF_Warning TIFFReadDirectory: Sum of Photometric type-related color channels and ExtraSamples doesn't match SamplesPerPixel. Defining non-color channels as ExtraSamples.
17.6s 69 [ WARN:0@0.796] global grfmt_tiff.cpp:122 TIFF_Warning TIFFReadDirectory: Sum of Photometric type-related color channels and ExtraSamples doesn't match SamplesPerPixel. Defining non-color channels as ExtraSamples.
17.6s 70 [ WARN:0@0.828] global grfmt_tiff.cpp:122 TIFF_Warning TIFFReadDirectory: Sum of Photometric type-related color channels and ExtraSamples doesn't match SamplesPerPixel. Defining non-color channels as ExtraSamples.
17.6s 71 [ WARN:0@0.862] global grfmt_tiff.cpp:122 TIFF_Warning TIFFReadDirectory: Sum of Photometric type-related color channels and ExtraSamples doesn't match SamplesPerPixel. Defining non-color channels as ExtraSamples.
17.6s 72 [ WARN:0@0.892] global grfmt_tiff.cpp:122 TIFF_Warning TIFFReadDirectory: Sum of Photometric type-related color channels and ExtraSamples doesn't match SamplesPerPixel. Defining non-color channels as ExtraSamples.
17.6s 73 [ WARN:0@0.927] global grfmt_tiff.cpp:122 TIFF_Warning TIFFReadDirectory: Sum of Photometric type-related color channels and ExtraSamples doesn't match SamplesPerPixel. Defining non-color channels as ExtraSamples.
17.6s 74 
17.6s 75 [ WARN:0@0.764] global grfmt_tiff.cpp:122 TIFF_Warning TIFFReadDirectory: Sum of Photometric type-related color channels and ExtraSamples doesn't match SamplesPerPixel. Defining non-color channels as ExtraSamples.
17.6s 76 [ WARN:0@0.796] global grfmt_tiff.cpp:122 TIFF_Warning TIFFReadDirectory: Sum of Photometric type-related color channels and ExtraSamples doesn't match SamplesPerPixel. Defining non-color channels as ExtraSamples.
17.6s 77 [ WARN:0@0.828] global grfmt_tiff.cpp:122 TIFF_Warning TIFFReadDirectory: Sum of Photometric type-related color channels and ExtraSamples doesn't match SamplesPerPixel. Defining non-color channels as ExtraSamples.
17.6s 78 [ WARN:0@0.862] global grfmt_tiff.cpp:122 TIFF_Warning TIFFReadDirectory: Sum of Photometric type-related color channels and ExtraSamples doesn't match SamplesPerPixel. Defining non-color channels as ExtraSamples.
17.6s 79 [ WARN:0@0.892] global grfmt_tiff.cpp:122 TIFF_Warning TIFFReadDirectory: Sum of Photometric type-related color channels and ExtraSamples doesn't match SamplesPerPixel. Defining non-color channels as ExtraSamples.
17.6s 80 [ WARN:0@0.927] global grfmt_tiff.cpp:122 TIFF_Warning TIFFReadDirectory: Sum of Photometric type-related color channels and ExtraSamples doesn't match SamplesPerPixel. Defining non-color channels as ExtraSamples.
17.6s 81 [ WARN:0@0.993] global grfmt_tiff.cpp:122 TIFF_Warning TIFFReadDirectory: Sum of Photometric type-related color channels and ExtraSamples doesn't match SamplesPerPixel. Defining non-color channels as ExtraSamples.
17.7s 82 [ WARN:0@1.024] global grfmt_tiff.cpp:122 TIFF_Warning TIFFReadDirectory: Sum of Photometric type-related color channels and ExtraSamples doesn't match SamplesPerPixel. Defining non-color channels as ExtraSamples.
17.7s 83 [ WARN:0@1.054] global grfmt_tiff.cpp:122 TIFF_Warning TIFFReadDirectory: Sum of Photometric type-related color channels and ExtraSamples doesn't match SamplesPerPixel. Defining non-color channels as ExtraSamples.
17.8s 84 [ WARN:0@1.102] global grfmt_tiff.cpp:122 TIFF_Warning TIFFReadDirectory: Sum of Photometric type-related color channels and ExtraSamples doesn't match SamplesPerPixel. Defining non-color channels as ExtraSamples.
17.8s 85 [ WARN:0@1.135] global grfmt_tiff.cpp:122 TIFF_Warning TIFFReadDirectory: Sum of Photometric type-related color channels and ExtraSamples doesn't match SamplesPerPixel. Defining non-color channels as ExtraSamples.
17.8s 86 [ WARN:0@0.965] global grfmt_tiff.cpp:122 TIFF_Warning TIFFReadDirectory: Sum of Photometric type-related color channels and ExtraSamples doesn't match SamplesPerPixel. Defining non-color channels as ExtraSamples.
17.8s 87 [ WARN:0@0.993] global grfmt_tiff.cpp:122 TIFF_Warning TIFFReadDirectory: Sum of Photometric type-related color channels and ExtraSamples doesn't match SamplesPerPixel. Defining non-color channels as ExtraSamples.
17.8s 88 [ WARN:0@1.024] global grfmt_tiff.cpp:122 TIFF_Warning TIFFReadDirectory: Sum of Photometric type-related color channels and ExtraSamples doesn't match SamplesPerPixel. Defining non-color channels as ExtraSamples.
17.8s 89 [ WARN:0@1.054] global grfmt_tiff.cpp:122 TIFF_Warning TIFFReadDirectory: Sum of Photometric type-related color channels and ExtraSamples doesn't match SamplesPerPixel. Defining non-color channels as ExtraSamples.
17.8s 90 [ WARN:0@1.102] global grfmt_tiff.cpp:122 TIFF_Warning TIFFReadDirectory: Sum of Photometric type-related color channels and ExtraSamples doesn't match SamplesPerPixel. Defining non-color channels as ExtraSamples.
17.8s 91 [ WARN:0@1.135] global grfmt_tiff.cpp:122 TIFF_Warning TIFFReadDirectory: Sum of Photometric type-related color channels and ExtraSamples doesn't match SamplesPerPixel. Defining non-color channels as ExtraSamples.
17.8s 92 
17.8s 93 [ WARN:0@0.965] global grfmt_tiff.cpp:122 TIFF_Warning TIFFReadDirectory: Sum of Photometric type-related color channels and ExtraSamples doesn't match SamplesPerPixel. Defining non-color channels as ExtraSamples.
17.8s 94 [ WARN:0@0.993] global grfmt_tiff.cpp:122 TIFF_Warning TIFFReadDirectory: Sum of Photometric type-related color channels and ExtraSamples doesn't match SamplesPerPixel. Defining non-color channels as ExtraSamples.
17.8s 95 [ WARN:0@1.024] global grfmt_tiff.cpp:122 TIFF_Warning TIFFReadDirectory: Sum of Photometric type-related color channels and ExtraSamples doesn't match SamplesPerPixel. Defining non-color channels as ExtraSamples.
17.8s 96 [ WARN:0@1.054] global grfmt_tiff.cpp:122 TIFF_Warning TIFFReadDirectory: Sum of Photometric type-related color channels and ExtraSamples doesn't match SamplesPerPixel. Defining non-color channels as ExtraSamples.
17.8s 97 [ WARN:0@1.102] global grfmt_tiff.cpp:122 TIFF_Warning TIFFReadDirectory: Sum of Photometric type-related color channels and ExtraSamples doesn't match SamplesPerPixel. Defining non-color channels as ExtraSamples.
17.8s 98 [ WARN:0@1.135] global grfmt_tiff.cpp:122 TIFF_Warning TIFFReadDirectory: Sum of Photometric type-related color channels and ExtraSamples doesn't match SamplesPerPixel. Defining non-color channels as ExtraSamples.
17.8s 99 [ WARN:0@1.169] global grfmt_tiff.cpp:122 TIFF_Warning TIFFReadDirectory: Sum of Photometric type-related color channels and ExtraSamples doesn't match SamplesPerPixel. Defining non-color channels as ExtraSamples.
17.9s 100 [ WARN:0@1.197] global grfmt_tiff.cpp:122 TIFF_Warning TIFFReadDirectory: Sum of Photometric type-related color channels and ExtraSamples doesn't match SamplesPerPixel. Defining non-color channels as ExtraSamples.
17.9s 101 [ WARN:0@1.232] global grfmt_tiff.cpp:122 TIFF_Warning TIFFReadDirectory: Sum of Photometric type-related color channels and ExtraSamples doesn't match SamplesPerPixel. Defining non-color channels as ExtraSamples.
17.9s 102 [ WARN:0@1.265] global grfmt_tiff.cpp:122 TIFF_Warning TIFFReadDirectory: Sum of Photometric type-related color channels and ExtraSamples doesn't match SamplesPerPixel. Defining non-color channels as ExtraSamples.
18.0s 103 [ WARN:0@1.296] global grfmt_tiff.cpp:122 TIFF_Warning TIFFReadDirectory: Sum of Photometric type-related color channels and ExtraSamples doesn't match SamplesPerPixel. Defining non-color channels as ExtraSamples.
18.0s 104 [ WARN:0@1.327] global grfmt_tiff.cpp:122 TIFF_Warning TIFFReadDirectory: Sum of Photometric type-related color channels and ExtraSamples doesn't match SamplesPerPixel. Defining non-color channels as ExtraSamples.
18.0s 105 [ WARN:0@1.358] global grfmt_tiff.cpp:122 TIFF_Warning TIFFReadDirectory: Sum of Photometric type-related color channels and ExtraSamples doesn't match SamplesPerPixel. Defining non-color channels as ExtraSamples.
18.0s 106 [ WARN:0@1.169] global grfmt_tiff.cpp:122 TIFF_Warning TIFFReadDirectory: Sum of Photometric type-related color channels and ExtraSamples doesn't match SamplesPerPixel. Defining non-color channels as ExtraSamples.
18.0s 107 [ WARN:0@1.197] global grfmt_tiff.cpp:122 TIFF_Warning TIFFReadDirectory: Sum of Photometric type-related color channels and ExtraSamples doesn't match SamplesPerPixel. Defining non-color channels as ExtraSamples.
18.0s 108 [ WARN:0@1.232] global grfmt_tiff.cpp:122 TIFF_Warning TIFFReadDirectory: Sum of Photometric type-related color channels and ExtraSamples doesn't match SamplesPerPixel. Defining non-color channels as ExtraSamples.
18.0s 109 [ WARN:0@1.265] global grfmt_tiff.cpp:122 TIFF_Warning TIFFReadDirectory: Sum of Photometric type-related color channels and ExtraSamples doesn't match SamplesPerPixel. Defining non-color channels as ExtraSamples.
18.0s 110 [ WARN:0@1.296] global grfmt_tiff.cpp:122 TIFF_Warning TIFFReadDirectory: Sum of Photometric type-related color channels and ExtraSamples doesn't match SamplesPerPixel. Defining non-color channels as ExtraSamples.
18.0s 111 [ WARN:0@1.327] global grfmt_tiff.cpp:122 TIFF_Warning TIFFReadDirectory: Sum of Photometric type-related color channels and ExtraSamples doesn't match SamplesPerPixel. Defining non-color channels as ExtraSamples.
18.0s 112 [ WARN:0@1.358] global grfmt_tiff.cpp:122 TIFF_Warning TIFFReadDirectory: Sum of Photometric type-related color channels and ExtraSamples doesn't match SamplesPerPixel. Defining non-color channels as ExtraSamples.
18.0s 113 
18.0s 114 [ WARN:0@1.169] global grfmt_tiff.cpp:122 TIFF_Warning TIFFReadDirectory: Sum of Photometric type-related color channels and ExtraSamples doesn't match SamplesPerPixel. Defining non-color channels as ExtraSamples.
18.0s 115 [ WARN:0@1.197] global grfmt_tiff.cpp:122 TIFF_Warning TIFFReadDirectory: Sum of Photometric type-related color channels and ExtraSamples doesn't match SamplesPerPixel. Defining non-color channels as ExtraSamples.
18.0s 116 [ WARN:0@1.232] global grfmt_tiff.cpp:122 TIFF_Warning TIFFReadDirectory: Sum of Photometric type-related color channels and ExtraSamples doesn't match SamplesPerPixel. Defining non-color channels as ExtraSamples.
18.0s 117 [ WARN:0@1.265] global grfmt_tiff.cpp:122 TIFF_Warning TIFFReadDirectory: Sum of Photometric type-related color channels and ExtraSamples doesn't match SamplesPerPixel. Defining non-color channels as ExtraSamples.
18.0s 118 [ WARN:0@1.296] global grfmt_tiff.cpp:122 TIFF_Warning TIFFReadDirectory: Sum of Photometric type-related color channels and ExtraSamples doesn't match SamplesPerPixel. Defining non-color channels as ExtraSamples.
18.0s 119 [ WARN:0@1.327] global grfmt_tiff.cpp:122 TIFF_Warning TIFFReadDirectory: Sum of Photometric type-related color channels and ExtraSamples doesn't match SamplesPerPixel. Defining non-color channels as ExtraSamples.
18.0s 120 [ WARN:0@1.358] global grfmt_tiff.cpp:122 TIFF_Warning TIFFReadDirectory: Sum of Photometric type-related color channels and ExtraSamples doesn't match SamplesPerPixel. Defining non-color channels as ExtraSamples.
18.0s 121 [ WARN:0@1.391] global grfmt_tiff.cpp:122 TIFF_Warning TIFFReadDirectory: Sum of Photometric type-related color channels and ExtraSamples doesn't match SamplesPerPixel. Defining non-color channels as ExtraSamples.
18.1s 122 [ WARN:0@1.423] global grfmt_tiff.cpp:122 TIFF_Warning TIFFReadDirectory: Sum of Photometric type-related color channels and ExtraSamples doesn't match SamplesPerPixel. Defining non-color channels as ExtraSamples.
18.1s 123 [ WARN:0@1.454] global grfmt_tiff.cpp:122 TIFF_Warning TIFFReadDirectory: Sum of Photometric type-related color channels and ExtraSamples doesn't match SamplesPerPixel. Defining non-color channels as ExtraSamples.
18.1s 124 [ WARN:0@1.490] global grfmt_tiff.cpp:122 TIFF_Warning TIFFReadDirectory: Sum of Photometric type-related color channels and ExtraSamples doesn't match SamplesPerPixel. Defining non-color channels as ExtraSamples.
18.2s 125 [ WARN:0@1.524] global grfmt_tiff.cpp:122 TIFF_Warning TIFFReadDirectory: Sum of Photometric type-related color channels and ExtraSamples doesn't match SamplesPerPixel. Defining non-color channels as ExtraSamples.
18.2s 126 [ WARN:0@1.556] global grfmt_tiff.cpp:122 TIFF_Warning TIFFReadDirectory: Sum of Photometric type-related color channels and ExtraSamples doesn't match SamplesPerPixel. Defining non-color channels as ExtraSamples.
18.2s 127 [ WARN:0@1.587] global grfmt_tiff.cpp:122 TIFF_Warning TIFFReadDirectory: Sum of Photometric type-related color channels and ExtraSamples doesn't match SamplesPerPixel. Defining non-color channels as ExtraSamples.
18.2s 128 [ WARN:0@1.391] global grfmt_tiff.cpp:122 TIFF_Warning TIFFReadDirectory: Sum of Photometric type-related color channels and ExtraSamples doesn't match SamplesPerPixel. Defining non-color channels as ExtraSamples.
18.2s 129 [ WARN:0@1.423] global grfmt_tiff.cpp:122 TIFF_Warning TIFFReadDirectory: Sum of Photometric type-related color channels and ExtraSamples doesn't match SamplesPerPixel. Defining non-color channels as ExtraSamples.
18.2s 130 [ WARN:0@1.454] global grfmt_tiff.cpp:122 TIFF_Warning TIFFReadDirectory: Sum of Photometric type-related color channels and ExtraSamples doesn't match SamplesPerPixel. Defining non-color channels as ExtraSamples.
18.2s 131 [ WARN:0@1.490] global grfmt_tiff.cpp:122 TIFF_Warning TIFFReadDirectory: Sum of Photometric type-related color channels and ExtraSamples doesn't match SamplesPerPixel. Defining non-color channels as ExtraSamples.
18.2s 132 [ WARN:0@1.524] global grfmt_tiff.cpp:122 TIFF_Warning TIFFReadDirectory: Sum of Photometric type-related color channels and ExtraSamples doesn't match SamplesPerPixel. Defining non-color channels as ExtraSamples.
18.2s 133 [ WARN:0@1.556] global grfmt_tiff.cpp:122 TIFF_Warning TIFFReadDirectory: Sum of Photometric type-related color channels and ExtraSamples doesn't match SamplesPerPixel. Defining non-color channels as ExtraSamples.
18.2s 134 [ WARN:0@1.587] global grfmt_tiff.cpp:122 TIFF_Warning TIFFReadDirectory: Sum of Photometric type-related color channels and ExtraSamples doesn't match SamplesPerPixel. Defining non-color channels as ExtraSamples.
18.2s 135 
18.2s 136 [ WARN:0@1.391] global grfmt_tiff.cpp:122 TIFF_Warning TIFFReadDirectory: Sum of Photometric type-related color channels and ExtraSamples doesn't match SamplesPerPixel. Defining non-color channels as ExtraSamples.
18.2s 137 [ WARN:0@1.423] global grfmt_tiff.cpp:122 TIFF_Warning TIFFReadDirectory: Sum of Photometric type-related color channels and ExtraSamples doesn't match SamplesPerPixel. Defining non-color channels as ExtraSamples.
18.2s 138 [ WARN:0@1.454] global grfmt_tiff.cpp:122 TIFF_Warning TIFFReadDirectory: Sum of Photometric type-related color channels and ExtraSamples doesn't match SamplesPerPixel. Defining non-color channels as ExtraSamples.
18.2s 139 [ WARN:0@1.490] global grfmt_tiff.cpp:122 TIFF_Warning TIFFReadDirectory: Sum of Photometric type-related color channels and ExtraSamples doesn't match SamplesPerPixel. Defining non-color channels as ExtraSamples.
18.2s 140 [ WARN:0@1.524] global grfmt_tiff.cpp:122 TIFF_Warning TIFFReadDirectory: Sum of Photometric type-related color channels and ExtraSamples doesn't match SamplesPerPixel. Defining non-color channels as ExtraSamples.
18.2s 141 [ WARN:0@1.556] global grfmt_tiff.cpp:122 TIFF_Warning TIFFReadDirectory: Sum of Photometric type-related color channels and ExtraSamples doesn't match SamplesPerPixel. Defining non-color channels as ExtraSamples.
18.2s 142 [ WARN:0@1.587] global grfmt_tiff.cpp:122 TIFF_Warning TIFFReadDirectory: Sum of Photometric type-related color channels and ExtraSamples doesn't match SamplesPerPixel. Defining non-color channels as ExtraSamples.
18.3s 143 [ WARN:0@1.615] global grfmt_tiff.cpp:122 TIFF_Warning TIFFReadDirectory: Sum of Photometric type-related color channels and ExtraSamples doesn't match SamplesPerPixel. Defining non-color channels as ExtraSamples.
18.3s 144 [ WARN:0@1.648] global grfmt_tiff.cpp:122 TIFF_Warning TIFFReadDirectory: Sum of Photometric type-related color channels and ExtraSamples doesn't match SamplesPerPixel. Defining non-color channels as ExtraSamples.
18.3s 145 [ WARN:0@1.680] global grfmt_tiff.cpp:122 TIFF_Warning TIFFReadDirectory: Sum of Photometric type-related color channels and ExtraSamples doesn't match SamplesPerPixel. Defining non-color channels as ExtraSamples.
18.4s 146 [ WARN:0@1.715] global grfmt_tiff.cpp:122 TIFF_Warning TIFFReadDirectory: Sum of Photometric type-related color channels and ExtraSamples doesn't match SamplesPerPixel. Defining non-color channels as ExtraSamples.
18.4s 147 [ WARN:0@1.751] global grfmt_tiff.cpp:122 TIFF_Warning TIFFReadDirectory: Sum of Photometric type-related color channels and ExtraSamples doesn't match SamplesPerPixel. Defining non-color channels as ExtraSamples.
18.4s 148 [ WARN:0@1.786] global grfmt_tiff.cpp:122 TIFF_Warning TIFFReadDirectory: Sum of Photometric type-related color channels and ExtraSamples doesn't match SamplesPerPixel. Defining non-color channels as ExtraSamples.
18.5s 149 [ WARN:0@1.615] global grfmt_tiff.cpp:122 TIFF_Warning TIFFReadDirectory: Sum of Photometric type-related color channels and ExtraSamples doesn't match SamplesPerPixel. Defining non-color channels as ExtraSamples.
18.5s 150 [ WARN:0@1.648] global grfmt_tiff.cpp:122 TIFF_Warning TIFFReadDirectory: Sum of Photometric type-related color channels and ExtraSamples doesn't match SamplesPerPixel. Defining non-color channels as ExtraSamples.
18.5s 151 [ WARN:0@1.680] global grfmt_tiff.cpp:122 TIFF_Warning TIFFReadDirectory: Sum of Photometric type-related color channels and ExtraSamples doesn't match SamplesPerPixel. Defining non-color channels as ExtraSamples.
18.5s 152 [ WARN:0@1.715] global grfmt_tiff.cpp:122 TIFF_Warning TIFFReadDirectory: Sum of Photometric type-related color channels and ExtraSamples doesn't match SamplesPerPixel. Defining non-color channels as ExtraSamples.
18.5s 153 [ WARN:0@1.751] global grfmt_tiff.cpp:122 TIFF_Warning TIFFReadDirectory: Sum of Photometric type-related color channels and ExtraSamples doesn't match SamplesPerPixel. Defining non-color channels as ExtraSamples.
18.5s 154 [ WARN:0@1.786] global grfmt_tiff.cpp:122 TIFF_Warning TIFFReadDirectory: Sum of Photometric type-related color channels and ExtraSamples doesn't match SamplesPerPixel. Defining non-color channels as ExtraSamples.
18.5s 155 
18.5s 156 [ WARN:0@1.615] global grfmt_tiff.cpp:122 TIFF_Warning TIFFReadDirectory: Sum of Photometric type-related color channels and ExtraSamples doesn't match SamplesPerPixel. Defining non-color channels as ExtraSamples.
18.5s 157 [ WARN:0@1.648] global grfmt_tiff.cpp:122 TIFF_Warning TIFFReadDirectory: Sum of Photometric type-related color channels and ExtraSamples doesn't match SamplesPerPixel. Defining non-color channels as ExtraSamples.
18.5s 158 [ WARN:0@1.680] global grfmt_tiff.cpp:122 TIFF_Warning TIFFReadDirectory: Sum of Photometric type-related color channels and ExtraSamples doesn't match SamplesPerPixel. Defining non-color channels as ExtraSamples.
18.5s 159 [ WARN:0@1.715] global grfmt_tiff.cpp:122 TIFF_Warning TIFFReadDirectory: Sum of Photometric type-related color channels and ExtraSamples doesn't match SamplesPerPixel. Defining non-color channels as ExtraSamples.
18.5s 160 [ WARN:0@1.751] global grfmt_tiff.cpp:122 TIFF_Warning TIFFReadDirectory: Sum of Photometric type-related color channels and ExtraSamples doesn't match SamplesPerPixel. Defining non-color channels as ExtraSamples.
18.5s 161 [ WARN:0@1.786] global grfmt_tiff.cpp:122 TIFF_Warning TIFFReadDirectory: Sum of Photometric type-related color channels and ExtraSamples doesn't match SamplesPerPixel. Defining non-color channels as ExtraSamples.
18.5s 162 [ WARN:0@1.818] global grfmt_tiff.cpp:122 TIFF_Warning TIFFReadDirectory: Sum of Photometric type-related color channels and ExtraSamples doesn't match SamplesPerPixel. Defining non-color channels as ExtraSamples.
18.5s 163 [ WARN:0@1.851] global grfmt_tiff.cpp:122 TIFF_Warning TIFFReadDirectory: Sum of Photometric type-related color channels and ExtraSamples doesn't match SamplesPerPixel. Defining non-color channels as ExtraSamples.
18.5s 164 [ WARN:0@1.885] global grfmt_tiff.cpp:122 TIFF_Warning TIFFReadDirectory: Sum of Photometric type-related color channels and ExtraSamples doesn't match SamplesPerPixel. Defining non-color channels as ExtraSamples.
18.6s 165 [ WARN:0@1.919] global grfmt_tiff.cpp:122 TIFF_Warning TIFFReadDirectory: Sum of Photometric type-related color channels and ExtraSamples doesn't match SamplesPerPixel. Defining non-color channels as ExtraSamples.
18.6s 166 [ WARN:0@1.965] global grfmt_tiff.cpp:122 TIFF_Warning TIFFReadDirectory: Sum of Photometric type-related color channels and ExtraSamples doesn't match SamplesPerPixel. Defining non-color channels as ExtraSamples.
18.7s 167 [ WARN:0@1.998] global grfmt_tiff.cpp:122 TIFF_Warning TIFFReadDirectory: Sum of Photometric type-related color channels and ExtraSamples doesn't match SamplesPerPixel. Defining non-color channels as ExtraSamples.
18.7s 168 [ WARN:0@1.818] global grfmt_tiff.cpp:122 TIFF_Warning TIFFReadDirectory: Sum of Photometric type-related color channels and ExtraSamples doesn't match SamplesPerPixel. Defining non-color channels as ExtraSamples.
18.7s 169 [ WARN:0@1.851] global grfmt_tiff.cpp:122 TIFF_Warning TIFFReadDirectory: Sum of Photometric type-related color channels and ExtraSamples doesn't match SamplesPerPixel. Defining non-color channels as ExtraSamples.
18.7s 170 [ WARN:0@1.885] global grfmt_tiff.cpp:122 TIFF_Warning TIFFReadDirectory: Sum of Photometric type-related color channels and ExtraSamples doesn't match SamplesPerPixel. Defining non-color channels as ExtraSamples.
18.7s 171 [ WARN:0@1.919] global grfmt_tiff.cpp:122 TIFF_Warning TIFFReadDirectory: Sum of Photometric type-related color channels and ExtraSamples doesn't match SamplesPerPixel. Defining non-color channels as ExtraSamples.
18.7s 172 [ WARN:0@1.965] global grfmt_tiff.cpp:122 TIFF_Warning TIFFReadDirectory: Sum of Photometric type-related color channels and ExtraSamples doesn't match SamplesPerPixel. Defining non-color channels as ExtraSamples.
18.7s 173 [ WARN:0@1.998] global grfmt_tiff.cpp:122 TIFF_Warning TIFFReadDirectory: Sum of Photometric type-related color channels and ExtraSamples doesn't match SamplesPerPixel. Defining non-color channels as ExtraSamples.
18.7s 174 
18.7s 175 [ WARN:0@1.818] global grfmt_tiff.cpp:122 TIFF_Warning TIFFReadDirectory: Sum of Photometric type-related color channels and ExtraSamples doesn't match SamplesPerPixel. Defining non-color channels as ExtraSamples.
18.7s 176 [ WARN:0@1.851] global grfmt_tiff.cpp:122 TIFF_Warning TIFFReadDirectory: Sum of Photometric type-related color channels and ExtraSamples doesn't match SamplesPerPixel. Defining non-color channels as ExtraSamples.
18.7s 177 [ WARN:0@1.885] global grfmt_tiff.cpp:122 TIFF_Warning TIFFReadDirectory: Sum of Photometric type-related color channels and ExtraSamples doesn't match SamplesPerPixel. Defining non-color channels as ExtraSamples.
18.7s 178 [ WARN:0@1.919] global grfmt_tiff.cpp:122 TIFF_Warning TIFFReadDirectory: Sum of Photometric type-related color channels and ExtraSamples doesn't match SamplesPerPixel. Defining non-color channels as ExtraSamples.
18.7s 179 [ WARN:0@1.965] global grfmt_tiff.cpp:122 TIFF_Warning TIFFReadDirectory: Sum of Photometric type-related color channels and ExtraSamples doesn't match SamplesPerPixel. Defining non-color channels as ExtraSamples.
18.7s 180 [ WARN:0@1.998] global grfmt_tiff.cpp:122 TIFF_Warning TIFFReadDirectory: Sum of Photometric type-related color channels and ExtraSamples doesn't match SamplesPerPixel. Defining non-color channels as ExtraSamples.
18.7s 181 [ WARN:0@2.039] global grfmt_tiff.cpp:122 TIFF_Warning TIFFReadDirectory: Sum of Photometric type-related color channels and ExtraSamples doesn't match SamplesPerPixel. Defining non-color channels as ExtraSamples.
18.7s 182 [ WARN:0@2.072] global grfmt_tiff.cpp:122 TIFF_Warning TIFFReadDirectory: Sum of Photometric type-related color channels and ExtraSamples doesn't match SamplesPerPixel. Defining non-color channels as ExtraSamples.
18.8s 183 [ WARN:0@2.106] global grfmt_tiff.cpp:122 TIFF_Warning TIFFReadDirectory: Sum of Photometric type-related color channels and ExtraSamples doesn't match SamplesPerPixel. Defining non-color channels as ExtraSamples.
18.8s 184 [ WARN:0@2.142] global grfmt_tiff.cpp:122 TIFF_Warning TIFFReadDirectory: Sum of Photometric type-related color channels and ExtraSamples doesn't match SamplesPerPixel. Defining non-color channels as ExtraSamples.
18.8s 185 [ WARN:0@2.175] global grfmt_tiff.cpp:122 TIFF_Warning TIFFReadDirectory: Sum of Photometric type-related color channels and ExtraSamples doesn't match SamplesPerPixel. Defining non-color channels as ExtraSamples.
18.9s 186 [ WARN:0@2.215] global grfmt_tiff.cpp:122 TIFF_Warning TIFFReadDirectory: Sum of Photometric type-related color channels and ExtraSamples doesn't match SamplesPerPixel. Defining non-color channels as ExtraSamples.
18.9s 187 [ WARN:0@2.039] global grfmt_tiff.cpp:122 TIFF_Warning TIFFReadDirectory: Sum of Photometric type-related color channels and ExtraSamples doesn't match SamplesPerPixel. Defining non-color channels as ExtraSamples.
18.9s 188 [ WARN:0@2.072] global grfmt_tiff.cpp:122 TIFF_Warning TIFFReadDirectory: Sum of Photometric type-related color channels and ExtraSamples doesn't match SamplesPerPixel. Defining non-color channels as ExtraSamples.
18.9s 189 [ WARN:0@2.106] global grfmt_tiff.cpp:122 TIFF_Warning TIFFReadDirectory: Sum of Photometric type-related color channels and ExtraSamples doesn't match SamplesPerPixel. Defining non-color channels as ExtraSamples.
18.9s 190 [ WARN:0@2.142] global grfmt_tiff.cpp:122 TIFF_Warning TIFFReadDirectory: Sum of Photometric type-related color channels and ExtraSamples doesn't match SamplesPerPixel. Defining non-color channels as ExtraSamples.
18.9s 191 [ WARN:0@2.175] global grfmt_tiff.cpp:122 TIFF_Warning TIFFReadDirectory: Sum of Photometric type-related color channels and ExtraSamples doesn't match SamplesPerPixel. Defining non-color channels as ExtraSamples.
18.9s 192 [ WARN:0@2.215] global grfmt_tiff.cpp:122 TIFF_Warning TIFFReadDirectory: Sum of Photometric type-related color channels and ExtraSamples doesn't match SamplesPerPixel. Defining non-color channels as ExtraSamples.
18.9s 193 
18.9s 194 [ WARN:0@2.039] global grfmt_tiff.cpp:122 TIFF_Warning TIFFReadDirectory: Sum of Photometric type-related color channels and ExtraSamples doesn't match SamplesPerPixel. Defining non-color channels as ExtraSamples.
18.9s 195 [ WARN:0@2.072] global grfmt_tiff.cpp:122 TIFF_Warning TIFFReadDirectory: Sum of Photometric type-related color channels and ExtraSamples doesn't match SamplesPerPixel. Defining non-color channels as ExtraSamples.
18.9s 196 [ WARN:0@2.106] global grfmt_tiff.cpp:122 TIFF_Warning TIFFReadDirectory: Sum of Photometric type-related color channels and ExtraSamples doesn't match SamplesPerPixel. Defining non-color channels as ExtraSamples.
18.9s 197 [ WARN:0@2.142] global grfmt_tiff.cpp:122 TIFF_Warning TIFFReadDirectory: Sum of Photometric type-related color channels and ExtraSamples doesn't match SamplesPerPixel. Defining non-color channels as ExtraSamples.
18.9s 198 [ WARN:0@2.175] global grfmt_tiff.cpp:122 TIFF_Warning TIFFReadDirectory: Sum of Photometric type-related color channels and ExtraSamples doesn't match SamplesPerPixel. Defining non-color channels as ExtraSamples.
18.9s 199 [ WARN:0@2.215] global grfmt_tiff.cpp:122 TIFF_Warning TIFFReadDirectory: Sum of Photometric type-related color channels and ExtraSamples doesn't match SamplesPerPixel. Defining non-color channels as ExtraSamples.
18.9s 200 [ WARN:0@2.246] global grfmt_tiff.cpp:122 TIFF_Warning TIFFReadDirectory: Sum of Photometric type-related color channels and ExtraSamples doesn't match SamplesPerPixel. Defining non-color channels as ExtraSamples.
18.9s 201 [ WARN:0@2.278] global grfmt_tiff.cpp:122 TIFF_Warning TIFFReadDirectory: Sum of Photometric type-related color channels and ExtraSamples doesn't match SamplesPerPixel. Defining non-color channels as ExtraSamples.
19.0s 202 [ WARN:0@2.312] global grfmt_tiff.cpp:122 TIFF_Warning TIFFReadDirectory: Sum of Photometric type-related color channels and ExtraSamples doesn't match SamplesPerPixel. Defining non-color channels as ExtraSamples.
19.0s 203 [ WARN:0@2.345] global grfmt_tiff.cpp:122 TIFF_Warning TIFFReadDirectory: Sum of Photometric type-related color channels and ExtraSamples doesn't match SamplesPerPixel. Defining non-color channels as ExtraSamples.
19.0s 204 [ WARN:0@2.376] global grfmt_tiff.cpp:122 TIFF_Warning TIFFReadDirectory: Sum of Photometric type-related color channels and ExtraSamples doesn't match SamplesPerPixel. Defining non-color channels as ExtraSamples.
19.1s 205 [ WARN:0@2.411] global grfmt_tiff.cpp:122 TIFF_Warning TIFFReadDirectory: Sum of Photometric type-related color channels and ExtraSamples doesn't match SamplesPerPixel. Defining non-color channels as ExtraSamples.
19.1s 206 [ WARN:0@2.443] global grfmt_tiff.cpp:122 TIFF_Warning TIFFReadDirectory: Sum of Photometric type-related color channels and ExtraSamples doesn't match SamplesPerPixel. Defining non-color channels as ExtraSamples.
19.1s 207 [ WARN:0@2.246] global grfmt_tiff.cpp:122 TIFF_Warning TIFFReadDirectory: Sum of Photometric type-related color channels and ExtraSamples doesn't match SamplesPerPixel. Defining non-color channels as ExtraSamples.
19.1s 208 [ WARN:0@2.278] global grfmt_tiff.cpp:122 TIFF_Warning TIFFReadDirectory: Sum of Photometric type-related color channels and ExtraSamples doesn't match SamplesPerPixel. Defining non-color channels as ExtraSamples.
19.1s 209 [ WARN:0@2.312] global grfmt_tiff.cpp:122 TIFF_Warning TIFFReadDirectory: Sum of Photometric type-related color channels and ExtraSamples doesn't match SamplesPerPixel. Defining non-color channels as ExtraSamples.
19.1s 210 [ WARN:0@2.345] global grfmt_tiff.cpp:122 TIFF_Warning TIFFReadDirectory: Sum of Photometric type-related color channels and ExtraSamples doesn't match SamplesPerPixel. Defining non-color channels as ExtraSamples.
19.1s 211 [ WARN:0@2.376] global grfmt_tiff.cpp:122 TIFF_Warning TIFFReadDirectory: Sum of Photometric type-related color channels and ExtraSamples doesn't match SamplesPerPixel. Defining non-color channels as ExtraSamples.
19.1s 212 [ WARN:0@2.411] global grfmt_tiff.cpp:122 TIFF_Warning TIFFReadDirectory: Sum of Photometric type-related color channels and ExtraSamples doesn't match SamplesPerPixel. Defining non-color channels as ExtraSamples.
19.1s 213 [ WARN:0@2.443] global grfmt_tiff.cpp:122 TIFF_Warning TIFFReadDirectory: Sum of Photometric type-related color channels and ExtraSamples doesn't match SamplesPerPixel. Defining non-color channels as ExtraSamples.
19.1s 214 
19.1s 215 [ WARN:0@2.246] global grfmt_tiff.cpp:122 TIFF_Warning TIFFReadDirectory: Sum of Photometric type-related color channels and ExtraSamples doesn't match SamplesPerPixel. Defining non-color channels as ExtraSamples.
19.1s 216 [ WARN:0@2.278] global grfmt_tiff.cpp:122 TIFF_Warning TIFFReadDirectory: Sum of Photometric type-related color channels and ExtraSamples doesn't match SamplesPerPixel. Defining non-color channels as ExtraSamples.
19.1s 217 [ WARN:0@2.312] global grfmt_tiff.cpp:122 TIFF_Warning TIFFReadDirectory: Sum of Photometric type-related color channels and ExtraSamples doesn't match SamplesPerPixel. Defining non-color channels as ExtraSamples.
19.1s 218 [ WARN:0@2.345] global grfmt_tiff.cpp:122 TIFF_Warning TIFFReadDirectory: Sum of Photometric type-related color channels and ExtraSamples doesn't match SamplesPerPixel. Defining non-color channels as ExtraSamples.
19.1s 219 [ WARN:0@2.376] global grfmt_tiff.cpp:122 TIFF_Warning TIFFReadDirectory: Sum of Photometric type-related color channels and ExtraSamples doesn't match SamplesPerPixel. Defining non-color channels as ExtraSamples.
19.1s 220 [ WARN:0@2.411] global grfmt_tiff.cpp:122 TIFF_Warning TIFFReadDirectory: Sum of Photometric type-related color channels and ExtraSamples doesn't match SamplesPerPixel. Defining non-color channels as ExtraSamples.
19.1s 221 [ WARN:0@2.443] global grfmt_tiff.cpp:122 TIFF_Warning TIFFReadDirectory: Sum of Photometric type-related color channels and ExtraSamples doesn't match SamplesPerPixel. Defining non-color channels as ExtraSamples.
19.1s 222 [ WARN:0@2.477] global grfmt_tiff.cpp:122 TIFF_Warning TIFFReadDirectory: Sum of Photometric type-related color channels and ExtraSamples doesn't match SamplesPerPixel. Defining non-color channels as ExtraSamples.
19.2s 223 [ WARN:0@2.511] global grfmt_tiff.cpp:122 TIFF_Warning TIFFReadDirectory: Sum of Photometric type-related color channels and ExtraSamples doesn't match SamplesPerPixel. Defining non-color channels as ExtraSamples.
19.2s 224 [ WARN:0@2.544] global grfmt_tiff.cpp:122 TIFF_Warning TIFFReadDirectory: Sum of Photometric type-related color channels and ExtraSamples doesn't match SamplesPerPixel. Defining non-color channels as ExtraSamples.
19.2s 225 [ WARN:0@2.575] global grfmt_tiff.cpp:122 TIFF_Warning TIFFReadDirectory: Sum of Photometric type-related color channels and ExtraSamples doesn't match SamplesPerPixel. Defining non-color channels as ExtraSamples.
19.3s 226 [ WARN:0@2.608] global grfmt_tiff.cpp:122 TIFF_Warning TIFFReadDirectory: Sum of Photometric type-related color channels and ExtraSamples doesn't match SamplesPerPixel. Defining non-color channels as ExtraSamples.
19.3s 227 [ WARN:0@2.640] global grfmt_tiff.cpp:122 TIFF_Warning TIFFReadDirectory: Sum of Photometric type-related color channels and ExtraSamples doesn't match SamplesPerPixel. Defining non-color channels as ExtraSamples.
19.3s 228 [ WARN:0@2.672] global grfmt_tiff.cpp:122 TIFF_Warning TIFFReadDirectory: Sum of Photometric type-related color channels and ExtraSamples doesn't match SamplesPerPixel. Defining non-color channels as ExtraSamples.
19.3s 229 [ WARN:0@2.477] global grfmt_tiff.cpp:122 TIFF_Warning TIFFReadDirectory: Sum of Photometric type-related color channels and ExtraSamples doesn't match SamplesPerPixel. Defining non-color channels as ExtraSamples.
19.3s 230 [ WARN:0@2.511] global grfmt_tiff.cpp:122 TIFF_Warning TIFFReadDirectory: Sum of Photometric type-related color channels and ExtraSamples doesn't match SamplesPerPixel. Defining non-color channels as ExtraSamples.
19.3s 231 [ WARN:0@2.544] global grfmt_tiff.cpp:122 TIFF_Warning TIFFReadDirectory: Sum of Photometric type-related color channels and ExtraSamples doesn't match SamplesPerPixel. Defining non-color channels as ExtraSamples.
19.3s 232 [ WARN:0@2.575] global grfmt_tiff.cpp:122 TIFF_Warning TIFFReadDirectory: Sum of Photometric type-related color channels and ExtraSamples doesn't match SamplesPerPixel. Defining non-color channels as ExtraSamples.
19.3s 233 [ WARN:0@2.608] global grfmt_tiff.cpp:122 TIFF_Warning TIFFReadDirectory: Sum of Photometric type-related color channels and ExtraSamples doesn't match SamplesPerPixel. Defining non-color channels as ExtraSamples.
19.3s 234 [ WARN:0@2.640] global grfmt_tiff.cpp:122 TIFF_Warning TIFFReadDirectory: Sum of Photometric type-related color channels and ExtraSamples doesn't match SamplesPerPixel. Defining non-color channels as ExtraSamples.
19.3s 235 [ WARN:0@2.672] global grfmt_tiff.cpp:122 TIFF_Warning TIFFReadDirectory: Sum of Photometric type-related color channels and ExtraSamples doesn't match SamplesPerPixel. Defining non-color channels as ExtraSamples.
19.3s 236 
19.3s 237 [ WARN:0@2.477] global grfmt_tiff.cpp:122 TIFF_Warning TIFFReadDirectory: Sum of Photometric type-related color channels and ExtraSamples doesn't match SamplesPerPixel. Defining non-color channels as ExtraSamples.
19.3s 238 [ WARN:0@2.511] global grfmt_tiff.cpp:122 TIFF_Warning TIFFReadDirectory: Sum of Photometric type-related color channels and ExtraSamples doesn't match SamplesPerPixel. Defining non-color channels as ExtraSamples.
19.3s 239 [ WARN:0@2.544] global grfmt_tiff.cpp:122 TIFF_Warning TIFFReadDirectory: Sum of Photometric type-related color channels and ExtraSamples doesn't match SamplesPerPixel. Defining non-color channels as ExtraSamples.
19.3s 240 [ WARN:0@2.575] global grfmt_tiff.cpp:122 TIFF_Warning TIFFReadDirectory: Sum of Photometric type-related color channels and ExtraSamples doesn't match SamplesPerPixel. Defining non-color channels as ExtraSamples.
19.3s 241 [ WARN:0@2.608] global grfmt_tiff.cpp:122 TIFF_Warning TIFFReadDirectory: Sum of Photometric type-related color channels and ExtraSamples doesn't match SamplesPerPixel. Defining non-color channels as ExtraSamples.
19.3s 242 [ WARN:0@2.640] global grfmt_tiff.cpp:122 TIFF_Warning TIFFReadDirectory: Sum of Photometric type-related color channels and ExtraSamples doesn't match SamplesPerPixel. Defining non-color channels as ExtraSamples.
19.3s 243 [ WARN:0@2.672] global grfmt_tiff.cpp:122 TIFF_Warning TIFFReadDirectory: Sum of Photometric type-related color channels and ExtraSamples doesn't match SamplesPerPixel. Defining non-color channels as ExtraSamples.
19.4s 244 [ WARN:0@2.704] global grfmt_tiff.cpp:122 TIFF_Warning TIFFReadDirectory: Sum of Photometric type-related color channels and ExtraSamples doesn't match SamplesPerPixel. Defining non-color channels as ExtraSamples.
19.4s 245 [ WARN:0@2.737] global grfmt_tiff.cpp:122 TIFF_Warning TIFFReadDirectory: Sum of Photometric type-related color channels and ExtraSamples doesn't match SamplesPerPixel. Defining non-color channels as ExtraSamples.
19.4s 246 [ WARN:0@2.770] global grfmt_tiff.cpp:122 TIFF_Warning TIFFReadDirectory: Sum of Photometric type-related color channels and ExtraSamples doesn't match SamplesPerPixel. Defining non-color channels as ExtraSamples.
19.5s 247 [ WARN:0@2.808] global grfmt_tiff.cpp:122 TIFF_Warning TIFFReadDirectory: Sum of Photometric type-related color channels and ExtraSamples doesn't match SamplesPerPixel. Defining non-color channels as ExtraSamples.
19.5s 248 [ WARN:0@2.846] global grfmt_tiff.cpp:122 TIFF_Warning TIFFReadDirectory: Sum of Photometric type-related color channels and ExtraSamples doesn't match SamplesPerPixel. Defining non-color channels as ExtraSamples.
19.5s 249 [ WARN:0@2.889] global grfmt_tiff.cpp:122 TIFF_Warning TIFFReadDirectory: Sum of Photometric type-related color channels and ExtraSamples doesn't match SamplesPerPixel. Defining non-color channels as ExtraSamples.
19.6s 250 [ WARN:0@2.704] global grfmt_tiff.cpp:122 TIFF_Warning TIFFReadDirectory: Sum of Photometric type-related color channels and ExtraSamples doesn't match SamplesPerPixel. Defining non-color channels as ExtraSamples.
19.6s 251 [ WARN:0@2.737] global grfmt_tiff.cpp:122 TIFF_Warning TIFFReadDirectory: Sum of Photometric type-related color channels and ExtraSamples doesn't match SamplesPerPixel. Defining non-color channels as ExtraSamples.
19.6s 252 [ WARN:0@2.770] global grfmt_tiff.cpp:122 TIFF_Warning TIFFReadDirectory: Sum of Photometric type-related color channels and ExtraSamples doesn't match SamplesPerPixel. Defining non-color channels as ExtraSamples.
19.6s 253 [ WARN:0@2.808] global grfmt_tiff.cpp:122 TIFF_Warning TIFFReadDirectory: Sum of Photometric type-related color channels and ExtraSamples doesn't match SamplesPerPixel. Defining non-color channels as ExtraSamples.
19.6s 254 [ WARN:0@2.846] global grfmt_tiff.cpp:122 TIFF_Warning TIFFReadDirectory: Sum of Photometric type-related color channels and ExtraSamples doesn't match SamplesPerPixel. Defining non-color channels as ExtraSamples.
19.6s 255 [ WARN:0@2.889] global grfmt_tiff.cpp:122 TIFF_Warning TIFFReadDirectory: Sum of Photometric type-related color channels and ExtraSamples doesn't match SamplesPerPixel. Defining non-color channels as ExtraSamples.
19.6s 256 
19.6s 257 [ WARN:0@2.704] global grfmt_tiff.cpp:122 TIFF_Warning TIFFReadDirectory: Sum of Photometric type-related color channels and ExtraSamples doesn't match SamplesPerPixel. Defining non-color channels as ExtraSamples.
19.6s 258 [ WARN:0@2.737] global grfmt_tiff.cpp:122 TIFF_Warning TIFFReadDirectory: Sum of Photometric type-related color channels and ExtraSamples doesn't match SamplesPerPixel. Defining non-color channels as ExtraSamples.
19.6s 259 [ WARN:0@2.770] global grfmt_tiff.cpp:122 TIFF_Warning TIFFReadDirectory: Sum of Photometric type-related color channels and ExtraSamples doesn't match SamplesPerPixel. Defining non-color channels as ExtraSamples.
19.6s 260 [ WARN:0@2.808] global grfmt_tiff.cpp:122 TIFF_Warning TIFFReadDirectory: Sum of Photometric type-related color channels and ExtraSamples doesn't match SamplesPerPixel. Defining non-color channels as ExtraSamples.
19.6s 261 [ WARN:0@2.846] global grfmt_tiff.cpp:122 TIFF_Warning TIFFReadDirectory: Sum of Photometric type-related color channels and ExtraSamples doesn't match SamplesPerPixel. Defining non-color channels as ExtraSamples.
19.6s 262 [ WARN:0@2.889] global grfmt_tiff.cpp:122 TIFF_Warning TIFFReadDirectory: Sum of Photometric type-related color channels and ExtraSamples doesn't match SamplesPerPixel. Defining non-color channels as ExtraSamples.
19.6s 263 [ WARN:0@2.928] global grfmt_tiff.cpp:122 TIFF_Warning TIFFReadDirectory: Sum of Photometric type-related color channels and ExtraSamples doesn't match SamplesPerPixel. Defining non-color channels as ExtraSamples.
19.6s 264 [ WARN:0@2.961] global grfmt_tiff.cpp:122 TIFF_Warning TIFFReadDirectory: Sum of Photometric type-related color channels and ExtraSamples doesn't match SamplesPerPixel. Defining non-color channels as ExtraSamples.
19.6s 265 [ WARN:0@2.990] global grfmt_tiff.cpp:122 TIFF_Warning TIFFReadDirectory: Sum of Photometric type-related color channels and ExtraSamples doesn't match SamplesPerPixel. Defining non-color channels as ExtraSamples.
19.7s 266 [ WARN:0@3.024] global grfmt_tiff.cpp:122 TIFF_Warning TIFFReadDirectory: Sum of Photometric type-related color channels and ExtraSamples doesn't match SamplesPerPixel. Defining non-color channels as ExtraSamples.
19.7s 267 [ WARN:0@3.073] global grfmt_tiff.cpp:122 TIFF_Warning TIFFReadDirectory: Sum of Photometric type-related color channels and ExtraSamples doesn't match SamplesPerPixel. Defining non-color channels as ExtraSamples.
19.8s 268 [ WARN:0@3.120] global grfmt_tiff.cpp:122 TIFF_Warning TIFFReadDirectory: Sum of Photometric type-related color channels and ExtraSamples doesn't match SamplesPerPixel. Defining non-color channels as ExtraSamples.
19.8s 269 [ WARN:0@2.928] global grfmt_tiff.cpp:122 TIFF_Warning TIFFReadDirectory: Sum of Photometric type-related color channels and ExtraSamples doesn't match SamplesPerPixel. Defining non-color channels as ExtraSamples.
19.8s 270 [ WARN:0@2.961] global grfmt_tiff.cpp:122 TIFF_Warning TIFFReadDirectory: Sum of Photometric type-related color channels and ExtraSamples doesn't match SamplesPerPixel. Defining non-color channels as ExtraSamples.
19.8s 271 [ WARN:0@2.990] global grfmt_tiff.cpp:122 TIFF_Warning TIFFReadDirectory: Sum of Photometric type-related color channels and ExtraSamples doesn't match SamplesPerPixel. Defining non-color channels as ExtraSamples.
19.8s 272 [ WARN:0@3.024] global grfmt_tiff.cpp:122 TIFF_Warning TIFFReadDirectory: Sum of Photometric type-related color channels and ExtraSamples doesn't match SamplesPerPixel. Defining non-color channels as ExtraSamples.
19.8s 273 [ WARN:0@3.073] global grfmt_tiff.cpp:122 TIFF_Warning TIFFReadDirectory: Sum of Photometric type-related color channels and ExtraSamples doesn't match SamplesPerPixel. Defining non-color channels as ExtraSamples.
19.8s 274 [ WARN:0@3.120] global grfmt_tiff.cpp:122 TIFF_Warning TIFFReadDirectory: Sum of Photometric type-related color channels and ExtraSamples doesn't match SamplesPerPixel. Defining non-color channels as ExtraSamples.
19.8s 275 
19.8s 276 [ WARN:0@2.928] global grfmt_tiff.cpp:122 TIFF_Warning TIFFReadDirectory: Sum of Photometric type-related color channels and ExtraSamples doesn't match SamplesPerPixel. Defining non-color channels as ExtraSamples.
19.8s 277 [ WARN:0@2.961] global grfmt_tiff.cpp:122 TIFF_Warning TIFFReadDirectory: Sum of Photometric type-related color channels and ExtraSamples doesn't match SamplesPerPixel. Defining non-color channels as ExtraSamples.
19.8s 278 [ WARN:0@2.990] global grfmt_tiff.cpp:122 TIFF_Warning TIFFReadDirectory: Sum of Photometric type-related color channels and ExtraSamples doesn't match SamplesPerPixel. Defining non-color channels as ExtraSamples.
19.8s 279 [ WARN:0@3.024] global grfmt_tiff.cpp:122 TIFF_Warning TIFFReadDirectory: Sum of Photometric type-related color channels and ExtraSamples doesn't match SamplesPerPixel. Defining non-color channels as ExtraSamples.
19.8s 280 [ WARN:0@3.073] global grfmt_tiff.cpp:122 TIFF_Warning TIFFReadDirectory: Sum of Photometric type-related color channels and ExtraSamples doesn't match SamplesPerPixel. Defining non-color channels as ExtraSamples.
19.8s 281 [ WARN:0@3.120] global grfmt_tiff.cpp:122 TIFF_Warning TIFFReadDirectory: Sum of Photometric type-related color channels and ExtraSamples doesn't match SamplesPerPixel. Defining non-color channels as ExtraSamples.
19.8s 282 [ WARN:0@3.152] global grfmt_tiff.cpp:122 TIFF_Warning TIFFReadDirectory: Sum of Photometric type-related color channels and ExtraSamples doesn't match SamplesPerPixel. Defining non-color channels as ExtraSamples.
19.8s 283 [ WARN:0@3.187] global grfmt_tiff.cpp:122 TIFF_Warning TIFFReadDirectory: Sum of Photometric type-related color channels and ExtraSamples doesn't match SamplesPerPixel. Defining non-color channels as ExtraSamples.
19.9s 284 [ WARN:0@3.217] global grfmt_tiff.cpp:122 TIFF_Warning TIFFReadDirectory: Sum of Photometric type-related color channels and ExtraSamples doesn't match SamplesPerPixel. Defining non-color channels as ExtraSamples.
19.9s 285 [ WARN:0@3.249] global grfmt_tiff.cpp:122 TIFF_Warning TIFFReadDirectory: Sum of Photometric type-related color channels and ExtraSamples doesn't match SamplesPerPixel. Defining non-color channels as ExtraSamples.
19.9s 286 [ WARN:0@3.278] global grfmt_tiff.cpp:122 TIFF_Warning TIFFReadDirectory: Sum of Photometric type-related color channels and ExtraSamples doesn't match SamplesPerPixel. Defining non-color channels as ExtraSamples.
20.0s 287 [ WARN:0@3.311] global grfmt_tiff.cpp:122 TIFF_Warning TIFFReadDirectory: Sum of Photometric type-related color channels and ExtraSamples doesn't match SamplesPerPixel. Defining non-color channels as ExtraSamples.
20.0s 288 [ WARN:0@3.347] global grfmt_tiff.cpp:122 TIFF_Warning TIFFReadDirectory: Sum of Photometric type-related color channels and ExtraSamples doesn't match SamplesPerPixel. Defining non-color channels as ExtraSamples.
20.0s 289 [ WARN:0@3.152] global grfmt_tiff.cpp:122 TIFF_Warning TIFFReadDirectory: Sum of Photometric type-related color channels and ExtraSamples doesn't match SamplesPerPixel. Defining non-color channels as ExtraSamples.
20.0s 290 [ WARN:0@3.187] global grfmt_tiff.cpp:122 TIFF_Warning TIFFReadDirectory: Sum of Photometric type-related color channels and ExtraSamples doesn't match SamplesPerPixel. Defining non-color channels as ExtraSamples.
20.0s 291 [ WARN:0@3.217] global grfmt_tiff.cpp:122 TIFF_Warning TIFFReadDirectory: Sum of Photometric type-related color channels and ExtraSamples doesn't match SamplesPerPixel. Defining non-color channels as ExtraSamples.
20.0s 292 [ WARN:0@3.249] global grfmt_tiff.cpp:122 TIFF_Warning TIFFReadDirectory: Sum of Photometric type-related color channels and ExtraSamples doesn't match SamplesPerPixel. Defining non-color channels as ExtraSamples.
20.0s 293 [ WARN:0@3.278] global grfmt_tiff.cpp:122 TIFF_Warning TIFFReadDirectory: Sum of Photometric type-related color channels and ExtraSamples doesn't match SamplesPerPixel. Defining non-color channels as ExtraSamples.
20.0s 294 [ WARN:0@3.311] global grfmt_tiff.cpp:122 TIFF_Warning TIFFReadDirectory: Sum of Photometric type-related color channels and ExtraSamples doesn't match SamplesPerPixel. Defining non-color channels as ExtraSamples.
20.0s 295 [ WARN:0@3.347] global grfmt_tiff.cpp:122 TIFF_Warning TIFFReadDirectory: Sum of Photometric type-related color channels and ExtraSamples doesn't match SamplesPerPixel. Defining non-color channels as ExtraSamples.
20.0s 296 
20.0s 297 [ WARN:0@3.152] global grfmt_tiff.cpp:122 TIFF_Warning TIFFReadDirectory: Sum of Photometric type-related color channels and ExtraSamples doesn't match SamplesPerPixel. Defining non-color channels as ExtraSamples.
20.0s 298 [ WARN:0@3.187] global grfmt_tiff.cpp:122 TIFF_Warning TIFFReadDirectory: Sum of Photometric type-related color channels and ExtraSamples doesn't match SamplesPerPixel. Defining non-color channels as ExtraSamples.
20.0s 299 [ WARN:0@3.217] global grfmt_tiff.cpp:122 TIFF_Warning TIFFReadDirectory: Sum of Photometric type-related color channels and ExtraSamples doesn't match SamplesPerPixel. Defining non-color channels as ExtraSamples.
20.0s 300 [ WARN:0@3.249] global grfmt_tiff.cpp:122 TIFF_Warning TIFFReadDirectory: Sum of Photometric type-related color channels and ExtraSamples doesn't match SamplesPerPixel. Defining non-color channels as ExtraSamples.
20.0s 301 [ WARN:0@3.278] global grfmt_tiff.cpp:122 TIFF_Warning TIFFReadDirectory: Sum of Photometric type-related color channels and ExtraSamples doesn't match SamplesPerPixel. Defining non-color channels as ExtraSamples.
20.0s 302 [ WARN:0@3.311] global grfmt_tiff.cpp:122 TIFF_Warning TIFFReadDirectory: Sum of Photometric type-related color channels and ExtraSamples doesn't match SamplesPerPixel. Defining non-color channels as ExtraSamples.
20.0s 303 [ WARN:0@3.347] global grfmt_tiff.cpp:122 TIFF_Warning TIFFReadDirectory: Sum of Photometric type-related color channels and ExtraSamples doesn't match SamplesPerPixel. Defining non-color channels as ExtraSamples.
20.0s 304 [ WARN:0@3.379] global grfmt_tiff.cpp:122 TIFF_Warning TIFFReadDirectory: Sum of Photometric type-related color channels and ExtraSamples doesn't match SamplesPerPixel. Defining non-color channels as ExtraSamples.
20.1s 305 [ WARN:0@3.409] global grfmt_tiff.cpp:122 TIFF_Warning TIFFReadDirectory: Sum of Photometric type-related color channels and ExtraSamples doesn't match SamplesPerPixel. Defining non-color channels as ExtraSamples.
20.1s 306 [ WARN:0@3.441] global grfmt_tiff.cpp:122 TIFF_Warning TIFFReadDirectory: Sum of Photometric type-related color channels and ExtraSamples doesn't match SamplesPerPixel. Defining non-color channels as ExtraSamples.
20.1s 307 [ WARN:0@3.475] global grfmt_tiff.cpp:122 TIFF_Warning TIFFReadDirectory: Sum of Photometric type-related color channels and ExtraSamples doesn't match SamplesPerPixel. Defining non-color channels as ExtraSamples.
20.2s 308 [ WARN:0@3.504] global grfmt_tiff.cpp:122 TIFF_Warning TIFFReadDirectory: Sum of Photometric type-related color channels and ExtraSamples doesn't match SamplesPerPixel. Defining non-color channels as ExtraSamples.
20.2s 309 [ WARN:0@3.542] global grfmt_tiff.cpp:122 TIFF_Warning TIFFReadDirectory: Sum of Photometric type-related color channels and ExtraSamples doesn't match SamplesPerPixel. Defining non-color channels as ExtraSamples.
20.2s 310 [ WARN:0@3.574] global grfmt_tiff.cpp:122 TIFF_Warning TIFFReadDirectory: Sum of Photometric type-related color channels and ExtraSamples doesn't match SamplesPerPixel. Defining non-color channels as ExtraSamples.
20.2s 311 [ WARN:0@3.379] global grfmt_tiff.cpp:122 TIFF_Warning TIFFReadDirectory: Sum of Photometric type-related color channels and ExtraSamples doesn't match SamplesPerPixel. Defining non-color channels as ExtraSamples.
20.2s 312 [ WARN:0@3.409] global grfmt_tiff.cpp:122 TIFF_Warning TIFFReadDirectory: Sum of Photometric type-related color channels and ExtraSamples doesn't match SamplesPerPixel. Defining non-color channels as ExtraSamples.
20.2s 313 [ WARN:0@3.441] global grfmt_tiff.cpp:122 TIFF_Warning TIFFReadDirectory: Sum of Photometric type-related color channels and ExtraSamples doesn't match SamplesPerPixel. Defining non-color channels as ExtraSamples.
20.2s 314 [ WARN:0@3.475] global grfmt_tiff.cpp:122 TIFF_Warning TIFFReadDirectory: Sum of Photometric type-related color channels and ExtraSamples doesn't match SamplesPerPixel. Defining non-color channels as ExtraSamples.
20.2s 315 [ WARN:0@3.504] global grfmt_tiff.cpp:122 TIFF_Warning TIFFReadDirectory: Sum of Photometric type-related color channels and ExtraSamples doesn't match SamplesPerPixel. Defining non-color channels as ExtraSamples.
20.2s 316 [ WARN:0@3.542] global grfmt_tiff.cpp:122 TIFF_Warning TIFFReadDirectory: Sum of Photometric type-related color channels and ExtraSamples doesn't match SamplesPerPixel. Defining non-color channels as ExtraSamples.
20.2s 317 [ WARN:0@3.574] global grfmt_tiff.cpp:122 TIFF_Warning TIFFReadDirectory: Sum of Photometric type-related color channels and ExtraSamples doesn't match SamplesPerPixel. Defining non-color channels as ExtraSamples.
20.2s 318 
20.2s 319 [ WARN:0@3.379] global grfmt_tiff.cpp:122 TIFF_Warning TIFFReadDirectory: Sum of Photometric type-related color channels and ExtraSamples doesn't match SamplesPerPixel. Defining non-color channels as ExtraSamples.
20.2s 320 [ WARN:0@3.409] global grfmt_tiff.cpp:122 TIFF_Warning TIFFReadDirectory: Sum of Photometric type-related color channels and ExtraSamples doesn't match SamplesPerPixel. Defining non-color channels as ExtraSamples.
20.2s 321 [ WARN:0@3.441] global grfmt_tiff.cpp:122 TIFF_Warning TIFFReadDirectory: Sum of Photometric type-related color channels and ExtraSamples doesn't match SamplesPerPixel. Defining non-color channels as ExtraSamples.
20.2s 322 [ WARN:0@3.475] global grfmt_tiff.cpp:122 TIFF_Warning TIFFReadDirectory: Sum of Photometric type-related color channels and ExtraSamples doesn't match SamplesPerPixel. Defining non-color channels as ExtraSamples.
20.2s 323 [ WARN:0@3.504] global grfmt_tiff.cpp:122 TIFF_Warning TIFFReadDirectory: Sum of Photometric type-related color channels and ExtraSamples doesn't match SamplesPerPixel. Defining non-color channels as ExtraSamples.
20.2s 324 [ WARN:0@3.542] global grfmt_tiff.cpp:122 TIFF_Warning TIFFReadDirectory: Sum of Photometric type-related color channels and ExtraSamples doesn't match SamplesPerPixel. Defining non-color channels as ExtraSamples.
20.2s 325 [ WARN:0@3.574] global grfmt_tiff.cpp:122 TIFF_Warning TIFFReadDirectory: Sum of Photometric type-related color channels and ExtraSamples doesn't match SamplesPerPixel. Defining non-color channels as ExtraSamples.
20.3s 326 [ WARN:0@3.607] global grfmt_tiff.cpp:122 TIFF_Warning TIFFReadDirectory: Sum of Photometric type-related color channels and ExtraSamples doesn't match SamplesPerPixel. Defining non-color channels as ExtraSamples.
20.3s 327 [ WARN:0@3.638] global grfmt_tiff.cpp:122 TIFF_Warning TIFFReadDirectory: Sum of Photometric type-related color channels and ExtraSamples doesn't match SamplesPerPixel. Defining non-color channels as ExtraSamples.
20.3s 328 [ WARN:0@3.666] global grfmt_tiff.cpp:122 TIFF_Warning TIFFReadDirectory: Sum of Photometric type-related color channels and ExtraSamples doesn't match SamplesPerPixel. Defining non-color channels as ExtraSamples.
20.4s 329 [ WARN:0@3.699] global grfmt_tiff.cpp:122 TIFF_Warning TIFFReadDirectory: Sum of Photometric type-related color channels and ExtraSamples doesn't match SamplesPerPixel. Defining non-color channels as ExtraSamples.
20.4s 330 [ WARN:0@3.744] global grfmt_tiff.cpp:122 TIFF_Warning TIFFReadDirectory: Sum of Photometric type-related color channels and ExtraSamples doesn't match SamplesPerPixel. Defining non-color channels as ExtraSamples.
20.4s 331 [ WARN:0@3.778] global grfmt_tiff.cpp:122 TIFF_Warning TIFFReadDirectory: Sum of Photometric type-related color channels and ExtraSamples doesn't match SamplesPerPixel. Defining non-color channels as ExtraSamples.
20.5s 332 [ WARN:0@3.607] global grfmt_tiff.cpp:122 TIFF_Warning TIFFReadDirectory: Sum of Photometric type-related color channels and ExtraSamples doesn't match SamplesPerPixel. Defining non-color channels as ExtraSamples.
20.5s 333 [ WARN:0@3.638] global grfmt_tiff.cpp:122 TIFF_Warning TIFFReadDirectory: Sum of Photometric type-related color channels and ExtraSamples doesn't match SamplesPerPixel. Defining non-color channels as ExtraSamples.
20.5s 334 [ WARN:0@3.666] global grfmt_tiff.cpp:122 TIFF_Warning TIFFReadDirectory: Sum of Photometric type-related color channels and ExtraSamples doesn't match SamplesPerPixel. Defining non-color channels as ExtraSamples.
20.5s 335 [ WARN:0@3.699] global grfmt_tiff.cpp:122 TIFF_Warning TIFFReadDirectory: Sum of Photometric type-related color channels and ExtraSamples doesn't match SamplesPerPixel. Defining non-color channels as ExtraSamples.
20.5s 336 [ WARN:0@3.744] global grfmt_tiff.cpp:122 TIFF_Warning TIFFReadDirectory: Sum of Photometric type-related color channels and ExtraSamples doesn't match SamplesPerPixel. Defining non-color channels as ExtraSamples.
20.5s 337 [ WARN:0@3.778] global grfmt_tiff.cpp:122 TIFF_Warning TIFFReadDirectory: Sum of Photometric type-related color channels and ExtraSamples doesn't match SamplesPerPixel. Defining non-color channels as ExtraSamples.
20.5s 338 
20.5s 339 [ WARN:0@3.607] global grfmt_tiff.cpp:122 TIFF_Warning TIFFReadDirectory: Sum of Photometric type-related color channels and ExtraSamples doesn't match SamplesPerPixel. Defining non-color channels as ExtraSamples.
20.5s 340 [ WARN:0@3.638] global grfmt_tiff.cpp:122 TIFF_Warning TIFFReadDirectory: Sum of Photometric type-related color channels and ExtraSamples doesn't match SamplesPerPixel. Defining non-color channels as ExtraSamples.
20.5s 341 [ WARN:0@3.666] global grfmt_tiff.cpp:122 TIFF_Warning TIFFReadDirectory: Sum of Photometric type-related color channels and ExtraSamples doesn't match SamplesPerPixel. Defining non-color channels as ExtraSamples.
20.5s 342 [ WARN:0@3.699] global grfmt_tiff.cpp:122 TIFF_Warning TIFFReadDirectory: Sum of Photometric type-related color channels and ExtraSamples doesn't match SamplesPerPixel. Defining non-color channels as ExtraSamples.
20.5s 343 [ WARN:0@3.744] global grfmt_tiff.cpp:122 TIFF_Warning TIFFReadDirectory: Sum of Photometric type-related color channels and ExtraSamples doesn't match SamplesPerPixel. Defining non-color channels as ExtraSamples.
20.5s 344 [ WARN:0@3.778] global grfmt_tiff.cpp:122 TIFF_Warning TIFFReadDirectory: Sum of Photometric type-related color channels and ExtraSamples doesn't match SamplesPerPixel. Defining non-color channels as ExtraSamples.
20.5s 345 [ WARN:0@3.812] global grfmt_tiff.cpp:122 TIFF_Warning TIFFReadDirectory: Sum of Photometric type-related color channels and ExtraSamples doesn't match SamplesPerPixel. Defining non-color channels as ExtraSamples.
20.5s 346 [ WARN:0@3.848] global grfmt_tiff.cpp:122 TIFF_Warning TIFFReadDirectory: Sum of Photometric type-related color channels and ExtraSamples doesn't match SamplesPerPixel. Defining non-color channels as ExtraSamples.
20.5s 347 [ WARN:0@3.878] global grfmt_tiff.cpp:122 TIFF_Warning TIFFReadDirectory: Sum of Photometric type-related color channels and ExtraSamples doesn't match SamplesPerPixel. Defining non-color channels as ExtraSamples.
20.6s 348 [ WARN:0@3.911] global grfmt_tiff.cpp:122 TIFF_Warning TIFFReadDirectory: Sum of Photometric type-related color channels and ExtraSamples doesn't match SamplesPerPixel. Defining non-color channels as ExtraSamples.
20.6s 349 [ WARN:0@3.942] global grfmt_tiff.cpp:122 TIFF_Warning TIFFReadDirectory: Sum of Photometric type-related color channels and ExtraSamples doesn't match SamplesPerPixel. Defining non-color channels as ExtraSamples.
20.6s 350 [ WARN:0@3.973] global grfmt_tiff.cpp:122 TIFF_Warning TIFFReadDirectory: Sum of Photometric type-related color channels and ExtraSamples doesn't match SamplesPerPixel. Defining non-color channels as ExtraSamples.
20.7s 351 [ WARN:0@3.812] global grfmt_tiff.cpp:122 TIFF_Warning TIFFReadDirectory: Sum of Photometric type-related color channels and ExtraSamples doesn't match SamplesPerPixel. Defining non-color channels as ExtraSamples.
20.7s 352 [ WARN:0@3.848] global grfmt_tiff.cpp:122 TIFF_Warning TIFFReadDirectory: Sum of Photometric type-related color channels and ExtraSamples doesn't match SamplesPerPixel. Defining non-color channels as ExtraSamples.
20.7s 353 [ WARN:0@3.878] global grfmt_tiff.cpp:122 TIFF_Warning TIFFReadDirectory: Sum of Photometric type-related color channels and ExtraSamples doesn't match SamplesPerPixel. Defining non-color channels as ExtraSamples.
20.7s 354 [ WARN:0@3.911] global grfmt_tiff.cpp:122 TIFF_Warning TIFFReadDirectory: Sum of Photometric type-related color channels and ExtraSamples doesn't match SamplesPerPixel. Defining non-color channels as ExtraSamples.
20.7s 355 [ WARN:0@3.942] global grfmt_tiff.cpp:122 TIFF_Warning TIFFReadDirectory: Sum of Photometric type-related color channels and ExtraSamples doesn't match SamplesPerPixel. Defining non-color channels as ExtraSamples.
20.7s 356 [ WARN:0@3.973] global grfmt_tiff.cpp:122 TIFF_Warning TIFFReadDirectory: Sum of Photometric type-related color channels and ExtraSamples doesn't match SamplesPerPixel. Defining non-color channels as ExtraSamples.
20.7s 357 
20.7s 358 [ WARN:0@3.812] global grfmt_tiff.cpp:122 TIFF_Warning TIFFReadDirectory: Sum of Photometric type-related color channels and ExtraSamples doesn't match SamplesPerPixel. Defining non-color channels as ExtraSamples.
20.7s 359 [ WARN:0@3.848] global grfmt_tiff.cpp:122 TIFF_Warning TIFFReadDirectory: Sum of Photometric type-related color channels and ExtraSamples doesn't match SamplesPerPixel. Defining non-color channels as ExtraSamples.
20.7s 360 [ WARN:0@3.878] global grfmt_tiff.cpp:122 TIFF_Warning TIFFReadDirectory: Sum of Photometric type-related color channels and ExtraSamples doesn't match SamplesPerPixel. Defining non-color channels as ExtraSamples.
20.7s 361 [ WARN:0@3.911] global grfmt_tiff.cpp:122 TIFF_Warning TIFFReadDirectory: Sum of Photometric type-related color channels and ExtraSamples doesn't match SamplesPerPixel. Defining non-color channels as ExtraSamples.
20.7s 362 [ WARN:0@3.942] global grfmt_tiff.cpp:122 TIFF_Warning TIFFReadDirectory: Sum of Photometric type-related color channels and ExtraSamples doesn't match SamplesPerPixel. Defining non-color channels as ExtraSamples.
20.7s 363 [ WARN:0@3.973] global grfmt_tiff.cpp:122 TIFF_Warning TIFFReadDirectory: Sum of Photometric type-related color channels and ExtraSamples doesn't match SamplesPerPixel. Defining non-color channels as ExtraSamples.
20.7s 364 [ WARN:0@4.022] global grfmt_tiff.cpp:122 TIFF_Warning TIFFReadDirectory: Sum of Photometric type-related color channels and ExtraSamples doesn't match SamplesPerPixel. Defining non-color channels as ExtraSamples.
20.7s 365 [ WARN:0@4.058] global grfmt_tiff.cpp:122 TIFF_Warning TIFFReadDirectory: Sum of Photometric type-related color channels and ExtraSamples doesn't match SamplesPerPixel. Defining non-color channels as ExtraSamples.
20.7s 366 [ WARN:0@4.089] global grfmt_tiff.cpp:122 TIFF_Warning TIFFReadDirectory: Sum of Photometric type-related color channels and ExtraSamples doesn't match SamplesPerPixel. Defining non-color channels as ExtraSamples.
20.8s 367 [ WARN:0@4.123] global grfmt_tiff.cpp:122 TIFF_Warning TIFFReadDirectory: Sum of Photometric type-related color channels and ExtraSamples doesn't match SamplesPerPixel. Defining non-color channels as ExtraSamples.
20.8s 368 [ WARN:0@4.164] global grfmt_tiff.cpp:122 TIFF_Warning TIFFReadDirectory: Sum of Photometric type-related color channels and ExtraSamples doesn't match SamplesPerPixel. Defining non-color channels as ExtraSamples.
20.8s 369 [ WARN:0@4.195] global grfmt_tiff.cpp:122 TIFF_Warning TIFFReadDirectory: Sum of Photometric type-related color channels and ExtraSamples doesn't match SamplesPerPixel. Defining non-color channels as ExtraSamples.
20.9s 370 [ WARN:0@4.223] global grfmt_tiff.cpp:122 TIFF_Warning TIFFReadDirectory: Sum of Photometric type-related color channels and ExtraSamples doesn't match SamplesPerPixel. Defining non-color channels as ExtraSamples.
20.9s 371 [ WARN:0@4.022] global grfmt_tiff.cpp:122 TIFF_Warning TIFFReadDirectory: Sum of Photometric type-related color channels and ExtraSamples doesn't match SamplesPerPixel. Defining non-color channels as ExtraSamples.
20.9s 372 [ WARN:0@4.058] global grfmt_tiff.cpp:122 TIFF_Warning TIFFReadDirectory: Sum of Photometric type-related color channels and ExtraSamples doesn't match SamplesPerPixel. Defining non-color channels as ExtraSamples.
20.9s 373 [ WARN:0@4.089] global grfmt_tiff.cpp:122 TIFF_Warning TIFFReadDirectory: Sum of Photometric type-related color channels and ExtraSamples doesn't match SamplesPerPixel. Defining non-color channels as ExtraSamples.
20.9s 374 [ WARN:0@4.123] global grfmt_tiff.cpp:122 TIFF_Warning TIFFReadDirectory: Sum of Photometric type-related color channels and ExtraSamples doesn't match SamplesPerPixel. Defining non-color channels as ExtraSamples.
20.9s 375 [ WARN:0@4.164] global grfmt_tiff.cpp:122 TIFF_Warning TIFFReadDirectory: Sum of Photometric type-related color channels and ExtraSamples doesn't match SamplesPerPixel. Defining non-color channels as ExtraSamples.
20.9s 376 [ WARN:0@4.195] global grfmt_tiff.cpp:122 TIFF_Warning TIFFReadDirectory: Sum of Photometric type-related color channels and ExtraSamples doesn't match SamplesPerPixel. Defining non-color channels as ExtraSamples.
20.9s 377 
20.9s 378 [ WARN:0@4.022] global grfmt_tiff.cpp:122 TIFF_Warning TIFFReadDirectory: Sum of Photometric type-related color channels and ExtraSamples doesn't match SamplesPerPixel. Defining non-color channels as ExtraSamples.
20.9s 379 [ WARN:0@4.058] global grfmt_tiff.cpp:122 TIFF_Warning TIFFReadDirectory: Sum of Photometric type-related color channels and ExtraSamples doesn't match SamplesPerPixel. Defining non-color channels as ExtraSamples.
20.9s 380 [ WARN:0@4.089] global grfmt_tiff.cpp:122 TIFF_Warning TIFFReadDirectory: Sum of Photometric type-related color channels and ExtraSamples doesn't match SamplesPerPixel. Defining non-color channels as ExtraSamples.
20.9s 381 [ WARN:0@4.123] global grfmt_tiff.cpp:122 TIFF_Warning TIFFReadDirectory: Sum of Photometric type-related color channels and ExtraSamples doesn't match SamplesPerPixel. Defining non-color channels as ExtraSamples.
20.9s 382 [ WARN:0@4.164] global grfmt_tiff.cpp:122 TIFF_Warning TIFFReadDirectory: Sum of Photometric type-related color channels and ExtraSamples doesn't match SamplesPerPixel. Defining non-color channels as ExtraSamples.
20.9s 383 [ WARN:0@4.195] global grfmt_tiff.cpp:122 TIFF_Warning TIFFReadDirectory: Sum of Photometric type-related color channels and ExtraSamples doesn't match SamplesPerPixel. Defining non-color channels as ExtraSamples.
20.9s 384 [ WARN:0@4.256] global grfmt_tiff.cpp:122 TIFF_Warning TIFFReadDirectory: Sum of Photometric type-related color channels and ExtraSamples doesn't match SamplesPerPixel. Defining non-color channels as ExtraSamples.
20.9s 385 [ WARN:0@4.287] global grfmt_tiff.cpp:122 TIFF_Warning TIFFReadDirectory: Sum of Photometric type-related color channels and ExtraSamples doesn't match SamplesPerPixel. Defining non-color channels as ExtraSamples.
21.0s 386 [ WARN:0@4.317] global grfmt_tiff.cpp:122 TIFF_Warning TIFFReadDirectory: Sum of Photometric type-related color channels and ExtraSamples doesn't match SamplesPerPixel. Defining non-color channels as ExtraSamples.
21.0s 387 [ WARN:0@4.347] global grfmt_tiff.cpp:122 TIFF_Warning TIFFReadDirectory: Sum of Photometric type-related color channels and ExtraSamples doesn't match SamplesPerPixel. Defining non-color channels as ExtraSamples.
21.0s 388 [ WARN:0@4.376] global grfmt_tiff.cpp:122 TIFF_Warning TIFFReadDirectory: Sum of Photometric type-related color channels and ExtraSamples doesn't match SamplesPerPixel. Defining non-color channels as ExtraSamples.
21.1s 389 [ WARN:0@4.406] global grfmt_tiff.cpp:122 TIFF_Warning TIFFReadDirectory: Sum of Photometric type-related color channels and ExtraSamples doesn't match SamplesPerPixel. Defining non-color channels as ExtraSamples.
21.1s 390 [ WARN:0@4.223] global grfmt_tiff.cpp:122 TIFF_Warning TIFFReadDirectory: Sum of Photometric type-related color channels and ExtraSamples doesn't match SamplesPerPixel. Defining non-color channels as ExtraSamples.
21.1s 391 [ WARN:0@4.256] global grfmt_tiff.cpp:122 TIFF_Warning TIFFReadDirectory: Sum of Photometric type-related color channels and ExtraSamples doesn't match SamplesPerPixel. Defining non-color channels as ExtraSamples.
21.1s 392 [ WARN:0@4.287] global grfmt_tiff.cpp:122 TIFF_Warning TIFFReadDirectory: Sum of Photometric type-related color channels and ExtraSamples doesn't match SamplesPerPixel. Defining non-color channels as ExtraSamples.
21.1s 393 [ WARN:0@4.317] global grfmt_tiff.cpp:122 TIFF_Warning TIFFReadDirectory: Sum of Photometric type-related color channels and ExtraSamples doesn't match SamplesPerPixel. Defining non-color channels as ExtraSamples.
21.1s 394 [ WARN:0@4.347] global grfmt_tiff.cpp:122 TIFF_Warning TIFFReadDirectory: Sum of Photometric type-related color channels and ExtraSamples doesn't match SamplesPerPixel. Defining non-color channels as ExtraSamples.
21.1s 395 [ WARN:0@4.376] global grfmt_tiff.cpp:122 TIFF_Warning TIFFReadDirectory: Sum of Photometric type-related color channels and ExtraSamples doesn't match SamplesPerPixel. Defining non-color channels as ExtraSamples.
21.1s 396 [ WARN:0@4.406] global grfmt_tiff.cpp:122 TIFF_Warning TIFFReadDirectory: Sum of Photometric type-related color channels and ExtraSamples doesn't match SamplesPerPixel. Defining non-color channels as ExtraSamples.
21.1s 397 
21.1s 398 [ WARN:0@4.223] global grfmt_tiff.cpp:122 TIFF_Warning TIFFReadDirectory: Sum of Photometric type-related color channels and ExtraSamples doesn't match SamplesPerPixel. Defining non-color channels as ExtraSamples.
21.1s 399 [ WARN:0@4.256] global grfmt_tiff.cpp:122 TIFF_Warning TIFFReadDirectory: Sum of Photometric type-related color channels and ExtraSamples doesn't match SamplesPerPixel. Defining non-color channels as ExtraSamples.
21.1s 400 [ WARN:0@4.287] global grfmt_tiff.cpp:122 TIFF_Warning TIFFReadDirectory: Sum of Photometric type-related color channels and ExtraSamples doesn't match SamplesPerPixel. Defining non-color channels as ExtraSamples.
21.1s 401 [ WARN:0@4.317] global grfmt_tiff.cpp:122 TIFF_Warning TIFFReadDirectory: Sum of Photometric type-related color channels and ExtraSamples doesn't match SamplesPerPixel. Defining non-color channels as ExtraSamples.
21.1s 402 [ WARN:0@4.347] global grfmt_tiff.cpp:122 TIFF_Warning TIFFReadDirectory: Sum of Photometric type-related color channels and ExtraSamples doesn't match SamplesPerPixel. Defining non-color channels as ExtraSamples.
21.1s 403 [ WARN:0@4.376] global grfmt_tiff.cpp:122 TIFF_Warning TIFFReadDirectory: Sum of Photometric type-related color channels and ExtraSamples doesn't match SamplesPerPixel. Defining non-color channels as ExtraSamples.
21.1s 404 [ WARN:0@4.406] global grfmt_tiff.cpp:122 TIFF_Warning TIFFReadDirectory: Sum of Photometric type-related color channels and ExtraSamples doesn't match SamplesPerPixel. Defining non-color channels as ExtraSamples.
21.1s 405 [ WARN:0@4.439] global grfmt_tiff.cpp:122 TIFF_Warning TIFFReadDirectory: Sum of Photometric type-related color channels and ExtraSamples doesn't match SamplesPerPixel. Defining non-color channels as ExtraSamples.
21.1s 406 [ WARN:0@4.466] global grfmt_tiff.cpp:122 TIFF_Warning TIFFReadDirectory: Sum of Photometric type-related color channels and ExtraSamples doesn't match SamplesPerPixel. Defining non-color channels as ExtraSamples.
21.2s 407 [ WARN:0@4.501] global grfmt_tiff.cpp:122 TIFF_Warning TIFFReadDirectory: Sum of Photometric type-related color channels and ExtraSamples doesn't match SamplesPerPixel. Defining non-color channels as ExtraSamples.
21.2s 408 [ WARN:0@4.537] global grfmt_tiff.cpp:122 TIFF_Warning TIFFReadDirectory: Sum of Photometric type-related color channels and ExtraSamples doesn't match SamplesPerPixel. Defining non-color channels as ExtraSamples.
21.2s 409 [ WARN:0@4.583] global grfmt_tiff.cpp:122 TIFF_Warning TIFFReadDirectory: Sum of Photometric type-related color channels and ExtraSamples doesn't match SamplesPerPixel. Defining non-color channels as ExtraSamples.
21.3s 410 [ WARN:0@4.614] global grfmt_tiff.cpp:122 TIFF_Warning TIFFReadDirectory: Sum of Photometric type-related color channels and ExtraSamples doesn't match SamplesPerPixel. Defining non-color channels as ExtraSamples.
21.3s 411 [ WARN:0@4.439] global grfmt_tiff.cpp:122 TIFF_Warning TIFFReadDirectory: Sum of Photometric type-related color channels and ExtraSamples doesn't match SamplesPerPixel. Defining non-color channels as ExtraSamples.
21.3s 412 [ WARN:0@4.466] global grfmt_tiff.cpp:122 TIFF_Warning TIFFReadDirectory: Sum of Photometric type-related color channels and ExtraSamples doesn't match SamplesPerPixel. Defining non-color channels as ExtraSamples.
21.3s 413 [ WARN:0@4.501] global grfmt_tiff.cpp:122 TIFF_Warning TIFFReadDirectory: Sum of Photometric type-related color channels and ExtraSamples doesn't match SamplesPerPixel. Defining non-color channels as ExtraSamples.
21.3s 414 [ WARN:0@4.537] global grfmt_tiff.cpp:122 TIFF_Warning TIFFReadDirectory: Sum of Photometric type-related color channels and ExtraSamples doesn't match SamplesPerPixel. Defining non-color channels as ExtraSamples.
21.3s 415 [ WARN:0@4.583] global grfmt_tiff.cpp:122 TIFF_Warning TIFFReadDirectory: Sum of Photometric type-related color channels and ExtraSamples doesn't match SamplesPerPixel. Defining non-color channels as ExtraSamples.
21.3s 416 [ WARN:0@4.614] global grfmt_tiff.cpp:122 TIFF_Warning TIFFReadDirectory: Sum of Photometric type-related color channels and ExtraSamples doesn't match SamplesPerPixel. Defining non-color channels as ExtraSamples.
21.3s 417 
21.3s 418 [ WARN:0@4.439] global grfmt_tiff.cpp:122 TIFF_Warning TIFFReadDirectory: Sum of Photometric type-related color channels and ExtraSamples doesn't match SamplesPerPixel. Defining non-color channels as ExtraSamples.
21.3s 419 [ WARN:0@4.466] global grfmt_tiff.cpp:122 TIFF_Warning TIFFReadDirectory: Sum of Photometric type-related color channels and ExtraSamples doesn't match SamplesPerPixel. Defining non-color channels as ExtraSamples.
21.3s 420 [ WARN:0@4.501] global grfmt_tiff.cpp:122 TIFF_Warning TIFFReadDirectory: Sum of Photometric type-related color channels and ExtraSamples doesn't match SamplesPerPixel. Defining non-color channels as ExtraSamples.
21.3s 421 [ WARN:0@4.537] global grfmt_tiff.cpp:122 TIFF_Warning TIFFReadDirectory: Sum of Photometric type-related color channels and ExtraSamples doesn't match SamplesPerPixel. Defining non-color channels as ExtraSamples.
21.3s 422 [ WARN:0@4.583] global grfmt_tiff.cpp:122 TIFF_Warning TIFFReadDirectory: Sum of Photometric type-related color channels and ExtraSamples doesn't match SamplesPerPixel. Defining non-color channels as ExtraSamples.
21.3s 423 [ WARN:0@4.614] global grfmt_tiff.cpp:122 TIFF_Warning TIFFReadDirectory: Sum of Photometric type-related color channels and ExtraSamples doesn't match SamplesPerPixel. Defining non-color channels as ExtraSamples.
21.3s 424 [ WARN:0@4.648] global grfmt_tiff.cpp:122 TIFF_Warning TIFFReadDirectory: Sum of Photometric type-related color channels and ExtraSamples doesn't match SamplesPerPixel. Defining non-color channels as ExtraSamples.
21.3s 425 [ WARN:0@4.684] global grfmt_tiff.cpp:122 TIFF_Warning TIFFReadDirectory: Sum of Photometric type-related color channels and ExtraSamples doesn't match SamplesPerPixel. Defining non-color channels as ExtraSamples.
21.4s 426 [ WARN:0@4.712] global grfmt_tiff.cpp:122 TIFF_Warning TIFFReadDirectory: Sum of Photometric type-related color channels and ExtraSamples doesn't match SamplesPerPixel. Defining non-color channels as ExtraSamples.
21.4s 427 [ WARN:0@4.748] global grfmt_tiff.cpp:122 TIFF_Warning TIFFReadDirectory: Sum of Photometric type-related color channels and ExtraSamples doesn't match SamplesPerPixel. Defining non-color channels as ExtraSamples.
21.4s 428 [ WARN:0@4.779] global grfmt_tiff.cpp:122 TIFF_Warning TIFFReadDirectory: Sum of Photometric type-related color channels and ExtraSamples doesn't match SamplesPerPixel. Defining non-color channels as ExtraSamples.
21.5s 429 [ WARN:0@4.808] global grfmt_tiff.cpp:122 TIFF_Warning TIFFReadDirectory: Sum of Photometric type-related color channels and ExtraSamples doesn't match SamplesPerPixel. Defining non-color channels as ExtraSamples.
21.5s 430 [ WARN:0@4.842] global grfmt_tiff.cpp:122 TIFF_Warning TIFFReadDirectory: Sum of Photometric type-related color channels and ExtraSamples doesn't match SamplesPerPixel. Defining non-color channels as ExtraSamples.
21.5s 431 [ WARN:0@4.648] global grfmt_tiff.cpp:122 TIFF_Warning TIFFReadDirectory: Sum of Photometric type-related color channels and ExtraSamples doesn't match SamplesPerPixel. Defining non-color channels as ExtraSamples.
21.5s 432 [ WARN:0@4.684] global grfmt_tiff.cpp:122 TIFF_Warning TIFFReadDirectory: Sum of Photometric type-related color channels and ExtraSamples doesn't match SamplesPerPixel. Defining non-color channels as ExtraSamples.
21.5s 433 [ WARN:0@4.712] global grfmt_tiff.cpp:122 TIFF_Warning TIFFReadDirectory: Sum of Photometric type-related color channels and ExtraSamples doesn't match SamplesPerPixel. Defining non-color channels as ExtraSamples.
21.5s 434 [ WARN:0@4.748] global grfmt_tiff.cpp:122 TIFF_Warning TIFFReadDirectory: Sum of Photometric type-related color channels and ExtraSamples doesn't match SamplesPerPixel. Defining non-color channels as ExtraSamples.
21.5s 435 [ WARN:0@4.779] global grfmt_tiff.cpp:122 TIFF_Warning TIFFReadDirectory: Sum of Photometric type-related color channels and ExtraSamples doesn't match SamplesPerPixel. Defining non-color channels as ExtraSamples.
21.5s 436 [ WARN:0@4.808] global grfmt_tiff.cpp:122 TIFF_Warning TIFFReadDirectory: Sum of Photometric type-related color channels and ExtraSamples doesn't match SamplesPerPixel. Defining non-color channels as ExtraSamples.
21.5s 437 [ WARN:0@4.842] global grfmt_tiff.cpp:122 TIFF_Warning TIFFReadDirectory: Sum of Photometric type-related color channels and ExtraSamples doesn't match SamplesPerPixel. Defining non-color channels as ExtraSamples.
21.5s 438 
21.5s 439 [ WARN:0@4.648] global grfmt_tiff.cpp:122 TIFF_Warning TIFFReadDirectory: Sum of Photometric type-related color channels and ExtraSamples doesn't match SamplesPerPixel. Defining non-color channels as ExtraSamples.
21.5s 440 [ WARN:0@4.684] global grfmt_tiff.cpp:122 TIFF_Warning TIFFReadDirectory: Sum of Photometric type-related color channels and ExtraSamples doesn't match SamplesPerPixel. Defining non-color channels as ExtraSamples.
21.5s 441 [ WARN:0@4.712] global grfmt_tiff.cpp:122 TIFF_Warning TIFFReadDirectory: Sum of Photometric type-related color channels and ExtraSamples doesn't match SamplesPerPixel. Defining non-color channels as ExtraSamples.
21.5s 442 [ WARN:0@4.748] global grfmt_tiff.cpp:122 TIFF_Warning TIFFReadDirectory: Sum of Photometric type-related color channels and ExtraSamples doesn't match SamplesPerPixel. Defining non-color channels as ExtraSamples.
21.5s 443 [ WARN:0@4.779] global grfmt_tiff.cpp:122 TIFF_Warning TIFFReadDirectory: Sum of Photometric type-related color channels and ExtraSamples doesn't match SamplesPerPixel. Defining non-color channels as ExtraSamples.
21.5s 444 [ WARN:0@4.808] global grfmt_tiff.cpp:122 TIFF_Warning TIFFReadDirectory: Sum of Photometric type-related color channels and ExtraSamples doesn't match SamplesPerPixel. Defining non-color channels as ExtraSamples.
21.5s 445 [ WARN:0@4.842] global grfmt_tiff.cpp:122 TIFF_Warning TIFFReadDirectory: Sum of Photometric type-related color channels and ExtraSamples doesn't match SamplesPerPixel. Defining non-color channels as ExtraSamples.
21.5s 446 [ WARN:0@4.874] global grfmt_tiff.cpp:122 TIFF_Warning TIFFReadDirectory: Sum of Photometric type-related color channels and ExtraSamples doesn't match SamplesPerPixel. Defining non-color channels as ExtraSamples.
21.6s 447 [ WARN:0@4.908] global grfmt_tiff.cpp:122 TIFF_Warning TIFFReadDirectory: Sum of Photometric type-related color channels and ExtraSamples doesn't match SamplesPerPixel. Defining non-color channels as ExtraSamples.
21.6s 448 [ WARN:0@4.941] global grfmt_tiff.cpp:122 TIFF_Warning TIFFReadDirectory: Sum of Photometric type-related color channels and ExtraSamples doesn't match SamplesPerPixel. Defining non-color channels as ExtraSamples.
21.6s 449 [ WARN:0@4.974] global grfmt_tiff.cpp:122 TIFF_Warning TIFFReadDirectory: Sum of Photometric type-related color channels and ExtraSamples doesn't match SamplesPerPixel. Defining non-color channels as ExtraSamples.
21.7s 450 [ WARN:0@5.011] global grfmt_tiff.cpp:122 TIFF_Warning TIFFReadDirectory: Sum of Photometric type-related color channels and ExtraSamples doesn't match SamplesPerPixel. Defining non-color channels as ExtraSamples.
21.7s 451 [ WARN:0@5.044] global grfmt_tiff.cpp:122 TIFF_Warning TIFFReadDirectory: Sum of Photometric type-related color channels and ExtraSamples doesn't match SamplesPerPixel. Defining non-color channels as ExtraSamples.
21.7s 452 [ WARN:0@4.874] global grfmt_tiff.cpp:122 TIFF_Warning TIFFReadDirectory: Sum of Photometric type-related color channels and ExtraSamples doesn't match SamplesPerPixel. Defining non-color channels as ExtraSamples.
21.7s 453 [ WARN:0@4.908] global grfmt_tiff.cpp:122 TIFF_Warning TIFFReadDirectory: Sum of Photometric type-related color channels and ExtraSamples doesn't match SamplesPerPixel. Defining non-color channels as ExtraSamples.
21.7s 454 [ WARN:0@4.941] global grfmt_tiff.cpp:122 TIFF_Warning TIFFReadDirectory: Sum of Photometric type-related color channels and ExtraSamples doesn't match SamplesPerPixel. Defining non-color channels as ExtraSamples.
21.7s 455 [ WARN:0@4.974] global grfmt_tiff.cpp:122 TIFF_Warning TIFFReadDirectory: Sum of Photometric type-related color channels and ExtraSamples doesn't match SamplesPerPixel. Defining non-color channels as ExtraSamples.
21.7s 456 [ WARN:0@5.011] global grfmt_tiff.cpp:122 TIFF_Warning TIFFReadDirectory: Sum of Photometric type-related color channels and ExtraSamples doesn't match SamplesPerPixel. Defining non-color channels as ExtraSamples.
21.7s 457 [ WARN:0@5.044] global grfmt_tiff.cpp:122 TIFF_Warning TIFFReadDirectory: Sum of Photometric type-related color channels and ExtraSamples doesn't match SamplesPerPixel. Defining non-color channels as ExtraSamples.
21.7s 458 
21.7s 459 [ WARN:0@4.874] global grfmt_tiff.cpp:122 TIFF_Warning TIFFReadDirectory: Sum of Photometric type-related color channels and ExtraSamples doesn't match SamplesPerPixel. Defining non-color channels as ExtraSamples.
21.7s 460 [ WARN:0@4.908] global grfmt_tiff.cpp:122 TIFF_Warning TIFFReadDirectory: Sum of Photometric type-related color channels and ExtraSamples doesn't match SamplesPerPixel. Defining non-color channels as ExtraSamples.
21.7s 461 [ WARN:0@4.941] global grfmt_tiff.cpp:122 TIFF_Warning TIFFReadDirectory: Sum of Photometric type-related color channels and ExtraSamples doesn't match SamplesPerPixel. Defining non-color channels as ExtraSamples.
21.7s 462 [ WARN:0@4.974] global grfmt_tiff.cpp:122 TIFF_Warning TIFFReadDirectory: Sum of Photometric type-related color channels and ExtraSamples doesn't match SamplesPerPixel. Defining non-color channels as ExtraSamples.
21.7s 463 [ WARN:0@5.011] global grfmt_tiff.cpp:122 TIFF_Warning TIFFReadDirectory: Sum of Photometric type-related color channels and ExtraSamples doesn't match SamplesPerPixel. Defining non-color channels as ExtraSamples.
21.7s 464 [ WARN:0@5.044] global grfmt_tiff.cpp:122 TIFF_Warning TIFFReadDirectory: Sum of Photometric type-related color channels and ExtraSamples doesn't match SamplesPerPixel. Defining non-color channels as ExtraSamples.
21.8s 465 [ WARN:0@5.107] global grfmt_tiff.cpp:122 TIFF_Warning TIFFReadDirectory: Sum of Photometric type-related color channels and ExtraSamples doesn't match SamplesPerPixel. Defining non-color channels as ExtraSamples.
21.8s 466 [ WARN:0@5.139] global grfmt_tiff.cpp:122 TIFF_Warning TIFFReadDirectory: Sum of Photometric type-related color channels and ExtraSamples doesn't match SamplesPerPixel. Defining non-color channels as ExtraSamples.
21.8s 467 [ WARN:0@5.177] global grfmt_tiff.cpp:122 TIFF_Warning TIFFReadDirectory: Sum of Photometric type-related color channels and ExtraSamples doesn't match SamplesPerPixel. Defining non-color channels as ExtraSamples.
21.9s 468 [ WARN:0@5.209] global grfmt_tiff.cpp:122 TIFF_Warning TIFFReadDirectory: Sum of Photometric type-related color channels and ExtraSamples doesn't match SamplesPerPixel. Defining non-color channels as ExtraSamples.
21.9s 469 [ WARN:0@5.239] global grfmt_tiff.cpp:122 TIFF_Warning TIFFReadDirectory: Sum of Photometric type-related color channels and ExtraSamples doesn't match SamplesPerPixel. Defining non-color channels as ExtraSamples.
21.9s 470 [ WARN:0@5.271] global grfmt_tiff.cpp:122 TIFF_Warning TIFFReadDirectory: Sum of Photometric type-related color channels and ExtraSamples doesn't match SamplesPerPixel. Defining non-color channels as ExtraSamples.
22.0s 471 [ WARN:0@5.107] global grfmt_tiff.cpp:122 TIFF_Warning TIFFReadDirectory: Sum of Photometric type-related color channels and ExtraSamples doesn't match SamplesPerPixel. Defining non-color channels as ExtraSamples.
22.0s 472 [ WARN:0@5.139] global grfmt_tiff.cpp:122 TIFF_Warning TIFFReadDirectory: Sum of Photometric type-related color channels and ExtraSamples doesn't match SamplesPerPixel. Defining non-color channels as ExtraSamples.
22.0s 473 [ WARN:0@5.177] global grfmt_tiff.cpp:122 TIFF_Warning TIFFReadDirectory: Sum of Photometric type-related color channels and ExtraSamples doesn't match SamplesPerPixel. Defining non-color channels as ExtraSamples.
22.0s 474 [ WARN:0@5.209] global grfmt_tiff.cpp:122 TIFF_Warning TIFFReadDirectory: Sum of Photometric type-related color channels and ExtraSamples doesn't match SamplesPerPixel. Defining non-color channels as ExtraSamples.
22.0s 475 [ WARN:0@5.239] global grfmt_tiff.cpp:122 TIFF_Warning TIFFReadDirectory: Sum of Photometric type-related color channels and ExtraSamples doesn't match SamplesPerPixel. Defining non-color channels as ExtraSamples.
22.0s 476 [ WARN:0@5.271] global grfmt_tiff.cpp:122 TIFF_Warning TIFFReadDirectory: Sum of Photometric type-related color channels and ExtraSamples doesn't match SamplesPerPixel. Defining non-color channels as ExtraSamples.
22.0s 477 
22.0s 478 [ WARN:0@5.107] global grfmt_tiff.cpp:122 TIFF_Warning TIFFReadDirectory: Sum of Photometric type-related color channels and ExtraSamples doesn't match SamplesPerPixel. Defining non-color channels as ExtraSamples.
22.0s 479 [ WARN:0@5.139] global grfmt_tiff.cpp:122 TIFF_Warning TIFFReadDirectory: Sum of Photometric type-related color channels and ExtraSamples doesn't match SamplesPerPixel. Defining non-color channels as ExtraSamples.
22.0s 480 [ WARN:0@5.177] global grfmt_tiff.cpp:122 TIFF_Warning TIFFReadDirectory: Sum of Photometric type-related color channels and ExtraSamples doesn't match SamplesPerPixel. Defining non-color channels as ExtraSamples.
22.0s 481 [ WARN:0@5.209] global grfmt_tiff.cpp:122 TIFF_Warning TIFFReadDirectory: Sum of Photometric type-related color channels and ExtraSamples doesn't match SamplesPerPixel. Defining non-color channels as ExtraSamples.
22.0s 482 [ WARN:0@5.239] global grfmt_tiff.cpp:122 TIFF_Warning TIFFReadDirectory: Sum of Photometric type-related color channels and ExtraSamples doesn't match SamplesPerPixel. Defining non-color channels as ExtraSamples.
22.0s 483 [ WARN:0@5.271] global grfmt_tiff.cpp:122 TIFF_Warning TIFFReadDirectory: Sum of Photometric type-related color channels and ExtraSamples doesn't match SamplesPerPixel. Defining non-color channels as ExtraSamples.
22.0s 484 [ WARN:0@5.311] global grfmt_tiff.cpp:122 TIFF_Warning TIFFReadDirectory: Sum of Photometric type-related color channels and ExtraSamples doesn't match SamplesPerPixel. Defining non-color channels as ExtraSamples.
22.0s 485 [ WARN:0@5.351] global grfmt_tiff.cpp:122 TIFF_Warning TIFFReadDirectory: Sum of Photometric type-related color channels and ExtraSamples doesn't match SamplesPerPixel. Defining non-color channels as ExtraSamples.
22.0s 486 [ WARN:0@5.383] global grfmt_tiff.cpp:122 TIFF_Warning TIFFReadDirectory: Sum of Photometric type-related color channels and ExtraSamples doesn't match SamplesPerPixel. Defining non-color channels as ExtraSamples.
22.1s 487 [ WARN:0@5.417] global grfmt_tiff.cpp:122 TIFF_Warning TIFFReadDirectory: Sum of Photometric type-related color channels and ExtraSamples doesn't match SamplesPerPixel. Defining non-color channels as ExtraSamples.
22.1s 488 [ WARN:0@5.451] global grfmt_tiff.cpp:122 TIFF_Warning TIFFReadDirectory: Sum of Photometric type-related color channels and ExtraSamples doesn't match SamplesPerPixel. Defining non-color channels as ExtraSamples.
22.1s 489 [ WARN:0@5.485] global grfmt_tiff.cpp:122 TIFF_Warning TIFFReadDirectory: Sum of Photometric type-related color channels and ExtraSamples doesn't match SamplesPerPixel. Defining non-color channels as ExtraSamples.
22.2s 490 [ WARN:0@5.311] global grfmt_tiff.cpp:122 TIFF_Warning TIFFReadDirectory: Sum of Photometric type-related color channels and ExtraSamples doesn't match SamplesPerPixel. Defining non-color channels as ExtraSamples.
22.2s 491 [ WARN:0@5.351] global grfmt_tiff.cpp:122 TIFF_Warning TIFFReadDirectory: Sum of Photometric type-related color channels and ExtraSamples doesn't match SamplesPerPixel. Defining non-color channels as ExtraSamples.
22.2s 492 [ WARN:0@5.383] global grfmt_tiff.cpp:122 TIFF_Warning TIFFReadDirectory: Sum of Photometric type-related color channels and ExtraSamples doesn't match SamplesPerPixel. Defining non-color channels as ExtraSamples.
22.2s 493 [ WARN:0@5.417] global grfmt_tiff.cpp:122 TIFF_Warning TIFFReadDirectory: Sum of Photometric type-related color channels and ExtraSamples doesn't match SamplesPerPixel. Defining non-color channels as ExtraSamples.
22.2s 494 [ WARN:0@5.451] global grfmt_tiff.cpp:122 TIFF_Warning TIFFReadDirectory: Sum of Photometric type-related color channels and ExtraSamples doesn't match SamplesPerPixel. Defining non-color channels as ExtraSamples.
22.2s 495 [ WARN:0@5.485] global grfmt_tiff.cpp:122 TIFF_Warning TIFFReadDirectory: Sum of Photometric type-related color channels and ExtraSamples doesn't match SamplesPerPixel. Defining non-color channels as ExtraSamples.
22.2s 496 
22.2s 497 [ WARN:0@5.311] global grfmt_tiff.cpp:122 TIFF_Warning TIFFReadDirectory: Sum of Photometric type-related color channels and ExtraSamples doesn't match SamplesPerPixel. Defining non-color channels as ExtraSamples.
22.2s 498 [ WARN:0@5.351] global grfmt_tiff.cpp:122 TIFF_Warning TIFFReadDirectory: Sum of Photometric type-related color channels and ExtraSamples doesn't match SamplesPerPixel. Defining non-color channels as ExtraSamples.
22.2s 499 [ WARN:0@5.383] global grfmt_tiff.cpp:122 TIFF_Warning TIFFReadDirectory: Sum of Photometric type-related color channels and ExtraSamples doesn't match SamplesPerPixel. Defining non-color channels as ExtraSamples.
22.2s 500 [ WARN:0@5.417] global grfmt_tiff.cpp:122 TIFF_Warning TIFFReadDirectory: Sum of Photometric type-related color channels and ExtraSamples doesn't match SamplesPerPixel. Defining non-color channels as ExtraSamples.
22.2s 501 [ WARN:0@5.451] global grfmt_tiff.cpp:122 TIFF_Warning TIFFReadDirectory: Sum of Photometric type-related color channels and ExtraSamples doesn't match SamplesPerPixel. Defining non-color channels as ExtraSamples.
22.2s 502 [ WARN:0@5.485] global grfmt_tiff.cpp:122 TIFF_Warning TIFFReadDirectory: Sum of Photometric type-related color channels and ExtraSamples doesn't match SamplesPerPixel. Defining non-color channels as ExtraSamples.
22.2s 503 [ WARN:0@5.524] global grfmt_tiff.cpp:122 TIFF_Warning TIFFReadDirectory: Sum of Photometric type-related color channels and ExtraSamples doesn't match SamplesPerPixel. Defining non-color channels as ExtraSamples.
22.2s 504 [ WARN:0@5.557] global grfmt_tiff.cpp:122 TIFF_Warning TIFFReadDirectory: Sum of Photometric type-related color channels and ExtraSamples doesn't match SamplesPerPixel. Defining non-color channels as ExtraSamples.
22.2s 505 [ WARN:0@5.587] global grfmt_tiff.cpp:122 TIFF_Warning TIFFReadDirectory: Sum of Photometric type-related color channels and ExtraSamples doesn't match SamplesPerPixel. Defining non-color channels as ExtraSamples.
22.3s 506 [ WARN:0@5.620] global grfmt_tiff.cpp:122 TIFF_Warning TIFFReadDirectory: Sum of Photometric type-related color channels and ExtraSamples doesn't match SamplesPerPixel. Defining non-color channels as ExtraSamples.
22.3s 507 [ WARN:0@5.652] global grfmt_tiff.cpp:122 TIFF_Warning TIFFReadDirectory: Sum of Photometric type-related color channels and ExtraSamples doesn't match SamplesPerPixel. Defining non-color channels as ExtraSamples.
22.3s 508 [ WARN:0@5.687] global grfmt_tiff.cpp:122 TIFF_Warning TIFFReadDirectory: Sum of Photometric type-related color channels and ExtraSamples doesn't match SamplesPerPixel. Defining non-color channels as ExtraSamples.
22.4s 509 [ WARN:0@5.718] global grfmt_tiff.cpp:122 TIFF_Warning TIFFReadDirectory: Sum of Photometric type-related color channels and ExtraSamples doesn't match SamplesPerPixel. Defining non-color channels as ExtraSamples.
22.4s 510 [ WARN:0@5.524] global grfmt_tiff.cpp:122 TIFF_Warning TIFFReadDirectory: Sum of Photometric type-related color channels and ExtraSamples doesn't match SamplesPerPixel. Defining non-color channels as ExtraSamples.
22.4s 511 [ WARN:0@5.557] global grfmt_tiff.cpp:122 TIFF_Warning TIFFReadDirectory: Sum of Photometric type-related color channels and ExtraSamples doesn't match SamplesPerPixel. Defining non-color channels as ExtraSamples.
22.4s 512 [ WARN:0@5.587] global grfmt_tiff.cpp:122 TIFF_Warning TIFFReadDirectory: Sum of Photometric type-related color channels and ExtraSamples doesn't match SamplesPerPixel. Defining non-color channels as ExtraSamples.
22.4s 513 [ WARN:0@5.620] global grfmt_tiff.cpp:122 TIFF_Warning TIFFReadDirectory: Sum of Photometric type-related color channels and ExtraSamples doesn't match SamplesPerPixel. Defining non-color channels as ExtraSamples.
22.4s 514 [ WARN:0@5.652] global grfmt_tiff.cpp:122 TIFF_Warning TIFFReadDirectory: Sum of Photometric type-related color channels and ExtraSamples doesn't match SamplesPerPixel. Defining non-color channels as ExtraSamples.
22.4s 515 [ WARN:0@5.687] global grfmt_tiff.cpp:122 TIFF_Warning TIFFReadDirectory: Sum of Photometric type-related color channels and ExtraSamples doesn't match SamplesPerPixel. Defining non-color channels as ExtraSamples.
22.4s 516 [ WARN:0@5.718] global grfmt_tiff.cpp:122 TIFF_Warning TIFFReadDirectory: Sum of Photometric type-related color channels and ExtraSamples doesn't match SamplesPerPixel. Defining non-color channels as ExtraSamples.
22.4s 517 
22.4s 518 [ WARN:0@5.524] global grfmt_tiff.cpp:122 TIFF_Warning TIFFReadDirectory: Sum of Photometric type-related color channels and ExtraSamples doesn't match SamplesPerPixel. Defining non-color channels as ExtraSamples.
22.4s 519 [ WARN:0@5.557] global grfmt_tiff.cpp:122 TIFF_Warning TIFFReadDirectory: Sum of Photometric type-related color channels and ExtraSamples doesn't match SamplesPerPixel. Defining non-color channels as ExtraSamples.
22.4s 520 [ WARN:0@5.587] global grfmt_tiff.cpp:122 TIFF_Warning TIFFReadDirectory: Sum of Photometric type-related color channels and ExtraSamples doesn't match SamplesPerPixel. Defining non-color channels as ExtraSamples.
22.4s 521 [ WARN:0@5.620] global grfmt_tiff.cpp:122 TIFF_Warning TIFFReadDirectory: Sum of Photometric type-related color channels and ExtraSamples doesn't match SamplesPerPixel. Defining non-color channels as ExtraSamples.
22.4s 522 [ WARN:0@5.652] global grfmt_tiff.cpp:122 TIFF_Warning TIFFReadDirectory: Sum of Photometric type-related color channels and ExtraSamples doesn't match SamplesPerPixel. Defining non-color channels as ExtraSamples.
22.4s 523 [ WARN:0@5.687] global grfmt_tiff.cpp:122 TIFF_Warning TIFFReadDirectory: Sum of Photometric type-related color channels and ExtraSamples doesn't match SamplesPerPixel. Defining non-color channels as ExtraSamples.
22.4s 524 [ WARN:0@5.718] global grfmt_tiff.cpp:122 TIFF_Warning TIFFReadDirectory: Sum of Photometric type-related color channels and ExtraSamples doesn't match SamplesPerPixel. Defining non-color channels as ExtraSamples.
22.4s 525 [ WARN:0@5.747] global grfmt_tiff.cpp:122 TIFF_Warning TIFFReadDirectory: Sum of Photometric type-related color channels and ExtraSamples doesn't match SamplesPerPixel. Defining non-color channels as ExtraSamples.
22.4s 526 [ WARN:0@5.784] global grfmt_tiff.cpp:122 TIFF_Warning TIFFReadDirectory: Sum of Photometric type-related color channels and ExtraSamples doesn't match SamplesPerPixel. Defining non-color channels as ExtraSamples.
22.5s 527 [ WARN:0@5.817] global grfmt_tiff.cpp:122 TIFF_Warning TIFFReadDirectory: Sum of Photometric type-related color channels and ExtraSamples doesn't match SamplesPerPixel. Defining non-color channels as ExtraSamples.
22.5s 528 [ WARN:0@5.854] global grfmt_tiff.cpp:122 TIFF_Warning TIFFReadDirectory: Sum of Photometric type-related color channels and ExtraSamples doesn't match SamplesPerPixel. Defining non-color channels as ExtraSamples.
22.5s 529 [ WARN:0@5.885] global grfmt_tiff.cpp:122 TIFF_Warning TIFFReadDirectory: Sum of Photometric type-related color channels and ExtraSamples doesn't match SamplesPerPixel. Defining non-color channels as ExtraSamples.
22.6s 530 [ WARN:0@5.920] global grfmt_tiff.cpp:122 TIFF_Warning TIFFReadDirectory: Sum of Photometric type-related color channels and ExtraSamples doesn't match SamplesPerPixel. Defining non-color channels as ExtraSamples.
22.6s 531 [ WARN:0@5.949] global grfmt_tiff.cpp:122 TIFF_Warning TIFFReadDirectory: Sum of Photometric type-related color channels and ExtraSamples doesn't match SamplesPerPixel. Defining non-color channels as ExtraSamples.
22.6s 532 [ WARN:0@5.747] global grfmt_tiff.cpp:122 TIFF_Warning TIFFReadDirectory: Sum of Photometric type-related color channels and ExtraSamples doesn't match SamplesPerPixel. Defining non-color channels as ExtraSamples.
22.6s 533 [ WARN:0@5.784] global grfmt_tiff.cpp:122 TIFF_Warning TIFFReadDirectory: Sum of Photometric type-related color channels and ExtraSamples doesn't match SamplesPerPixel. Defining non-color channels as ExtraSamples.
22.6s 534 [ WARN:0@5.817] global grfmt_tiff.cpp:122 TIFF_Warning TIFFReadDirectory: Sum of Photometric type-related color channels and ExtraSamples doesn't match SamplesPerPixel. Defining non-color channels as ExtraSamples.
22.6s 535 [ WARN:0@5.854] global grfmt_tiff.cpp:122 TIFF_Warning TIFFReadDirectory: Sum of Photometric type-related color channels and ExtraSamples doesn't match SamplesPerPixel. Defining non-color channels as ExtraSamples.
22.6s 536 [ WARN:0@5.885] global grfmt_tiff.cpp:122 TIFF_Warning TIFFReadDirectory: Sum of Photometric type-related color channels and ExtraSamples doesn't match SamplesPerPixel. Defining non-color channels as ExtraSamples.
22.6s 537 [ WARN:0@5.920] global grfmt_tiff.cpp:122 TIFF_Warning TIFFReadDirectory: Sum of Photometric type-related color channels and ExtraSamples doesn't match SamplesPerPixel. Defining non-color channels as ExtraSamples.
22.6s 538 
22.6s 539 [ WARN:0@5.747] global grfmt_tiff.cpp:122 TIFF_Warning TIFFReadDirectory: Sum of Photometric type-related color channels and ExtraSamples doesn't match SamplesPerPixel. Defining non-color channels as ExtraSamples.
22.6s 540 [ WARN:0@5.784] global grfmt_tiff.cpp:122 TIFF_Warning TIFFReadDirectory: Sum of Photometric type-related color channels and ExtraSamples doesn't match SamplesPerPixel. Defining non-color channels as ExtraSamples.
22.6s 541 [ WARN:0@5.817] global grfmt_tiff.cpp:122 TIFF_Warning TIFFReadDirectory: Sum of Photometric type-related color channels and ExtraSamples doesn't match SamplesPerPixel. Defining non-color channels as ExtraSamples.
22.6s 542 [ WARN:0@5.854] global grfmt_tiff.cpp:122 TIFF_Warning TIFFReadDirectory: Sum of Photometric type-related color channels and ExtraSamples doesn't match SamplesPerPixel. Defining non-color channels as ExtraSamples.
22.6s 543 [ WARN:0@5.885] global grfmt_tiff.cpp:122 TIFF_Warning TIFFReadDirectory: Sum of Photometric type-related color channels and ExtraSamples doesn't match SamplesPerPixel. Defining non-color channels as ExtraSamples.
22.6s 544 [ WARN:0@5.920] global grfmt_tiff.cpp:122 TIFF_Warning TIFFReadDirectory: Sum of Photometric type-related color channels and ExtraSamples doesn't match SamplesPerPixel. Defining non-color channels as ExtraSamples.
22.6s 545 [ WARN:0@5.982] global grfmt_tiff.cpp:122 TIFF_Warning TIFFReadDirectory: Sum of Photometric type-related color channels and ExtraSamples doesn't match SamplesPerPixel. Defining non-color channels as ExtraSamples.
22.7s 546 [ WARN:0@6.018] global grfmt_tiff.cpp:122 TIFF_Warning TIFFReadDirectory: Sum of Photometric type-related color channels and ExtraSamples doesn't match SamplesPerPixel. Defining non-color channels as ExtraSamples.
22.7s 547 [ WARN:0@6.050] global grfmt_tiff.cpp:122 TIFF_Warning TIFFReadDirectory: Sum of Photometric type-related color channels and ExtraSamples doesn't match SamplesPerPixel. Defining non-color channels as ExtraSamples.
22.7s 548 [ WARN:0@6.080] global grfmt_tiff.cpp:122 TIFF_Warning TIFFReadDirectory: Sum of Photometric type-related color channels and ExtraSamples doesn't match SamplesPerPixel. Defining non-color channels as ExtraSamples.
22.8s 549 [ WARN:0@6.111] global grfmt_tiff.cpp:122 TIFF_Warning TIFFReadDirectory: Sum of Photometric type-related color channels and ExtraSamples doesn't match SamplesPerPixel. Defining non-color channels as ExtraSamples.
22.8s 550 [ WARN:0@6.145] global grfmt_tiff.cpp:122 TIFF_Warning TIFFReadDirectory: Sum of Photometric type-related color channels and ExtraSamples doesn't match SamplesPerPixel. Defining non-color channels as ExtraSamples.
22.8s 551 [ WARN:0@5.949] global grfmt_tiff.cpp:122 TIFF_Warning TIFFReadDirectory: Sum of Photometric type-related color channels and ExtraSamples doesn't match SamplesPerPixel. Defining non-color channels as ExtraSamples.
22.8s 552 [ WARN:0@5.982] global grfmt_tiff.cpp:122 TIFF_Warning TIFFReadDirectory: Sum of Photometric type-related color channels and ExtraSamples doesn't match SamplesPerPixel. Defining non-color channels as ExtraSamples.
22.8s 553 [ WARN:0@6.018] global grfmt_tiff.cpp:122 TIFF_Warning TIFFReadDirectory: Sum of Photometric type-related color channels and ExtraSamples doesn't match SamplesPerPixel. Defining non-color channels as ExtraSamples.
22.8s 554 [ WARN:0@6.050] global grfmt_tiff.cpp:122 TIFF_Warning TIFFReadDirectory: Sum of Photometric type-related color channels and ExtraSamples doesn't match SamplesPerPixel. Defining non-color channels as ExtraSamples.
22.8s 555 [ WARN:0@6.080] global grfmt_tiff.cpp:122 TIFF_Warning TIFFReadDirectory: Sum of Photometric type-related color channels and ExtraSamples doesn't match SamplesPerPixel. Defining non-color channels as ExtraSamples.
22.8s 556 [ WARN:0@6.111] global grfmt_tiff.cpp:122 TIFF_Warning TIFFReadDirectory: Sum of Photometric type-related color channels and ExtraSamples doesn't match SamplesPerPixel. Defining non-color channels as ExtraSamples.
22.8s 557 [ WARN:0@6.145] global grfmt_tiff.cpp:122 TIFF_Warning TIFFReadDirectory: Sum of Photometric type-related color channels and ExtraSamples doesn't match SamplesPerPixel. Defining non-color channels as ExtraSamples.
22.8s 558 
22.8s 559 [ WARN:0@5.949] global grfmt_tiff.cpp:122 TIFF_Warning TIFFReadDirectory: Sum of Photometric type-related color channels and ExtraSamples doesn't match SamplesPerPixel. Defining non-color channels as ExtraSamples.
22.8s 560 [ WARN:0@5.982] global grfmt_tiff.cpp:122 TIFF_Warning TIFFReadDirectory: Sum of Photometric type-related color channels and ExtraSamples doesn't match SamplesPerPixel. Defining non-color channels as ExtraSamples.
22.8s 561 [ WARN:0@6.018] global grfmt_tiff.cpp:122 TIFF_Warning TIFFReadDirectory: Sum of Photometric type-related color channels and ExtraSamples doesn't match SamplesPerPixel. Defining non-color channels as ExtraSamples.
22.8s 562 [ WARN:0@6.050] global grfmt_tiff.cpp:122 TIFF_Warning TIFFReadDirectory: Sum of Photometric type-related color channels and ExtraSamples doesn't match SamplesPerPixel. Defining non-color channels as ExtraSamples.
22.8s 563 [ WARN:0@6.080] global grfmt_tiff.cpp:122 TIFF_Warning TIFFReadDirectory: Sum of Photometric type-related color channels and ExtraSamples doesn't match SamplesPerPixel. Defining non-color channels as ExtraSamples.
22.8s 564 [ WARN:0@6.111] global grfmt_tiff.cpp:122 TIFF_Warning TIFFReadDirectory: Sum of Photometric type-related color channels and ExtraSamples doesn't match SamplesPerPixel. Defining non-color channels as ExtraSamples.
22.8s 565 [ WARN:0@6.145] global grfmt_tiff.cpp:122 TIFF_Warning TIFFReadDirectory: Sum of Photometric type-related color channels and ExtraSamples doesn't match SamplesPerPixel. Defining non-color channels as ExtraSamples.
22.8s 566 [ WARN:0@6.185] global grfmt_tiff.cpp:122 TIFF_Warning TIFFReadDirectory: Sum of Photometric type-related color channels and ExtraSamples doesn't match SamplesPerPixel. Defining non-color channels as ExtraSamples.
22.9s 567 [ WARN:0@6.218] global grfmt_tiff.cpp:122 TIFF_Warning TIFFReadDirectory: Sum of Photometric type-related color channels and ExtraSamples doesn't match SamplesPerPixel. Defining non-color channels as ExtraSamples.
22.9s 568 [ WARN:0@6.258] global grfmt_tiff.cpp:122 TIFF_Warning TIFFReadDirectory: Sum of Photometric type-related color channels and ExtraSamples doesn't match SamplesPerPixel. Defining non-color channels as ExtraSamples.
23.0s 569 [ WARN:0@6.297] global grfmt_tiff.cpp:122 TIFF_Warning TIFFReadDirectory: Sum of Photometric type-related color channels and ExtraSamples doesn't match SamplesPerPixel. Defining non-color channels as ExtraSamples.
23.0s 570 [ WARN:0@6.329] global grfmt_tiff.cpp:122 TIFF_Warning TIFFReadDirectory: Sum of Photometric type-related color channels and ExtraSamples doesn't match SamplesPerPixel. Defining non-color channels as ExtraSamples.
23.0s 571 [ WARN:0@6.359] global grfmt_tiff.cpp:122 TIFF_Warning TIFFReadDirectory: Sum of Photometric type-related color channels and ExtraSamples doesn't match SamplesPerPixel. Defining non-color channels as ExtraSamples.
23.0s 572 [ WARN:0@6.185] global grfmt_tiff.cpp:122 TIFF_Warning TIFFReadDirectory: Sum of Photometric type-related color channels and ExtraSamples doesn't match SamplesPerPixel. Defining non-color channels as ExtraSamples.
23.0s 573 [ WARN:0@6.218] global grfmt_tiff.cpp:122 TIFF_Warning TIFFReadDirectory: Sum of Photometric type-related color channels and ExtraSamples doesn't match SamplesPerPixel. Defining non-color channels as ExtraSamples.
23.0s 574 [ WARN:0@6.258] global grfmt_tiff.cpp:122 TIFF_Warning TIFFReadDirectory: Sum of Photometric type-related color channels and ExtraSamples doesn't match SamplesPerPixel. Defining non-color channels as ExtraSamples.
23.0s 575 [ WARN:0@6.297] global grfmt_tiff.cpp:122 TIFF_Warning TIFFReadDirectory: Sum of Photometric type-related color channels and ExtraSamples doesn't match SamplesPerPixel. Defining non-color channels as ExtraSamples.
23.0s 576 [ WARN:0@6.329] global grfmt_tiff.cpp:122 TIFF_Warning TIFFReadDirectory: Sum of Photometric type-related color channels and ExtraSamples doesn't match SamplesPerPixel. Defining non-color channels as ExtraSamples.
23.0s 577 [ WARN:0@6.359] global grfmt_tiff.cpp:122 TIFF_Warning TIFFReadDirectory: Sum of Photometric type-related color channels and ExtraSamples doesn't match SamplesPerPixel. Defining non-color channels as ExtraSamples.
23.0s 578 
23.0s 579 [ WARN:0@6.185] global grfmt_tiff.cpp:122 TIFF_Warning TIFFReadDirectory: Sum of Photometric type-related color channels and ExtraSamples doesn't match SamplesPerPixel. Defining non-color channels as ExtraSamples.
23.0s 580 [ WARN:0@6.218] global grfmt_tiff.cpp:122 TIFF_Warning TIFFReadDirectory: Sum of Photometric type-related color channels and ExtraSamples doesn't match SamplesPerPixel. Defining non-color channels as ExtraSamples.
23.0s 581 [ WARN:0@6.258] global grfmt_tiff.cpp:122 TIFF_Warning TIFFReadDirectory: Sum of Photometric type-related color channels and ExtraSamples doesn't match SamplesPerPixel. Defining non-color channels as ExtraSamples.
23.0s 582 [ WARN:0@6.297] global grfmt_tiff.cpp:122 TIFF_Warning TIFFReadDirectory: Sum of Photometric type-related color channels and ExtraSamples doesn't match SamplesPerPixel. Defining non-color channels as ExtraSamples.
23.0s 583 [ WARN:0@6.329] global grfmt_tiff.cpp:122 TIFF_Warning TIFFReadDirectory: Sum of Photometric type-related color channels and ExtraSamples doesn't match SamplesPerPixel. Defining non-color channels as ExtraSamples.
23.0s 584 [ WARN:0@6.359] global grfmt_tiff.cpp:122 TIFF_Warning TIFFReadDirectory: Sum of Photometric type-related color channels and ExtraSamples doesn't match SamplesPerPixel. Defining non-color channels as ExtraSamples.
23.0s 585 [ WARN:0@6.392] global grfmt_tiff.cpp:122 TIFF_Warning TIFFReadDirectory: Sum of Photometric type-related color channels and ExtraSamples doesn't match SamplesPerPixel. Defining non-color channels as ExtraSamples.
23.1s 586 [ WARN:0@6.423] global grfmt_tiff.cpp:122 TIFF_Warning TIFFReadDirectory: Sum of Photometric type-related color channels and ExtraSamples doesn't match SamplesPerPixel. Defining non-color channels as ExtraSamples.
23.1s 587 [ WARN:0@6.451] global grfmt_tiff.cpp:122 TIFF_Warning TIFFReadDirectory: Sum of Photometric type-related color channels and ExtraSamples doesn't match SamplesPerPixel. Defining non-color channels as ExtraSamples.
23.1s 588 [ WARN:0@6.484] global grfmt_tiff.cpp:122 TIFF_Warning TIFFReadDirectory: Sum of Photometric type-related color channels and ExtraSamples doesn't match SamplesPerPixel. Defining non-color channels as ExtraSamples.
23.2s 589 [ WARN:0@6.514] global grfmt_tiff.cpp:122 TIFF_Warning TIFFReadDirectory: Sum of Photometric type-related color channels and ExtraSamples doesn't match SamplesPerPixel. Defining non-color channels as ExtraSamples.
23.2s 590 [ WARN:0@6.549] global grfmt_tiff.cpp:122 TIFF_Warning TIFFReadDirectory: Sum of Photometric type-related color channels and ExtraSamples doesn't match SamplesPerPixel. Defining non-color channels as ExtraSamples.
23.2s 591 [ WARN:0@6.590] global grfmt_tiff.cpp:122 TIFF_Warning TIFFReadDirectory: Sum of Photometric type-related color channels and ExtraSamples doesn't match SamplesPerPixel. Defining non-color channels as ExtraSamples.
23.2s 592 [ WARN:0@6.392] global grfmt_tiff.cpp:122 TIFF_Warning TIFFReadDirectory: Sum of Photometric type-related color channels and ExtraSamples doesn't match SamplesPerPixel. Defining non-color channels as ExtraSamples.
23.2s 593 [ WARN:0@6.423] global grfmt_tiff.cpp:122 TIFF_Warning TIFFReadDirectory: Sum of Photometric type-related color channels and ExtraSamples doesn't match SamplesPerPixel. Defining non-color channels as ExtraSamples.
23.2s 594 [ WARN:0@6.451] global grfmt_tiff.cpp:122 TIFF_Warning TIFFReadDirectory: Sum of Photometric type-related color channels and ExtraSamples doesn't match SamplesPerPixel. Defining non-color channels as ExtraSamples.
23.2s 595 [ WARN:0@6.484] global grfmt_tiff.cpp:122 TIFF_Warning TIFFReadDirectory: Sum of Photometric type-related color channels and ExtraSamples doesn't match SamplesPerPixel. Defining non-color channels as ExtraSamples.
23.2s 596 [ WARN:0@6.514] global grfmt_tiff.cpp:122 TIFF_Warning TIFFReadDirectory: Sum of Photometric type-related color channels and ExtraSamples doesn't match SamplesPerPixel. Defining non-color channels as ExtraSamples.
23.2s 597 [ WARN:0@6.549] global grfmt_tiff.cpp:122 TIFF_Warning TIFFReadDirectory: Sum of Photometric type-related color channels and ExtraSamples doesn't match SamplesPerPixel. Defining non-color channels as ExtraSamples.
23.2s 598 [ WARN:0@6.590] global grfmt_tiff.cpp:122 TIFF_Warning TIFFReadDirectory: Sum of Photometric type-related color channels and ExtraSamples doesn't match SamplesPerPixel. Defining non-color channels as ExtraSamples.
23.2s 599 
23.2s 600 [ WARN:0@6.392] global grfmt_tiff.cpp:122 TIFF_Warning TIFFReadDirectory: Sum of Photometric type-related color channels and ExtraSamples doesn't match SamplesPerPixel. Defining non-color channels as ExtraSamples.
23.2s 601 [ WARN:0@6.423] global grfmt_tiff.cpp:122 TIFF_Warning TIFFReadDirectory: Sum of Photometric type-related color channels and ExtraSamples doesn't match SamplesPerPixel. Defining non-color channels as ExtraSamples.
23.2s 602 [ WARN:0@6.451] global grfmt_tiff.cpp:122 TIFF_Warning TIFFReadDirectory: Sum of Photometric type-related color channels and ExtraSamples doesn't match SamplesPerPixel. Defining non-color channels as ExtraSamples.
23.2s 603 [ WARN:0@6.484] global grfmt_tiff.cpp:122 TIFF_Warning TIFFReadDirectory: Sum of Photometric type-related color channels and ExtraSamples doesn't match SamplesPerPixel. Defining non-color channels as ExtraSamples.
23.2s 604 [ WARN:0@6.514] global grfmt_tiff.cpp:122 TIFF_Warning TIFFReadDirectory: Sum of Photometric type-related color channels and ExtraSamples doesn't match SamplesPerPixel. Defining non-color channels as ExtraSamples.
23.2s 605 [ WARN:0@6.549] global grfmt_tiff.cpp:122 TIFF_Warning TIFFReadDirectory: Sum of Photometric type-related color channels and ExtraSamples doesn't match SamplesPerPixel. Defining non-color channels as ExtraSamples.
23.2s 606 [ WARN:0@6.590] global grfmt_tiff.cpp:122 TIFF_Warning TIFFReadDirectory: Sum of Photometric type-related color channels and ExtraSamples doesn't match SamplesPerPixel. Defining non-color channels as ExtraSamples.
23.3s 607 [ WARN:0@6.624] global grfmt_tiff.cpp:122 TIFF_Warning TIFFReadDirectory: Sum of Photometric type-related color channels and ExtraSamples doesn't match SamplesPerPixel. Defining non-color channels as ExtraSamples.
23.3s 608 [ WARN:0@6.658] global grfmt_tiff.cpp:122 TIFF_Warning TIFFReadDirectory: Sum of Photometric type-related color channels and ExtraSamples doesn't match SamplesPerPixel. Defining non-color channels as ExtraSamples.
23.3s 609 [ WARN:0@6.689] global grfmt_tiff.cpp:122 TIFF_Warning TIFFReadDirectory: Sum of Photometric type-related color channels and ExtraSamples doesn't match SamplesPerPixel. Defining non-color channels as ExtraSamples.
23.4s 610 [ WARN:0@6.722] global grfmt_tiff.cpp:122 TIFF_Warning TIFFReadDirectory: Sum of Photometric type-related color channels and ExtraSamples doesn't match SamplesPerPixel. Defining non-color channels as ExtraSamples.
23.4s 611 [ WARN:0@6.756] global grfmt_tiff.cpp:122 TIFF_Warning TIFFReadDirectory: Sum of Photometric type-related color channels and ExtraSamples doesn't match SamplesPerPixel. Defining non-color channels as ExtraSamples.
23.4s 612 [ WARN:0@6.788] global grfmt_tiff.cpp:122 TIFF_Warning TIFFReadDirectory: Sum of Photometric type-related color channels and ExtraSamples doesn't match SamplesPerPixel. Defining non-color channels as ExtraSamples.
23.5s 613 [ WARN:0@6.823] global grfmt_tiff.cpp:122 TIFF_Warning TIFFReadDirectory: Sum of Photometric type-related color channels and ExtraSamples doesn't match SamplesPerPixel. Defining non-color channels as ExtraSamples.
23.5s 614 [ WARN:0@6.624] global grfmt_tiff.cpp:122 TIFF_Warning TIFFReadDirectory: Sum of Photometric type-related color channels and ExtraSamples doesn't match SamplesPerPixel. Defining non-color channels as ExtraSamples.
23.5s 615 [ WARN:0@6.658] global grfmt_tiff.cpp:122 TIFF_Warning TIFFReadDirectory: Sum of Photometric type-related color channels and ExtraSamples doesn't match SamplesPerPixel. Defining non-color channels as ExtraSamples.
23.5s 616 [ WARN:0@6.689] global grfmt_tiff.cpp:122 TIFF_Warning TIFFReadDirectory: Sum of Photometric type-related color channels and ExtraSamples doesn't match SamplesPerPixel. Defining non-color channels as ExtraSamples.
23.5s 617 [ WARN:0@6.722] global grfmt_tiff.cpp:122 TIFF_Warning TIFFReadDirectory: Sum of Photometric type-related color channels and ExtraSamples doesn't match SamplesPerPixel. Defining non-color channels as ExtraSamples.
23.5s 618 [ WARN:0@6.756] global grfmt_tiff.cpp:122 TIFF_Warning TIFFReadDirectory: Sum of Photometric type-related color channels and ExtraSamples doesn't match SamplesPerPixel. Defining non-color channels as ExtraSamples.
23.5s 619 [ WARN:0@6.788] global grfmt_tiff.cpp:122 TIFF_Warning TIFFReadDirectory: Sum of Photometric type-related color channels and ExtraSamples doesn't match SamplesPerPixel. Defining non-color channels as ExtraSamples.
23.5s 620 [ WARN:0@6.823] global grfmt_tiff.cpp:122 TIFF_Warning TIFFReadDirectory: Sum of Photometric type-related color channels and ExtraSamples doesn't match SamplesPerPixel. Defining non-color channels as ExtraSamples.
23.5s 621 
23.5s 622 [ WARN:0@6.624] global grfmt_tiff.cpp:122 TIFF_Warning TIFFReadDirectory: Sum of Photometric type-related color channels and ExtraSamples doesn't match SamplesPerPixel. Defining non-color channels as ExtraSamples.
23.5s 623 [ WARN:0@6.658] global grfmt_tiff.cpp:122 TIFF_Warning TIFFReadDirectory: Sum of Photometric type-related color channels and ExtraSamples doesn't match SamplesPerPixel. Defining non-color channels as ExtraSamples.
23.5s 624 [ WARN:0@6.689] global grfmt_tiff.cpp:122 TIFF_Warning TIFFReadDirectory: Sum of Photometric type-related color channels and ExtraSamples doesn't match SamplesPerPixel. Defining non-color channels as ExtraSamples.
23.5s 625 [ WARN:0@6.722] global grfmt_tiff.cpp:122 TIFF_Warning TIFFReadDirectory: Sum of Photometric type-related color channels and ExtraSamples doesn't match SamplesPerPixel. Defining non-color channels as ExtraSamples.
23.5s 626 [ WARN:0@6.756] global grfmt_tiff.cpp:122 TIFF_Warning TIFFReadDirectory: Sum of Photometric type-related color channels and ExtraSamples doesn't match SamplesPerPixel. Defining non-color channels as ExtraSamples.
23.5s 627 [ WARN:0@6.788] global grfmt_tiff.cpp:122 TIFF_Warning TIFFReadDirectory: Sum of Photometric type-related color channels and ExtraSamples doesn't match SamplesPerPixel. Defining non-color channels as ExtraSamples.
23.5s 628 [ WARN:0@6.823] global grfmt_tiff.cpp:122 TIFF_Warning TIFFReadDirectory: Sum of Photometric type-related color channels and ExtraSamples doesn't match SamplesPerPixel. Defining non-color channels as ExtraSamples.
23.5s 629 [ WARN:0@6.853] global grfmt_tiff.cpp:122 TIFF_Warning TIFFReadDirectory: Sum of Photometric type-related color channels and ExtraSamples doesn't match SamplesPerPixel. Defining non-color channels as ExtraSamples.
23.5s 630 [ WARN:0@6.885] global grfmt_tiff.cpp:122 TIFF_Warning TIFFReadDirectory: Sum of Photometric type-related color channels and ExtraSamples doesn't match SamplesPerPixel. Defining non-color channels as ExtraSamples.
23.6s 631 [ WARN:0@6.918] global grfmt_tiff.cpp:122 TIFF_Warning TIFFReadDirectory: Sum of Photometric type-related color channels and ExtraSamples doesn't match SamplesPerPixel. Defining non-color channels as ExtraSamples.
23.6s 632 [ WARN:0@6.951] global grfmt_tiff.cpp:122 TIFF_Warning TIFFReadDirectory: Sum of Photometric type-related color channels and ExtraSamples doesn't match SamplesPerPixel. Defining non-color channels as ExtraSamples.
23.6s 633 [ WARN:0@6.983] global grfmt_tiff.cpp:122 TIFF_Warning TIFFReadDirectory: Sum of Photometric type-related color channels and ExtraSamples doesn't match SamplesPerPixel. Defining non-color channels as ExtraSamples.
23.7s 634 [ WARN:0@7.015] global grfmt_tiff.cpp:122 TIFF_Warning TIFFReadDirectory: Sum of Photometric type-related color channels and ExtraSamples doesn't match SamplesPerPixel. Defining non-color channels as ExtraSamples.
23.7s 635 [ WARN:0@7.048] global grfmt_tiff.cpp:122 TIFF_Warning TIFFReadDirectory: Sum of Photometric type-related color channels and ExtraSamples doesn't match SamplesPerPixel. Defining non-color channels as ExtraSamples.
23.7s 636 [ WARN:0@6.853] global grfmt_tiff.cpp:122 TIFF_Warning TIFFReadDirectory: Sum of Photometric type-related color channels and ExtraSamples doesn't match SamplesPerPixel. Defining non-color channels as ExtraSamples.
23.7s 637 [ WARN:0@6.885] global grfmt_tiff.cpp:122 TIFF_Warning TIFFReadDirectory: Sum of Photometric type-related color channels and ExtraSamples doesn't match SamplesPerPixel. Defining non-color channels as ExtraSamples.
23.7s 638 [ WARN:0@6.918] global grfmt_tiff.cpp:122 TIFF_Warning TIFFReadDirectory: Sum of Photometric type-related color channels and ExtraSamples doesn't match SamplesPerPixel. Defining non-color channels as ExtraSamples.
23.7s 639 [ WARN:0@6.951] global grfmt_tiff.cpp:122 TIFF_Warning TIFFReadDirectory: Sum of Photometric type-related color channels and ExtraSamples doesn't match SamplesPerPixel. Defining non-color channels as ExtraSamples.
23.7s 640 [ WARN:0@6.983] global grfmt_tiff.cpp:122 TIFF_Warning TIFFReadDirectory: Sum of Photometric type-related color channels and ExtraSamples doesn't match SamplesPerPixel. Defining non-color channels as ExtraSamples.
23.7s 641 [ WARN:0@7.015] global grfmt_tiff.cpp:122 TIFF_Warning TIFFReadDirectory: Sum of Photometric type-related color channels and ExtraSamples doesn't match SamplesPerPixel. Defining non-color channels as ExtraSamples.
23.7s 642 [ WARN:0@7.048] global grfmt_tiff.cpp:122 TIFF_Warning TIFFReadDirectory: Sum of Photometric type-related color channels and ExtraSamples doesn't match SamplesPerPixel. Defining non-color channels as ExtraSamples.
23.7s 643 
23.7s 644 [ WARN:0@6.853] global grfmt_tiff.cpp:122 TIFF_Warning TIFFReadDirectory: Sum of Photometric type-related color channels and ExtraSamples doesn't match SamplesPerPixel. Defining non-color channels as ExtraSamples.
23.7s 645 [ WARN:0@6.885] global grfmt_tiff.cpp:122 TIFF_Warning TIFFReadDirectory: Sum of Photometric type-related color channels and ExtraSamples doesn't match SamplesPerPixel. Defining non-color channels as ExtraSamples.
23.7s 646 [ WARN:0@6.918] global grfmt_tiff.cpp:122 TIFF_Warning TIFFReadDirectory: Sum of Photometric type-related color channels and ExtraSamples doesn't match SamplesPerPixel. Defining non-color channels as ExtraSamples.
23.7s 647 [ WARN:0@6.951] global grfmt_tiff.cpp:122 TIFF_Warning TIFFReadDirectory: Sum of Photometric type-related color channels and ExtraSamples doesn't match SamplesPerPixel. Defining non-color channels as ExtraSamples.
23.7s 648 [ WARN:0@6.983] global grfmt_tiff.cpp:122 TIFF_Warning TIFFReadDirectory: Sum of Photometric type-related color channels and ExtraSamples doesn't match SamplesPerPixel. Defining non-color channels as ExtraSamples.
23.7s 649 [ WARN:0@7.015] global grfmt_tiff.cpp:122 TIFF_Warning TIFFReadDirectory: Sum of Photometric type-related color channels and ExtraSamples doesn't match SamplesPerPixel. Defining non-color channels as ExtraSamples.
23.7s 650 [ WARN:0@7.048] global grfmt_tiff.cpp:122 TIFF_Warning TIFFReadDirectory: Sum of Photometric type-related color channels and ExtraSamples doesn't match SamplesPerPixel. Defining non-color channels as ExtraSamples.
23.7s 651 [ WARN:0@7.078] global grfmt_tiff.cpp:122 TIFF_Warning TIFFReadDirectory: Sum of Photometric type-related color channels and ExtraSamples doesn't match SamplesPerPixel. Defining non-color channels as ExtraSamples.
23.8s 652 [ WARN:0@7.108] global grfmt_tiff.cpp:122 TIFF_Warning TIFFReadDirectory: Sum of Photometric type-related color channels and ExtraSamples doesn't match SamplesPerPixel. Defining non-color channels as ExtraSamples.
23.8s 653 [ WARN:0@7.141] global grfmt_tiff.cpp:122 TIFF_Warning TIFFReadDirectory: Sum of Photometric type-related color channels and ExtraSamples doesn't match SamplesPerPixel. Defining non-color channels as ExtraSamples.
23.8s 654 [ WARN:0@7.173] global grfmt_tiff.cpp:122 TIFF_Warning TIFFReadDirectory: Sum of Photometric type-related color channels and ExtraSamples doesn't match SamplesPerPixel. Defining non-color channels as ExtraSamples.
23.9s 655 [ WARN:0@7.205] global grfmt_tiff.cpp:122 TIFF_Warning TIFFReadDirectory: Sum of Photometric type-related color channels and ExtraSamples doesn't match SamplesPerPixel. Defining non-color channels as ExtraSamples.
23.9s 656 [ WARN:0@7.239] global grfmt_tiff.cpp:122 TIFF_Warning TIFFReadDirectory: Sum of Photometric type-related color channels and ExtraSamples doesn't match SamplesPerPixel. Defining non-color channels as ExtraSamples.
23.9s 657 [ WARN:0@7.270] global grfmt_tiff.cpp:122 TIFF_Warning TIFFReadDirectory: Sum of Photometric type-related color channels and ExtraSamples doesn't match SamplesPerPixel. Defining non-color channels as ExtraSamples.
23.9s 658 [ WARN:0@7.078] global grfmt_tiff.cpp:122 TIFF_Warning TIFFReadDirectory: Sum of Photometric type-related color channels and ExtraSamples doesn't match SamplesPerPixel. Defining non-color channels as ExtraSamples.
23.9s 659 [ WARN:0@7.108] global grfmt_tiff.cpp:122 TIFF_Warning TIFFReadDirectory: Sum of Photometric type-related color channels and ExtraSamples doesn't match SamplesPerPixel. Defining non-color channels as ExtraSamples.
23.9s 660 [ WARN:0@7.141] global grfmt_tiff.cpp:122 TIFF_Warning TIFFReadDirectory: Sum of Photometric type-related color channels and ExtraSamples doesn't match SamplesPerPixel. Defining non-color channels as ExtraSamples.
23.9s 661 [ WARN:0@7.173] global grfmt_tiff.cpp:122 TIFF_Warning TIFFReadDirectory: Sum of Photometric type-related color channels and ExtraSamples doesn't match SamplesPerPixel. Defining non-color channels as ExtraSamples.
23.9s 662 [ WARN:0@7.205] global grfmt_tiff.cpp:122 TIFF_Warning TIFFReadDirectory: Sum of Photometric type-related color channels and ExtraSamples doesn't match SamplesPerPixel. Defining non-color channels as ExtraSamples.
23.9s 663 [ WARN:0@7.239] global grfmt_tiff.cpp:122 TIFF_Warning TIFFReadDirectory: Sum of Photometric type-related color channels and ExtraSamples doesn't match SamplesPerPixel. Defining non-color channels as ExtraSamples.
23.9s 664 [ WARN:0@7.270] global grfmt_tiff.cpp:122 TIFF_Warning TIFFReadDirectory: Sum of Photometric type-related color channels and ExtraSamples doesn't match SamplesPerPixel. Defining non-color channels as ExtraSamples.
23.9s 665 
23.9s 666 [ WARN:0@7.078] global grfmt_tiff.cpp:122 TIFF_Warning TIFFReadDirectory: Sum of Photometric type-related color channels and ExtraSamples doesn't match SamplesPerPixel. Defining non-color channels as ExtraSamples.
23.9s 667 [ WARN:0@7.108] global grfmt_tiff.cpp:122 TIFF_Warning TIFFReadDirectory: Sum of Photometric type-related color channels and ExtraSamples doesn't match SamplesPerPixel. Defining non-color channels as ExtraSamples.
23.9s 668 [ WARN:0@7.141] global grfmt_tiff.cpp:122 TIFF_Warning TIFFReadDirectory: Sum of Photometric type-related color channels and ExtraSamples doesn't match SamplesPerPixel. Defining non-color channels as ExtraSamples.
23.9s 669 [ WARN:0@7.173] global grfmt_tiff.cpp:122 TIFF_Warning TIFFReadDirectory: Sum of Photometric type-related color channels and ExtraSamples doesn't match SamplesPerPixel. Defining non-color channels as ExtraSamples.
23.9s 670 [ WARN:0@7.205] global grfmt_tiff.cpp:122 TIFF_Warning TIFFReadDirectory: Sum of Photometric type-related color channels and ExtraSamples doesn't match SamplesPerPixel. Defining non-color channels as ExtraSamples.
23.9s 671 [ WARN:0@7.239] global grfmt_tiff.cpp:122 TIFF_Warning TIFFReadDirectory: Sum of Photometric type-related color channels and ExtraSamples doesn't match SamplesPerPixel. Defining non-color channels as ExtraSamples.
23.9s 672 [ WARN:0@7.270] global grfmt_tiff.cpp:122 TIFF_Warning TIFFReadDirectory: Sum of Photometric type-related color channels and ExtraSamples doesn't match SamplesPerPixel. Defining non-color channels as ExtraSamples.
24.0s 673 [ WARN:0@7.305] global grfmt_tiff.cpp:122 TIFF_Warning TIFFReadDirectory: Sum of Photometric type-related color channels and ExtraSamples doesn't match SamplesPerPixel. Defining non-color channels as ExtraSamples.
24.0s 674 [ WARN:0@7.336] global grfmt_tiff.cpp:122 TIFF_Warning TIFFReadDirectory: Sum of Photometric type-related color channels and ExtraSamples doesn't match SamplesPerPixel. Defining non-color channels as ExtraSamples.
24.0s 675 [ WARN:0@7.368] global grfmt_tiff.cpp:122 TIFF_Warning TIFFReadDirectory: Sum of Photometric type-related color channels and ExtraSamples doesn't match SamplesPerPixel. Defining non-color channels as ExtraSamples.
24.1s 676 [ WARN:0@7.399] global grfmt_tiff.cpp:122 TIFF_Warning TIFFReadDirectory: Sum of Photometric type-related color channels and ExtraSamples doesn't match SamplesPerPixel. Defining non-color channels as ExtraSamples.
24.1s 677 [ WARN:0@7.444] global grfmt_tiff.cpp:122 TIFF_Warning TIFFReadDirectory: Sum of Photometric type-related color channels and ExtraSamples doesn't match SamplesPerPixel. Defining non-color channels as ExtraSamples.
24.1s 678 [ WARN:0@7.483] global grfmt_tiff.cpp:122 TIFF_Warning TIFFReadDirectory: Sum of Photometric type-related color channels and ExtraSamples doesn't match SamplesPerPixel. Defining non-color channels as ExtraSamples.
24.2s 679 [ WARN:0@7.305] global grfmt_tiff.cpp:122 TIFF_Warning TIFFReadDirectory: Sum of Photometric type-related color channels and ExtraSamples doesn't match SamplesPerPixel. Defining non-color channels as ExtraSamples.
24.2s 680 [ WARN:0@7.336] global grfmt_tiff.cpp:122 TIFF_Warning TIFFReadDirectory: Sum of Photometric type-related color channels and ExtraSamples doesn't match SamplesPerPixel. Defining non-color channels as ExtraSamples.
24.2s 681 [ WARN:0@7.368] global grfmt_tiff.cpp:122 TIFF_Warning TIFFReadDirectory: Sum of Photometric type-related color channels and ExtraSamples doesn't match SamplesPerPixel. Defining non-color channels as ExtraSamples.
24.2s 682 [ WARN:0@7.399] global grfmt_tiff.cpp:122 TIFF_Warning TIFFReadDirectory: Sum of Photometric type-related color channels and ExtraSamples doesn't match SamplesPerPixel. Defining non-color channels as ExtraSamples.
24.2s 683 [ WARN:0@7.444] global grfmt_tiff.cpp:122 TIFF_Warning TIFFReadDirectory: Sum of Photometric type-related color channels and ExtraSamples doesn't match SamplesPerPixel. Defining non-color channels as ExtraSamples.
24.2s 684 [ WARN:0@7.483] global grfmt_tiff.cpp:122 TIFF_Warning TIFFReadDirectory: Sum of Photometric type-related color channels and ExtraSamples doesn't match SamplesPerPixel. Defining non-color channels as ExtraSamples.
24.2s 685 
24.2s 686 [ WARN:0@7.305] global grfmt_tiff.cpp:122 TIFF_Warning TIFFReadDirectory: Sum of Photometric type-related color channels and ExtraSamples doesn't match SamplesPerPixel. Defining non-color channels as ExtraSamples.
24.2s 687 [ WARN:0@7.336] global grfmt_tiff.cpp:122 TIFF_Warning TIFFReadDirectory: Sum of Photometric type-related color channels and ExtraSamples doesn't match SamplesPerPixel. Defining non-color channels as ExtraSamples.
24.2s 688 [ WARN:0@7.368] global grfmt_tiff.cpp:122 TIFF_Warning TIFFReadDirectory: Sum of Photometric type-related color channels and ExtraSamples doesn't match SamplesPerPixel. Defining non-color channels as ExtraSamples.
24.2s 689 [ WARN:0@7.399] global grfmt_tiff.cpp:122 TIFF_Warning TIFFReadDirectory: Sum of Photometric type-related color channels and ExtraSamples doesn't match SamplesPerPixel. Defining non-color channels as ExtraSamples.
24.2s 690 [ WARN:0@7.444] global grfmt_tiff.cpp:122 TIFF_Warning TIFFReadDirectory: Sum of Photometric type-related color channels and ExtraSamples doesn't match SamplesPerPixel. Defining non-color channels as ExtraSamples.
24.2s 691 [ WARN:0@7.483] global grfmt_tiff.cpp:122 TIFF_Warning TIFFReadDirectory: Sum of Photometric type-related color channels and ExtraSamples doesn't match SamplesPerPixel. Defining non-color channels as ExtraSamples.
24.2s 692 [ WARN:0@7.513] global grfmt_tiff.cpp:122 TIFF_Warning TIFFReadDirectory: Sum of Photometric type-related color channels and ExtraSamples doesn't match SamplesPerPixel. Defining non-color channels as ExtraSamples.
24.2s 693 [ WARN:0@7.542] global grfmt_tiff.cpp:122 TIFF_Warning TIFFReadDirectory: Sum of Photometric type-related color channels and ExtraSamples doesn't match SamplesPerPixel. Defining non-color channels as ExtraSamples.
24.2s 694 [ WARN:0@7.575] global grfmt_tiff.cpp:122 TIFF_Warning TIFFReadDirectory: Sum of Photometric type-related color channels and ExtraSamples doesn't match SamplesPerPixel. Defining non-color channels as ExtraSamples.
24.3s 695 [ WARN:0@7.614] global grfmt_tiff.cpp:122 TIFF_Warning TIFFReadDirectory: Sum of Photometric type-related color channels and ExtraSamples doesn't match SamplesPerPixel. Defining non-color channels as ExtraSamples.
24.3s 696 [ WARN:0@7.650] global grfmt_tiff.cpp:122 TIFF_Warning TIFFReadDirectory: Sum of Photometric type-related color channels and ExtraSamples doesn't match SamplesPerPixel. Defining non-color channels as ExtraSamples.
24.3s 697 [ WARN:0@7.679] global grfmt_tiff.cpp:122 TIFF_Warning TIFFReadDirectory: Sum of Photometric type-related color channels and ExtraSamples doesn't match SamplesPerPixel. Defining non-color channels as ExtraSamples.
24.4s 698 [ WARN:0@7.708] global grfmt_tiff.cpp:122 TIFF_Warning TIFFReadDirectory: Sum of Photometric type-related color channels and ExtraSamples doesn't match SamplesPerPixel. Defining non-color channels as ExtraSamples.
24.4s 699 [ WARN:0@7.513] global grfmt_tiff.cpp:122 TIFF_Warning TIFFReadDirectory: Sum of Photometric type-related color channels and ExtraSamples doesn't match SamplesPerPixel. Defining non-color channels as ExtraSamples.
24.4s 700 [ WARN:0@7.542] global grfmt_tiff.cpp:122 TIFF_Warning TIFFReadDirectory: Sum of Photometric type-related color channels and ExtraSamples doesn't match SamplesPerPixel. Defining non-color channels as ExtraSamples.
24.4s 701 [ WARN:0@7.575] global grfmt_tiff.cpp:122 TIFF_Warning TIFFReadDirectory: Sum of Photometric type-related color channels and ExtraSamples doesn't match SamplesPerPixel. Defining non-color channels as ExtraSamples.
24.4s 702 [ WARN:0@7.614] global grfmt_tiff.cpp:122 TIFF_Warning TIFFReadDirectory: Sum of Photometric type-related color channels and ExtraSamples doesn't match SamplesPerPixel. Defining non-color channels as ExtraSamples.
24.4s 703 [ WARN:0@7.650] global grfmt_tiff.cpp:122 TIFF_Warning TIFFReadDirectory: Sum of Photometric type-related color channels and ExtraSamples doesn't match SamplesPerPixel. Defining non-color channels as ExtraSamples.
24.4s 704 [ WARN:0@7.679] global grfmt_tiff.cpp:122 TIFF_Warning TIFFReadDirectory: Sum of Photometric type-related color channels and ExtraSamples doesn't match SamplesPerPixel. Defining non-color channels as ExtraSamples.
24.4s 705 [ WARN:0@7.708] global grfmt_tiff.cpp:122 TIFF_Warning TIFFReadDirectory: Sum of Photometric type-related color channels and ExtraSamples doesn't match SamplesPerPixel. Defining non-color channels as ExtraSamples.
24.4s 706 
24.4s 707 [ WARN:0@7.513] global grfmt_tiff.cpp:122 TIFF_Warning TIFFReadDirectory: Sum of Photometric type-related color channels and ExtraSamples doesn't match SamplesPerPixel. Defining non-color channels as ExtraSamples.
24.4s 708 [ WARN:0@7.542] global grfmt_tiff.cpp:122 TIFF_Warning TIFFReadDirectory: Sum of Photometric type-related color channels and ExtraSamples doesn't match SamplesPerPixel. Defining non-color channels as ExtraSamples.
24.4s 709 [ WARN:0@7.575] global grfmt_tiff.cpp:122 TIFF_Warning TIFFReadDirectory: Sum of Photometric type-related color channels and ExtraSamples doesn't match SamplesPerPixel. Defining non-color channels as ExtraSamples.
24.4s 710 [ WARN:0@7.614] global grfmt_tiff.cpp:122 TIFF_Warning TIFFReadDirectory: Sum of Photometric type-related color channels and ExtraSamples doesn't match SamplesPerPixel. Defining non-color channels as ExtraSamples.
24.4s 711 [ WARN:0@7.650] global grfmt_tiff.cpp:122 TIFF_Warning TIFFReadDirectory: Sum of Photometric type-related color channels and ExtraSamples doesn't match SamplesPerPixel. Defining non-color channels as ExtraSamples.
24.4s 712 [ WARN:0@7.679] global grfmt_tiff.cpp:122 TIFF_Warning TIFFReadDirectory: Sum of Photometric type-related color channels and ExtraSamples doesn't match SamplesPerPixel. Defining non-color channels as ExtraSamples.
24.4s 713 [ WARN:0@7.708] global grfmt_tiff.cpp:122 TIFF_Warning TIFFReadDirectory: Sum of Photometric type-related color channels and ExtraSamples doesn't match SamplesPerPixel. Defining non-color channels as ExtraSamples.
24.4s 714 [ WARN:0@7.739] global grfmt_tiff.cpp:122 TIFF_Warning TIFFReadDirectory: Sum of Photometric type-related color channels and ExtraSamples doesn't match SamplesPerPixel. Defining non-color channels as ExtraSamples.
24.4s 715 [ WARN:0@7.771] global grfmt_tiff.cpp:122 TIFF_Warning TIFFReadDirectory: Sum of Photometric type-related color channels and ExtraSamples doesn't match SamplesPerPixel. Defining non-color channels as ExtraSamples.
24.5s 716 [ WARN:0@7.802] global grfmt_tiff.cpp:122 TIFF_Warning TIFFReadDirectory: Sum of Photometric type-related color channels and ExtraSamples doesn't match SamplesPerPixel. Defining non-color channels as ExtraSamples.
24.5s 717 [ WARN:0@7.832] global grfmt_tiff.cpp:122 TIFF_Warning TIFFReadDirectory: Sum of Photometric type-related color channels and ExtraSamples doesn't match SamplesPerPixel. Defining non-color channels as ExtraSamples.
24.5s 718 [ WARN:0@7.866] global grfmt_tiff.cpp:122 TIFF_Warning TIFFReadDirectory: Sum of Photometric type-related color channels and ExtraSamples doesn't match SamplesPerPixel. Defining non-color channels as ExtraSamples.
24.6s 719 [ WARN:0@7.896] global grfmt_tiff.cpp:122 TIFF_Warning TIFFReadDirectory: Sum of Photometric type-related color channels and ExtraSamples doesn't match SamplesPerPixel. Defining non-color channels as ExtraSamples.
24.6s 720 [ WARN:0@7.927] global grfmt_tiff.cpp:122 TIFF_Warning TIFFReadDirectory: Sum of Photometric type-related color channels and ExtraSamples doesn't match SamplesPerPixel. Defining non-color channels as ExtraSamples.
24.6s 721 [ WARN:0@7.739] global grfmt_tiff.cpp:122 TIFF_Warning TIFFReadDirectory: Sum of Photometric type-related color channels and ExtraSamples doesn't match SamplesPerPixel. Defining non-color channels as ExtraSamples.
24.6s 722 [ WARN:0@7.771] global grfmt_tiff.cpp:122 TIFF_Warning TIFFReadDirectory: Sum of Photometric type-related color channels and ExtraSamples doesn't match SamplesPerPixel. Defining non-color channels as ExtraSamples.
24.6s 723 [ WARN:0@7.802] global grfmt_tiff.cpp:122 TIFF_Warning TIFFReadDirectory: Sum of Photometric type-related color channels and ExtraSamples doesn't match SamplesPerPixel. Defining non-color channels as ExtraSamples.
24.6s 724 [ WARN:0@7.832] global grfmt_tiff.cpp:122 TIFF_Warning TIFFReadDirectory: Sum of Photometric type-related color channels and ExtraSamples doesn't match SamplesPerPixel. Defining non-color channels as ExtraSamples.
24.6s 725 [ WARN:0@7.866] global grfmt_tiff.cpp:122 TIFF_Warning TIFFReadDirectory: Sum of Photometric type-related color channels and ExtraSamples doesn't match SamplesPerPixel. Defining non-color channels as ExtraSamples.
24.6s 726 [ WARN:0@7.896] global grfmt_tiff.cpp:122 TIFF_Warning TIFFReadDirectory: Sum of Photometric type-related color channels and ExtraSamples doesn't match SamplesPerPixel. Defining non-color channels as ExtraSamples.
24.6s 727 [ WARN:0@7.927] global grfmt_tiff.cpp:122 TIFF_Warning TIFFReadDirectory: Sum of Photometric type-related color channels and ExtraSamples doesn't match SamplesPerPixel. Defining non-color channels as ExtraSamples.
24.6s 728 
24.6s 729 [ WARN:0@7.739] global grfmt_tiff.cpp:122 TIFF_Warning TIFFReadDirectory: Sum of Photometric type-related color channels and ExtraSamples doesn't match SamplesPerPixel. Defining non-color channels as ExtraSamples.
24.6s 730 [ WARN:0@7.771] global grfmt_tiff.cpp:122 TIFF_Warning TIFFReadDirectory: Sum of Photometric type-related color channels and ExtraSamples doesn't match SamplesPerPixel. Defining non-color channels as ExtraSamples.
24.6s 731 [ WARN:0@7.802] global grfmt_tiff.cpp:122 TIFF_Warning TIFFReadDirectory: Sum of Photometric type-related color channels and ExtraSamples doesn't match SamplesPerPixel. Defining non-color channels as ExtraSamples.
24.6s 732 [ WARN:0@7.832] global grfmt_tiff.cpp:122 TIFF_Warning TIFFReadDirectory: Sum of Photometric type-related color channels and ExtraSamples doesn't match SamplesPerPixel. Defining non-color channels as ExtraSamples.
24.6s 733 [ WARN:0@7.866] global grfmt_tiff.cpp:122 TIFF_Warning TIFFReadDirectory: Sum of Photometric type-related color channels and ExtraSamples doesn't match SamplesPerPixel. Defining non-color channels as ExtraSamples.
24.6s 734 [ WARN:0@7.896] global grfmt_tiff.cpp:122 TIFF_Warning TIFFReadDirectory: Sum of Photometric type-related color channels and ExtraSamples doesn't match SamplesPerPixel. Defining non-color channels as ExtraSamples.
24.6s 735 [ WARN:0@7.927] global grfmt_tiff.cpp:122 TIFF_Warning TIFFReadDirectory: Sum of Photometric type-related color channels and ExtraSamples doesn't match SamplesPerPixel. Defining non-color channels as ExtraSamples.
24.6s 736 [ WARN:0@7.959] global grfmt_tiff.cpp:122 TIFF_Warning TIFFReadDirectory: Sum of Photometric type-related color channels and ExtraSamples doesn't match SamplesPerPixel. Defining non-color channels as ExtraSamples.
24.7s 737 [ WARN:0@7.997] global grfmt_tiff.cpp:122 TIFF_Warning TIFFReadDirectory: Sum of Photometric type-related color channels and ExtraSamples doesn't match SamplesPerPixel. Defining non-color channels as ExtraSamples.
24.7s 738 [ WARN:0@8.028] global grfmt_tiff.cpp:122 TIFF_Warning TIFFReadDirectory: Sum of Photometric type-related color channels and ExtraSamples doesn't match SamplesPerPixel. Defining non-color channels as ExtraSamples.
24.7s 739 [ WARN:0@8.066] global grfmt_tiff.cpp:122 TIFF_Warning TIFFReadDirectory: Sum of Photometric type-related color channels and ExtraSamples doesn't match SamplesPerPixel. Defining non-color channels as ExtraSamples.
24.8s 740 [ WARN:0@8.099] global grfmt_tiff.cpp:122 TIFF_Warning TIFFReadDirectory: Sum of Photometric type-related color channels and ExtraSamples doesn't match SamplesPerPixel. Defining non-color channels as ExtraSamples.
24.8s 741 [ WARN:0@8.130] global grfmt_tiff.cpp:122 TIFF_Warning TIFFReadDirectory: Sum of Photometric type-related color channels and ExtraSamples doesn't match SamplesPerPixel. Defining non-color channels as ExtraSamples.
24.8s 742 [ WARN:0@7.959] global grfmt_tiff.cpp:122 TIFF_Warning TIFFReadDirectory: Sum of Photometric type-related color channels and ExtraSamples doesn't match SamplesPerPixel. Defining non-color channels as ExtraSamples.
24.8s 743 [ WARN:0@7.997] global grfmt_tiff.cpp:122 TIFF_Warning TIFFReadDirectory: Sum of Photometric type-related color channels and ExtraSamples doesn't match SamplesPerPixel. Defining non-color channels as ExtraSamples.
24.8s 744 [ WARN:0@8.028] global grfmt_tiff.cpp:122 TIFF_Warning TIFFReadDirectory: Sum of Photometric type-related color channels and ExtraSamples doesn't match SamplesPerPixel. Defining non-color channels as ExtraSamples.
24.8s 745 [ WARN:0@8.066] global grfmt_tiff.cpp:122 TIFF_Warning TIFFReadDirectory: Sum of Photometric type-related color channels and ExtraSamples doesn't match SamplesPerPixel. Defining non-color channels as ExtraSamples.
24.8s 746 [ WARN:0@8.099] global grfmt_tiff.cpp:122 TIFF_Warning TIFFReadDirectory: Sum of Photometric type-related color channels and ExtraSamples doesn't match SamplesPerPixel. Defining non-color channels as ExtraSamples.
24.8s 747 [ WARN:0@8.130] global grfmt_tiff.cpp:122 TIFF_Warning TIFFReadDirectory: Sum of Photometric type-related color channels and ExtraSamples doesn't match SamplesPerPixel. Defining non-color channels as ExtraSamples.
24.8s 748 
24.8s 749 [ WARN:0@7.959] global grfmt_tiff.cpp:122 TIFF_Warning TIFFReadDirectory: Sum of Photometric type-related color channels and ExtraSamples doesn't match SamplesPerPixel. Defining non-color channels as ExtraSamples.
24.8s 750 [ WARN:0@7.997] global grfmt_tiff.cpp:122 TIFF_Warning TIFFReadDirectory: Sum of Photometric type-related color channels and ExtraSamples doesn't match SamplesPerPixel. Defining non-color channels as ExtraSamples.
24.8s 751 [ WARN:0@8.028] global grfmt_tiff.cpp:122 TIFF_Warning TIFFReadDirectory: Sum of Photometric type-related color channels and ExtraSamples doesn't match SamplesPerPixel. Defining non-color channels as ExtraSamples.
24.8s 752 [ WARN:0@8.066] global grfmt_tiff.cpp:122 TIFF_Warning TIFFReadDirectory: Sum of Photometric type-related color channels and ExtraSamples doesn't match SamplesPerPixel. Defining non-color channels as ExtraSamples.
24.8s 753 [ WARN:0@8.099] global grfmt_tiff.cpp:122 TIFF_Warning TIFFReadDirectory: Sum of Photometric type-related color channels and ExtraSamples doesn't match SamplesPerPixel. Defining non-color channels as ExtraSamples.
24.8s 754 [ WARN:0@8.130] global grfmt_tiff.cpp:122 TIFF_Warning TIFFReadDirectory: Sum of Photometric type-related color channels and ExtraSamples doesn't match SamplesPerPixel. Defining non-color channels as ExtraSamples.
24.8s 755 [ WARN:0@8.175] global grfmt_tiff.cpp:122 TIFF_Warning TIFFReadDirectory: Sum of Photometric type-related color channels and ExtraSamples doesn't match SamplesPerPixel. Defining non-color channels as ExtraSamples.
24.9s 756 [ WARN:0@8.216] global grfmt_tiff.cpp:122 TIFF_Warning TIFFReadDirectory: Sum of Photometric type-related color channels and ExtraSamples doesn't match SamplesPerPixel. Defining non-color channels as ExtraSamples.
24.9s 757 [ WARN:0@8.251] global grfmt_tiff.cpp:122 TIFF_Warning TIFFReadDirectory: Sum of Photometric type-related color channels and ExtraSamples doesn't match SamplesPerPixel. Defining non-color channels as ExtraSamples.
25.0s 758 [ WARN:0@8.306] global grfmt_tiff.cpp:122 TIFF_Warning TIFFReadDirectory: Sum of Photometric type-related color channels and ExtraSamples doesn't match SamplesPerPixel. Defining non-color channels as ExtraSamples.
25.0s 759 [ WARN:0@8.345] global grfmt_tiff.cpp:122 TIFF_Warning TIFFReadDirectory: Sum of Photometric type-related color channels and ExtraSamples doesn't match SamplesPerPixel. Defining non-color channels as ExtraSamples.
25.0s 760 [ WARN:0@8.175] global grfmt_tiff.cpp:122 TIFF_Warning TIFFReadDirectory: Sum of Photometric type-related color channels and ExtraSamples doesn't match SamplesPerPixel. Defining non-color channels as ExtraSamples.
25.0s 761 [ WARN:0@8.216] global grfmt_tiff.cpp:122 TIFF_Warning TIFFReadDirectory: Sum of Photometric type-related color channels and ExtraSamples doesn't match SamplesPerPixel. Defining non-color channels as ExtraSamples.
25.0s 762 [ WARN:0@8.251] global grfmt_tiff.cpp:122 TIFF_Warning TIFFReadDirectory: Sum of Photometric type-related color channels and ExtraSamples doesn't match SamplesPerPixel. Defining non-color channels as ExtraSamples.
25.0s 763 [ WARN:0@8.306] global grfmt_tiff.cpp:122 TIFF_Warning TIFFReadDirectory: Sum of Photometric type-related color channels and ExtraSamples doesn't match SamplesPerPixel. Defining non-color channels as ExtraSamples.
25.0s 764 [ WARN:0@8.345] global grfmt_tiff.cpp:122 TIFF_Warning TIFFReadDirectory: Sum of Photometric type-related color channels and ExtraSamples doesn't match SamplesPerPixel. Defining non-color channels as ExtraSamples.
25.0s 765 
25.0s 766 [ WARN:0@8.175] global grfmt_tiff.cpp:122 TIFF_Warning TIFFReadDirectory: Sum of Photometric type-related color channels and ExtraSamples doesn't match SamplesPerPixel. Defining non-color channels as ExtraSamples.
25.0s 767 [ WARN:0@8.216] global grfmt_tiff.cpp:122 TIFF_Warning TIFFReadDirectory: Sum of Photometric type-related color channels and ExtraSamples doesn't match SamplesPerPixel. Defining non-color channels as ExtraSamples.
25.0s 768 [ WARN:0@8.251] global grfmt_tiff.cpp:122 TIFF_Warning TIFFReadDirectory: Sum of Photometric type-related color channels and ExtraSamples doesn't match SamplesPerPixel. Defining non-color channels as ExtraSamples.
25.0s 769 [ WARN:0@8.306] global grfmt_tiff.cpp:122 TIFF_Warning TIFFReadDirectory: Sum of Photometric type-related color channels and ExtraSamples doesn't match SamplesPerPixel. Defining non-color channels as ExtraSamples.
25.0s 770 [ WARN:0@8.345] global grfmt_tiff.cpp:122 TIFF_Warning TIFFReadDirectory: Sum of Photometric type-related color channels and ExtraSamples doesn't match SamplesPerPixel. Defining non-color channels as ExtraSamples.
25.0s 771 [ WARN:0@8.378] global grfmt_tiff.cpp:122 TIFF_Warning TIFFReadDirectory: Sum of Photometric type-related color channels and ExtraSamples doesn't match SamplesPerPixel. Defining non-color channels as ExtraSamples.
25.1s 772 [ WARN:0@8.412] global grfmt_tiff.cpp:122 TIFF_Warning TIFFReadDirectory: Sum of Photometric type-related color channels and ExtraSamples doesn't match SamplesPerPixel. Defining non-color channels as ExtraSamples.
25.1s 773 [ WARN:0@8.450] global grfmt_tiff.cpp:122 TIFF_Warning TIFFReadDirectory: Sum of Photometric type-related color channels and ExtraSamples doesn't match SamplesPerPixel. Defining non-color channels as ExtraSamples.
25.1s 774 [ WARN:0@8.486] global grfmt_tiff.cpp:122 TIFF_Warning TIFFReadDirectory: Sum of Photometric type-related color channels and ExtraSamples doesn't match SamplesPerPixel. Defining non-color channels as ExtraSamples.
25.2s 775 [ WARN:0@8.521] global grfmt_tiff.cpp:122 TIFF_Warning TIFFReadDirectory: Sum of Photometric type-related color channels and ExtraSamples doesn't match SamplesPerPixel. Defining non-color channels as ExtraSamples.
25.2s 776 [ WARN:0@8.556] global grfmt_tiff.cpp:122 TIFF_Warning TIFFReadDirectory: Sum of Photometric type-related color channels and ExtraSamples doesn't match SamplesPerPixel. Defining non-color channels as ExtraSamples.
25.2s 777 [ WARN:0@8.378] global grfmt_tiff.cpp:122 TIFF_Warning TIFFReadDirectory: Sum of Photometric type-related color channels and ExtraSamples doesn't match SamplesPerPixel. Defining non-color channels as ExtraSamples.
25.2s 778 [ WARN:0@8.412] global grfmt_tiff.cpp:122 TIFF_Warning TIFFReadDirectory: Sum of Photometric type-related color channels and ExtraSamples doesn't match SamplesPerPixel. Defining non-color channels as ExtraSamples.
25.2s 779 [ WARN:0@8.450] global grfmt_tiff.cpp:122 TIFF_Warning TIFFReadDirectory: Sum of Photometric type-related color channels and ExtraSamples doesn't match SamplesPerPixel. Defining non-color channels as ExtraSamples.
25.2s 780 [ WARN:0@8.486] global grfmt_tiff.cpp:122 TIFF_Warning TIFFReadDirectory: Sum of Photometric type-related color channels and ExtraSamples doesn't match SamplesPerPixel. Defining non-color channels as ExtraSamples.
25.2s 781 [ WARN:0@8.521] global grfmt_tiff.cpp:122 TIFF_Warning TIFFReadDirectory: Sum of Photometric type-related color channels and ExtraSamples doesn't match SamplesPerPixel. Defining non-color channels as ExtraSamples.
25.2s 782 [ WARN:0@8.556] global grfmt_tiff.cpp:122 TIFF_Warning TIFFReadDirectory: Sum of Photometric type-related color channels and ExtraSamples doesn't match SamplesPerPixel. Defining non-color channels as ExtraSamples.
25.2s 783 
25.2s 784 [ WARN:0@8.378] global grfmt_tiff.cpp:122 TIFF_Warning TIFFReadDirectory: Sum of Photometric type-related color channels and ExtraSamples doesn't match SamplesPerPixel. Defining non-color channels as ExtraSamples.
25.2s 785 [ WARN:0@8.412] global grfmt_tiff.cpp:122 TIFF_Warning TIFFReadDirectory: Sum of Photometric type-related color channels and ExtraSamples doesn't match SamplesPerPixel. Defining non-color channels as ExtraSamples.
25.2s 786 [ WARN:0@8.450] global grfmt_tiff.cpp:122 TIFF_Warning TIFFReadDirectory: Sum of Photometric type-related color channels and ExtraSamples doesn't match SamplesPerPixel. Defining non-color channels as ExtraSamples.
25.2s 787 [ WARN:0@8.486] global grfmt_tiff.cpp:122 TIFF_Warning TIFFReadDirectory: Sum of Photometric type-related color channels and ExtraSamples doesn't match SamplesPerPixel. Defining non-color channels as ExtraSamples.
25.2s 788 [ WARN:0@8.521] global grfmt_tiff.cpp:122 TIFF_Warning TIFFReadDirectory: Sum of Photometric type-related color channels and ExtraSamples doesn't match SamplesPerPixel. Defining non-color channels as ExtraSamples.
25.2s 789 [ WARN:0@8.556] global grfmt_tiff.cpp:122 TIFF_Warning TIFFReadDirectory: Sum of Photometric type-related color channels and ExtraSamples doesn't match SamplesPerPixel. Defining non-color channels as ExtraSamples.
25.2s 790 [ WARN:0@8.595] global grfmt_tiff.cpp:122 TIFF_Warning TIFFReadDirectory: Sum of Photometric type-related color channels and ExtraSamples doesn't match SamplesPerPixel. Defining non-color channels as ExtraSamples.
25.3s 791 [ WARN:0@8.634] global grfmt_tiff.cpp:122 TIFF_Warning TIFFReadDirectory: Sum of Photometric type-related color channels and ExtraSamples doesn't match SamplesPerPixel. Defining non-color channels as ExtraSamples.
25.3s 792 [ WARN:0@8.670] global grfmt_tiff.cpp:122 TIFF_Warning TIFFReadDirectory: Sum of Photometric type-related color channels and ExtraSamples doesn't match SamplesPerPixel. Defining non-color channels as ExtraSamples.
25.4s 793 [ WARN:0@8.705] global grfmt_tiff.cpp:122 TIFF_Warning TIFFReadDirectory: Sum of Photometric type-related color channels and ExtraSamples doesn't match SamplesPerPixel. Defining non-color channels as ExtraSamples.
25.4s 794 [ WARN:0@8.740] global grfmt_tiff.cpp:122 TIFF_Warning TIFFReadDirectory: Sum of Photometric type-related color channels and ExtraSamples doesn't match SamplesPerPixel. Defining non-color channels as ExtraSamples.
25.4s 795 [ WARN:0@8.773] global grfmt_tiff.cpp:122 TIFF_Warning TIFFReadDirectory: Sum of Photometric type-related color channels and ExtraSamples doesn't match SamplesPerPixel. Defining non-color channels as ExtraSamples.
25.5s 796 [ WARN:0@8.595] global grfmt_tiff.cpp:122 TIFF_Warning TIFFReadDirectory: Sum of Photometric type-related color channels and ExtraSamples doesn't match SamplesPerPixel. Defining non-color channels as ExtraSamples.
25.5s 797 [ WARN:0@8.634] global grfmt_tiff.cpp:122 TIFF_Warning TIFFReadDirectory: Sum of Photometric type-related color channels and ExtraSamples doesn't match SamplesPerPixel. Defining non-color channels as ExtraSamples.
25.5s 798 [ WARN:0@8.670] global grfmt_tiff.cpp:122 TIFF_Warning TIFFReadDirectory: Sum of Photometric type-related color channels and ExtraSamples doesn't match SamplesPerPixel. Defining non-color channels as ExtraSamples.
25.5s 799 [ WARN:0@8.705] global grfmt_tiff.cpp:122 TIFF_Warning TIFFReadDirectory: Sum of Photometric type-related color channels and ExtraSamples doesn't match SamplesPerPixel. Defining non-color channels as ExtraSamples.
25.5s 800 [ WARN:0@8.740] global grfmt_tiff.cpp:122 TIFF_Warning TIFFReadDirectory: Sum of Photometric type-related color channels and ExtraSamples doesn't match SamplesPerPixel. Defining non-color channels as ExtraSamples.
25.5s 801 [ WARN:0@8.773] global grfmt_tiff.cpp:122 TIFF_Warning TIFFReadDirectory: Sum of Photometric type-related color channels and ExtraSamples doesn't match SamplesPerPixel. Defining non-color channels as ExtraSamples.
25.5s 802 
25.5s 803 [ WARN:0@8.595] global grfmt_tiff.cpp:122 TIFF_Warning TIFFReadDirectory: Sum of Photometric type-related color channels and ExtraSamples doesn't match SamplesPerPixel. Defining non-color channels as ExtraSamples.
25.5s 804 [ WARN:0@8.634] global grfmt_tiff.cpp:122 TIFF_Warning TIFFReadDirectory: Sum of Photometric type-related color channels and ExtraSamples doesn't match SamplesPerPixel. Defining non-color channels as ExtraSamples.
25.5s 805 [ WARN:0@8.670] global grfmt_tiff.cpp:122 TIFF_Warning TIFFReadDirectory: Sum of Photometric type-related color channels and ExtraSamples doesn't match SamplesPerPixel. Defining non-color channels as ExtraSamples.
25.5s 806 [ WARN:0@8.705] global grfmt_tiff.cpp:122 TIFF_Warning TIFFReadDirectory: Sum of Photometric type-related color channels and ExtraSamples doesn't match SamplesPerPixel. Defining non-color channels as ExtraSamples.
25.5s 807 [ WARN:0@8.740] global grfmt_tiff.cpp:122 TIFF_Warning TIFFReadDirectory: Sum of Photometric type-related color channels and ExtraSamples doesn't match SamplesPerPixel. Defining non-color channels as ExtraSamples.
25.5s 808 [ WARN:0@8.773] global grfmt_tiff.cpp:122 TIFF_Warning TIFFReadDirectory: Sum of Photometric type-related color channels and ExtraSamples doesn't match SamplesPerPixel. Defining non-color channels as ExtraSamples.
25.5s 809 [ WARN:0@8.806] global grfmt_tiff.cpp:122 TIFF_Warning TIFFReadDirectory: Sum of Photometric type-related color channels and ExtraSamples doesn't match SamplesPerPixel. Defining non-color channels as ExtraSamples.
25.5s 810 [ WARN:0@8.839] global grfmt_tiff.cpp:122 TIFF_Warning TIFFReadDirectory: Sum of Photometric type-related color channels and ExtraSamples doesn't match SamplesPerPixel. Defining non-color channels as ExtraSamples.
25.5s 811 [ WARN:0@8.873] global grfmt_tiff.cpp:122 TIFF_Warning TIFFReadDirectory: Sum of Photometric type-related color channels and ExtraSamples doesn't match SamplesPerPixel. Defining non-color channels as ExtraSamples.
25.6s 812 [ WARN:0@8.905] global grfmt_tiff.cpp:122 TIFF_Warning TIFFReadDirectory: Sum of Photometric type-related color channels and ExtraSamples doesn't match SamplesPerPixel. Defining non-color channels as ExtraSamples.
25.6s 813 [ WARN:0@8.938] global grfmt_tiff.cpp:122 TIFF_Warning TIFFReadDirectory: Sum of Photometric type-related color channels and ExtraSamples doesn't match SamplesPerPixel. Defining non-color channels as ExtraSamples.
25.6s 814 [ WARN:0@8.971] global grfmt_tiff.cpp:122 TIFF_Warning TIFFReadDirectory: Sum of Photometric type-related color channels and ExtraSamples doesn't match SamplesPerPixel. Defining non-color channels as ExtraSamples.
25.7s 815 [ WARN:0@9.004] global grfmt_tiff.cpp:122 TIFF_Warning TIFFReadDirectory: Sum of Photometric type-related color channels and ExtraSamples doesn't match SamplesPerPixel. Defining non-color channels as ExtraSamples.
25.7s 816 [ WARN:0@8.806] global grfmt_tiff.cpp:122 TIFF_Warning TIFFReadDirectory: Sum of Photometric type-related color channels and ExtraSamples doesn't match SamplesPerPixel. Defining non-color channels as ExtraSamples.
25.7s 817 [ WARN:0@8.839] global grfmt_tiff.cpp:122 TIFF_Warning TIFFReadDirectory: Sum of Photometric type-related color channels and ExtraSamples doesn't match SamplesPerPixel. Defining non-color channels as ExtraSamples.
25.7s 818 [ WARN:0@8.873] global grfmt_tiff.cpp:122 TIFF_Warning TIFFReadDirectory: Sum of Photometric type-related color channels and ExtraSamples doesn't match SamplesPerPixel. Defining non-color channels as ExtraSamples.
25.7s 819 [ WARN:0@8.905] global grfmt_tiff.cpp:122 TIFF_Warning TIFFReadDirectory: Sum of Photometric type-related color channels and ExtraSamples doesn't match SamplesPerPixel. Defining non-color channels as ExtraSamples.
25.7s 820 [ WARN:0@8.938] global grfmt_tiff.cpp:122 TIFF_Warning TIFFReadDirectory: Sum of Photometric type-related color channels and ExtraSamples doesn't match SamplesPerPixel. Defining non-color channels as ExtraSamples.
25.7s 821 [ WARN:0@8.971] global grfmt_tiff.cpp:122 TIFF_Warning TIFFReadDirectory: Sum of Photometric type-related color channels and ExtraSamples doesn't match SamplesPerPixel. Defining non-color channels as ExtraSamples.
25.7s 822 [ WARN:0@9.004] global grfmt_tiff.cpp:122 TIFF_Warning TIFFReadDirectory: Sum of Photometric type-related color channels and ExtraSamples doesn't match SamplesPerPixel. Defining non-color channels as ExtraSamples.
25.7s 823 
25.7s 824 [ WARN:0@8.806] global grfmt_tiff.cpp:122 TIFF_Warning TIFFReadDirectory: Sum of Photometric type-related color channels and ExtraSamples doesn't match SamplesPerPixel. Defining non-color channels as ExtraSamples.
25.7s 825 [ WARN:0@8.839] global grfmt_tiff.cpp:122 TIFF_Warning TIFFReadDirectory: Sum of Photometric type-related color channels and ExtraSamples doesn't match SamplesPerPixel. Defining non-color channels as ExtraSamples.
25.7s 826 [ WARN:0@8.873] global grfmt_tiff.cpp:122 TIFF_Warning TIFFReadDirectory: Sum of Photometric type-related color channels and ExtraSamples doesn't match SamplesPerPixel. Defining non-color channels as ExtraSamples.
25.7s 827 [ WARN:0@8.905] global grfmt_tiff.cpp:122 TIFF_Warning TIFFReadDirectory: Sum of Photometric type-related color channels and ExtraSamples doesn't match SamplesPerPixel. Defining non-color channels as ExtraSamples.
25.7s 828 [ WARN:0@8.938] global grfmt_tiff.cpp:122 TIFF_Warning TIFFReadDirectory: Sum of Photometric type-related color channels and ExtraSamples doesn't match SamplesPerPixel. Defining non-color channels as ExtraSamples.
25.7s 829 [ WARN:0@8.971] global grfmt_tiff.cpp:122 TIFF_Warning TIFFReadDirectory: Sum of Photometric type-related color channels and ExtraSamples doesn't match SamplesPerPixel. Defining non-color channels as ExtraSamples.
25.7s 830 [ WARN:0@9.004] global grfmt_tiff.cpp:122 TIFF_Warning TIFFReadDirectory: Sum of Photometric type-related color channels and ExtraSamples doesn't match SamplesPerPixel. Defining non-color channels as ExtraSamples.
25.7s 831 [ WARN:0@9.049] global grfmt_tiff.cpp:122 TIFF_Warning TIFFReadDirectory: Sum of Photometric type-related color channels and ExtraSamples doesn't match SamplesPerPixel. Defining non-color channels as ExtraSamples.
25.7s 832 [ WARN:0@9.078] global grfmt_tiff.cpp:122 TIFF_Warning TIFFReadDirectory: Sum of Photometric type-related color channels and ExtraSamples doesn't match SamplesPerPixel. Defining non-color channels as ExtraSamples.
25.8s 833 [ WARN:0@9.113] global grfmt_tiff.cpp:122 TIFF_Warning TIFFReadDirectory: Sum of Photometric type-related color channels and ExtraSamples doesn't match SamplesPerPixel. Defining non-color channels as ExtraSamples.
25.8s 834 [ WARN:0@9.170] global grfmt_tiff.cpp:122 TIFF_Warning TIFFReadDirectory: Sum of Photometric type-related color channels and ExtraSamples doesn't match SamplesPerPixel. Defining non-color channels as ExtraSamples.
25.9s 835 [ WARN:0@9.217] global grfmt_tiff.cpp:122 TIFF_Warning TIFFReadDirectory: Sum of Photometric type-related color channels and ExtraSamples doesn't match SamplesPerPixel. Defining non-color channels as ExtraSamples.
25.9s 836 [ WARN:0@9.049] global grfmt_tiff.cpp:122 TIFF_Warning TIFFReadDirectory: Sum of Photometric type-related color channels and ExtraSamples doesn't match SamplesPerPixel. Defining non-color channels as ExtraSamples.
25.9s 837 [ WARN:0@9.078] global grfmt_tiff.cpp:122 TIFF_Warning TIFFReadDirectory: Sum of Photometric type-related color channels and ExtraSamples doesn't match SamplesPerPixel. Defining non-color channels as ExtraSamples.
25.9s 838 [ WARN:0@9.113] global grfmt_tiff.cpp:122 TIFF_Warning TIFFReadDirectory: Sum of Photometric type-related color channels and ExtraSamples doesn't match SamplesPerPixel. Defining non-color channels as ExtraSamples.
25.9s 839 [ WARN:0@9.170] global grfmt_tiff.cpp:122 TIFF_Warning TIFFReadDirectory: Sum of Photometric type-related color channels and ExtraSamples doesn't match SamplesPerPixel. Defining non-color channels as ExtraSamples.
25.9s 840 [ WARN:0@9.217] global grfmt_tiff.cpp:122 TIFF_Warning TIFFReadDirectory: Sum of Photometric type-related color channels and ExtraSamples doesn't match SamplesPerPixel. Defining non-color channels as ExtraSamples.
25.9s 841 
25.9s 842 [ WARN:0@9.049] global grfmt_tiff.cpp:122 TIFF_Warning TIFFReadDirectory: Sum of Photometric type-related color channels and ExtraSamples doesn't match SamplesPerPixel. Defining non-color channels as ExtraSamples.
25.9s 843 [ WARN:0@9.078] global grfmt_tiff.cpp:122 TIFF_Warning TIFFReadDirectory: Sum of Photometric type-related color channels and ExtraSamples doesn't match SamplesPerPixel. Defining non-color channels as ExtraSamples.
25.9s 844 [ WARN:0@9.113] global grfmt_tiff.cpp:122 TIFF_Warning TIFFReadDirectory: Sum of Photometric type-related color channels and ExtraSamples doesn't match SamplesPerPixel. Defining non-color channels as ExtraSamples.
25.9s 845 [ WARN:0@9.170] global grfmt_tiff.cpp:122 TIFF_Warning TIFFReadDirectory: Sum of Photometric type-related color channels and ExtraSamples doesn't match SamplesPerPixel. Defining non-color channels as ExtraSamples.
25.9s 846 [ WARN:0@9.217] global grfmt_tiff.cpp:122 TIFF_Warning TIFFReadDirectory: Sum of Photometric type-related color channels and ExtraSamples doesn't match SamplesPerPixel. Defining non-color channels as ExtraSamples.
25.9s 847 [ WARN:0@9.255] global grfmt_tiff.cpp:122 TIFF_Warning TIFFReadDirectory: Sum of Photometric type-related color channels and ExtraSamples doesn't match SamplesPerPixel. Defining non-color channels as ExtraSamples.
25.9s 848 [ WARN:0@9.286] global grfmt_tiff.cpp:122 TIFF_Warning TIFFReadDirectory: Sum of Photometric type-related color channels and ExtraSamples doesn't match SamplesPerPixel. Defining non-color channels as ExtraSamples.
26.0s 849 [ WARN:0@9.324] global grfmt_tiff.cpp:122 TIFF_Warning TIFFReadDirectory: Sum of Photometric type-related color channels and ExtraSamples doesn't match SamplesPerPixel. Defining non-color channels as ExtraSamples.
26.0s 850 [ WARN:0@9.357] global grfmt_tiff.cpp:122 TIFF_Warning TIFFReadDirectory: Sum of Photometric type-related color channels and ExtraSamples doesn't match SamplesPerPixel. Defining non-color channels as ExtraSamples.
26.0s 851 [ WARN:0@9.386] global grfmt_tiff.cpp:122 TIFF_Warning TIFFReadDirectory: Sum of Photometric type-related color channels and ExtraSamples doesn't match SamplesPerPixel. Defining non-color channels as ExtraSamples.
26.1s 852 [ WARN:0@9.420] global grfmt_tiff.cpp:122 TIFF_Warning TIFFReadDirectory: Sum of Photometric type-related color channels and ExtraSamples doesn't match SamplesPerPixel. Defining non-color channels as ExtraSamples.
26.1s 853 [ WARN:0@9.452] global grfmt_tiff.cpp:122 TIFF_Warning TIFFReadDirectory: Sum of Photometric type-related color channels and ExtraSamples doesn't match SamplesPerPixel. Defining non-color channels as ExtraSamples.
26.1s 854 [ WARN:0@9.255] global grfmt_tiff.cpp:122 TIFF_Warning TIFFReadDirectory: Sum of Photometric type-related color channels and ExtraSamples doesn't match SamplesPerPixel. Defining non-color channels as ExtraSamples.
26.1s 855 [ WARN:0@9.286] global grfmt_tiff.cpp:122 TIFF_Warning TIFFReadDirectory: Sum of Photometric type-related color channels and ExtraSamples doesn't match SamplesPerPixel. Defining non-color channels as ExtraSamples.
26.1s 856 [ WARN:0@9.324] global grfmt_tiff.cpp:122 TIFF_Warning TIFFReadDirectory: Sum of Photometric type-related color channels and ExtraSamples doesn't match SamplesPerPixel. Defining non-color channels as ExtraSamples.
26.1s 857 [ WARN:0@9.357] global grfmt_tiff.cpp:122 TIFF_Warning TIFFReadDirectory: Sum of Photometric type-related color channels and ExtraSamples doesn't match SamplesPerPixel. Defining non-color channels as ExtraSamples.
26.1s 858 [ WARN:0@9.386] global grfmt_tiff.cpp:122 TIFF_Warning TIFFReadDirectory: Sum of Photometric type-related color channels and ExtraSamples doesn't match SamplesPerPixel. Defining non-color channels as ExtraSamples.
26.1s 859 [ WARN:0@9.420] global grfmt_tiff.cpp:122 TIFF_Warning TIFFReadDirectory: Sum of Photometric type-related color channels and ExtraSamples doesn't match SamplesPerPixel. Defining non-color channels as ExtraSamples.
26.1s 860 [ WARN:0@9.452] global grfmt_tiff.cpp:122 TIFF_Warning TIFFReadDirectory: Sum of Photometric type-related color channels and ExtraSamples doesn't match SamplesPerPixel. Defining non-color channels as ExtraSamples.
26.1s 861 
26.1s 862 [ WARN:0@9.255] global grfmt_tiff.cpp:122 TIFF_Warning TIFFReadDirectory: Sum of Photometric type-related color channels and ExtraSamples doesn't match SamplesPerPixel. Defining non-color channels as ExtraSamples.
26.1s 863 [ WARN:0@9.286] global grfmt_tiff.cpp:122 TIFF_Warning TIFFReadDirectory: Sum of Photometric type-related color channels and ExtraSamples doesn't match SamplesPerPixel. Defining non-color channels as ExtraSamples.
26.1s 864 [ WARN:0@9.324] global grfmt_tiff.cpp:122 TIFF_Warning TIFFReadDirectory: Sum of Photometric type-related color channels and ExtraSamples doesn't match SamplesPerPixel. Defining non-color channels as ExtraSamples.
26.1s 865 [ WARN:0@9.357] global grfmt_tiff.cpp:122 TIFF_Warning TIFFReadDirectory: Sum of Photometric type-related color channels and ExtraSamples doesn't match SamplesPerPixel. Defining non-color channels as ExtraSamples.
26.1s 866 [ WARN:0@9.386] global grfmt_tiff.cpp:122 TIFF_Warning TIFFReadDirectory: Sum of Photometric type-related color channels and ExtraSamples doesn't match SamplesPerPixel. Defining non-color channels as ExtraSamples.
26.1s 867 [ WARN:0@9.420] global grfmt_tiff.cpp:122 TIFF_Warning TIFFReadDirectory: Sum of Photometric type-related color channels and ExtraSamples doesn't match SamplesPerPixel. Defining non-color channels as ExtraSamples.
26.1s 868 [ WARN:0@9.452] global grfmt_tiff.cpp:122 TIFF_Warning TIFFReadDirectory: Sum of Photometric type-related color channels and ExtraSamples doesn't match SamplesPerPixel. Defining non-color channels as ExtraSamples.
26.2s 869 [ WARN:0@9.500] global grfmt_tiff.cpp:122 TIFF_Warning TIFFReadDirectory: Sum of Photometric type-related color channels and ExtraSamples doesn't match SamplesPerPixel. Defining non-color channels as ExtraSamples.
26.2s 870 [ WARN:0@9.550] global grfmt_tiff.cpp:122 TIFF_Warning TIFFReadDirectory: Sum of Photometric type-related color channels and ExtraSamples doesn't match SamplesPerPixel. Defining non-color channels as ExtraSamples.
26.3s 871 [ WARN:0@9.613] global grfmt_tiff.cpp:122 TIFF_Warning TIFFReadDirectory: Sum of Photometric type-related color channels and ExtraSamples doesn't match SamplesPerPixel. Defining non-color channels as ExtraSamples.
26.4s 872 [ WARN:0@9.500] global grfmt_tiff.cpp:122 TIFF_Warning TIFFReadDirectory: Sum of Photometric type-related color channels and ExtraSamples doesn't match SamplesPerPixel. Defining non-color channels as ExtraSamples.
26.4s 873 [ WARN:0@9.550] global grfmt_tiff.cpp:122 TIFF_Warning TIFFReadDirectory: Sum of Photometric type-related color channels and ExtraSamples doesn't match SamplesPerPixel. Defining non-color channels as ExtraSamples.
26.4s 874 [ WARN:0@9.613] global grfmt_tiff.cpp:122 TIFF_Warning TIFFReadDirectory: Sum of Photometric type-related color channels and ExtraSamples doesn't match SamplesPerPixel. Defining non-color channels as ExtraSamples.
26.4s 875 
26.4s 876 [ WARN:0@9.500] global grfmt_tiff.cpp:122 TIFF_Warning TIFFReadDirectory: Sum of Photometric type-related color channels and ExtraSamples doesn't match SamplesPerPixel. Defining non-color channels as ExtraSamples.
26.4s 877 [ WARN:0@9.550] global grfmt_tiff.cpp:122 TIFF_Warning TIFFReadDirectory: Sum of Photometric type-related color channels and ExtraSamples doesn't match SamplesPerPixel. Defining non-color channels as ExtraSamples.
26.4s 878 [ WARN:0@9.613] global grfmt_tiff.cpp:122 TIFF_Warning TIFFReadDirectory: Sum of Photometric type-related color channels and ExtraSamples doesn't match SamplesPerPixel. Defining non-color channels as ExtraSamples.
26.4s 879 [ WARN:0@9.703] global grfmt_tiff.cpp:122 TIFF_Warning TIFFReadDirectory: Sum of Photometric type-related color channels and ExtraSamples doesn't match SamplesPerPixel. Defining non-color channels as ExtraSamples.
26.4s 880 [ WARN:0@9.732] global grfmt_tiff.cpp:122 TIFF_Warning TIFFReadDirectory: Sum of Photometric type-related color channels and ExtraSamples doesn't match SamplesPerPixel. Defining non-color channels as ExtraSamples.
26.4s 881 [ WARN:0@9.764] global grfmt_tiff.cpp:122 TIFF_Warning TIFFReadDirectory: Sum of Photometric type-related color channels and ExtraSamples doesn't match SamplesPerPixel. Defining non-color channels as ExtraSamples.
26.5s 882 [ WARN:0@9.807] global grfmt_tiff.cpp:122 TIFF_Warning TIFFReadDirectory: Sum of Photometric type-related color channels and ExtraSamples doesn't match SamplesPerPixel. Defining non-color channels as ExtraSamples.
26.5s 883 [ WARN:0@9.838] global grfmt_tiff.cpp:122 TIFF_Warning TIFFReadDirectory: Sum of Photometric type-related color channels and ExtraSamples doesn't match SamplesPerPixel. Defining non-color channels as ExtraSamples.
26.5s 884 [ WARN:0@9.869] global grfmt_tiff.cpp:122 TIFF_Warning TIFFReadDirectory: Sum of Photometric type-related color channels and ExtraSamples doesn't match SamplesPerPixel. Defining non-color channels as ExtraSamples.
26.6s 885 [ WARN:0@9.902] global grfmt_tiff.cpp:122 TIFF_Warning TIFFReadDirectory: Sum of Photometric type-related color channels and ExtraSamples doesn't match SamplesPerPixel. Defining non-color channels as ExtraSamples.
26.6s 886 [ WARN:0@9.703] global grfmt_tiff.cpp:122 TIFF_Warning TIFFReadDirectory: Sum of Photometric type-related color channels and ExtraSamples doesn't match SamplesPerPixel. Defining non-color channels as ExtraSamples.
26.6s 887 [ WARN:0@9.732] global grfmt_tiff.cpp:122 TIFF_Warning TIFFReadDirectory: Sum of Photometric type-related color channels and ExtraSamples doesn't match SamplesPerPixel. Defining non-color channels as ExtraSamples.
26.6s 888 [ WARN:0@9.764] global grfmt_tiff.cpp:122 TIFF_Warning TIFFReadDirectory: Sum of Photometric type-related color channels and ExtraSamples doesn't match SamplesPerPixel. Defining non-color channels as ExtraSamples.
26.6s 889 [ WARN:0@9.807] global grfmt_tiff.cpp:122 TIFF_Warning TIFFReadDirectory: Sum of Photometric type-related color channels and ExtraSamples doesn't match SamplesPerPixel. Defining non-color channels as ExtraSamples.
26.6s 890 [ WARN:0@9.838] global grfmt_tiff.cpp:122 TIFF_Warning TIFFReadDirectory: Sum of Photometric type-related color channels and ExtraSamples doesn't match SamplesPerPixel. Defining non-color channels as ExtraSamples.
26.6s 891 [ WARN:0@9.869] global grfmt_tiff.cpp:122 TIFF_Warning TIFFReadDirectory: Sum of Photometric type-related color channels and ExtraSamples doesn't match SamplesPerPixel. Defining non-color channels as ExtraSamples.
26.6s 892 [ WARN:0@9.902] global grfmt_tiff.cpp:122 TIFF_Warning TIFFReadDirectory: Sum of Photometric type-related color channels and ExtraSamples doesn't match SamplesPerPixel. Defining non-color channels as ExtraSamples.
26.6s 893 
26.6s 894 [ WARN:0@9.703] global grfmt_tiff.cpp:122 TIFF_Warning TIFFReadDirectory: Sum of Photometric type-related color channels and ExtraSamples doesn't match SamplesPerPixel. Defining non-color channels as ExtraSamples.
26.6s 895 [ WARN:0@9.732] global grfmt_tiff.cpp:122 TIFF_Warning TIFFReadDirectory: Sum of Photometric type-related color channels and ExtraSamples doesn't match SamplesPerPixel. Defining non-color channels as ExtraSamples.
26.6s 896 [ WARN:0@9.764] global grfmt_tiff.cpp:122 TIFF_Warning TIFFReadDirectory: Sum of Photometric type-related color channels and ExtraSamples doesn't match SamplesPerPixel. Defining non-color channels as ExtraSamples.
26.6s 897 [ WARN:0@9.807] global grfmt_tiff.cpp:122 TIFF_Warning TIFFReadDirectory: Sum of Photometric type-related color channels and ExtraSamples doesn't match SamplesPerPixel. Defining non-color channels as ExtraSamples.
26.6s 898 [ WARN:0@9.838] global grfmt_tiff.cpp:122 TIFF_Warning TIFFReadDirectory: Sum of Photometric type-related color channels and ExtraSamples doesn't match SamplesPerPixel. Defining non-color channels as ExtraSamples.
26.6s 899 [ WARN:0@9.869] global grfmt_tiff.cpp:122 TIFF_Warning TIFFReadDirectory: Sum of Photometric type-related color channels and ExtraSamples doesn't match SamplesPerPixel. Defining non-color channels as ExtraSamples.
26.6s 900 [ WARN:0@9.902] global grfmt_tiff.cpp:122 TIFF_Warning TIFFReadDirectory: Sum of Photometric type-related color channels and ExtraSamples doesn't match SamplesPerPixel. Defining non-color channels as ExtraSamples.
26.6s 901 [ WARN:0@9.932] global grfmt_tiff.cpp:122 TIFF_Warning TIFFReadDirectory: Sum of Photometric type-related color channels and ExtraSamples doesn't match SamplesPerPixel. Defining non-color channels as ExtraSamples.
26.6s 902 [ WARN:0@9.964] global grfmt_tiff.cpp:122 TIFF_Warning TIFFReadDirectory: Sum of Photometric type-related color channels and ExtraSamples doesn't match SamplesPerPixel. Defining non-color channels as ExtraSamples.
26.7s 903 [ WARN:0@9.997] global grfmt_tiff.cpp:122 TIFF_Warning TIFFReadDirectory: Sum of Photometric type-related color channels and ExtraSamples doesn't match SamplesPerPixel. Defining non-color channels as ExtraSamples.
26.7s 904 [ WARN:0@10.033] global grfmt_tiff.cpp:122 TIFF_Warning TIFFReadDirectory: Sum of Photometric type-related color channels and ExtraSamples doesn't match SamplesPerPixel. Defining non-color channels as ExtraSamples.
26.7s 905 [ WARN:0@10.063] global grfmt_tiff.cpp:122 TIFF_Warning TIFFReadDirectory: Sum of Photometric type-related color channels and ExtraSamples doesn't match SamplesPerPixel. Defining non-color channels as ExtraSamples.
26.7s 906 [ WARN:0@10.095] global grfmt_tiff.cpp:122 TIFF_Warning TIFFReadDirectory: Sum of Photometric type-related color channels and ExtraSamples doesn't match SamplesPerPixel. Defining non-color channels as ExtraSamples.
26.8s 907 [ WARN:0@10.128] global grfmt_tiff.cpp:122 TIFF_Warning TIFFReadDirectory: Sum of Photometric type-related color channels and ExtraSamples doesn't match SamplesPerPixel. Defining non-color channels as ExtraSamples.
26.8s 908 [ WARN:0@9.932] global grfmt_tiff.cpp:122 TIFF_Warning TIFFReadDirectory: Sum of Photometric type-related color channels and ExtraSamples doesn't match SamplesPerPixel. Defining non-color channels as ExtraSamples.
26.8s 909 [ WARN:0@9.964] global grfmt_tiff.cpp:122 TIFF_Warning TIFFReadDirectory: Sum of Photometric type-related color channels and ExtraSamples doesn't match SamplesPerPixel. Defining non-color channels as ExtraSamples.
26.8s 910 [ WARN:0@9.997] global grfmt_tiff.cpp:122 TIFF_Warning TIFFReadDirectory: Sum of Photometric type-related color channels and ExtraSamples doesn't match SamplesPerPixel. Defining non-color channels as ExtraSamples.
26.8s 911 [ WARN:0@10.033] global grfmt_tiff.cpp:122 TIFF_Warning TIFFReadDirectory: Sum of Photometric type-related color channels and ExtraSamples doesn't match SamplesPerPixel. Defining non-color channels as ExtraSamples.
26.8s 912 [ WARN:0@10.063] global grfmt_tiff.cpp:122 TIFF_Warning TIFFReadDirectory: Sum of Photometric type-related color channels and ExtraSamples doesn't match SamplesPerPixel. Defining non-color channels as ExtraSamples.
26.8s 913 [ WARN:0@10.095] global grfmt_tiff.cpp:122 TIFF_Warning TIFFReadDirectory: Sum of Photometric type-related color channels and ExtraSamples doesn't match SamplesPerPixel. Defining non-color channels as ExtraSamples.
26.8s 914 [ WARN:0@10.128] global grfmt_tiff.cpp:122 TIFF_Warning TIFFReadDirectory: Sum of Photometric type-related color channels and ExtraSamples doesn't match SamplesPerPixel. Defining non-color channels as ExtraSamples.
26.8s 915 
26.8s 916 [ WARN:0@9.932] global grfmt_tiff.cpp:122 TIFF_Warning TIFFReadDirectory: Sum of Photometric type-related color channels and ExtraSamples doesn't match SamplesPerPixel. Defining non-color channels as ExtraSamples.
26.8s 917 [ WARN:0@9.964] global grfmt_tiff.cpp:122 TIFF_Warning TIFFReadDirectory: Sum of Photometric type-related color channels and ExtraSamples doesn't match SamplesPerPixel. Defining non-color channels as ExtraSamples.
26.8s 918 [ WARN:0@9.997] global grfmt_tiff.cpp:122 TIFF_Warning TIFFReadDirectory: Sum of Photometric type-related color channels and ExtraSamples doesn't match SamplesPerPixel. Defining non-color channels as ExtraSamples.
26.8s 919 [ WARN:0@10.033] global grfmt_tiff.cpp:122 TIFF_Warning TIFFReadDirectory: Sum of Photometric type-related color channels and ExtraSamples doesn't match SamplesPerPixel. Defining non-color channels as ExtraSamples.
26.8s 920 [ WARN:0@10.063] global grfmt_tiff.cpp:122 TIFF_Warning TIFFReadDirectory: Sum of Photometric type-related color channels and ExtraSamples doesn't match SamplesPerPixel. Defining non-color channels as ExtraSamples.
26.8s 921 [ WARN:0@10.095] global grfmt_tiff.cpp:122 TIFF_Warning TIFFReadDirectory: Sum of Photometric type-related color channels and ExtraSamples doesn't match SamplesPerPixel. Defining non-color channels as ExtraSamples.
26.8s 922 [ WARN:0@10.128] global grfmt_tiff.cpp:122 TIFF_Warning TIFFReadDirectory: Sum of Photometric type-related color channels and ExtraSamples doesn't match SamplesPerPixel. Defining non-color channels as ExtraSamples.
26.8s 923 [ WARN:0@10.160] global grfmt_tiff.cpp:122 TIFF_Warning TIFFReadDirectory: Sum of Photometric type-related color channels and ExtraSamples doesn't match SamplesPerPixel. Defining non-color channels as ExtraSamples.
26.8s 924 [ WARN:0@10.193] global grfmt_tiff.cpp:122 TIFF_Warning TIFFReadDirectory: Sum of Photometric type-related color channels and ExtraSamples doesn't match SamplesPerPixel. Defining non-color channels as ExtraSamples.
26.9s 925 [ WARN:0@10.225] global grfmt_tiff.cpp:122 TIFF_Warning TIFFReadDirectory: Sum of Photometric type-related color channels and ExtraSamples doesn't match SamplesPerPixel. Defining non-color channels as ExtraSamples.
26.9s 926 [ WARN:0@10.259] global grfmt_tiff.cpp:122 TIFF_Warning TIFFReadDirectory: Sum of Photometric type-related color channels and ExtraSamples doesn't match SamplesPerPixel. Defining non-color channels as ExtraSamples.
26.9s 927 [ WARN:0@10.290] global grfmt_tiff.cpp:122 TIFF_Warning TIFFReadDirectory: Sum of Photometric type-related color channels and ExtraSamples doesn't match SamplesPerPixel. Defining non-color channels as ExtraSamples.
27.0s 928 [ WARN:0@10.322] global grfmt_tiff.cpp:122 TIFF_Warning TIFFReadDirectory: Sum of Photometric type-related color channels and ExtraSamples doesn't match SamplesPerPixel. Defining non-color channels as ExtraSamples.
27.0s 929 [ WARN:0@10.354] global grfmt_tiff.cpp:122 TIFF_Warning TIFFReadDirectory: Sum of Photometric type-related color channels and ExtraSamples doesn't match SamplesPerPixel. Defining non-color channels as ExtraSamples.
27.0s 930 [ WARN:0@10.160] global grfmt_tiff.cpp:122 TIFF_Warning TIFFReadDirectory: Sum of Photometric type-related color channels and ExtraSamples doesn't match SamplesPerPixel. Defining non-color channels as ExtraSamples.
27.0s 931 [ WARN:0@10.193] global grfmt_tiff.cpp:122 TIFF_Warning TIFFReadDirectory: Sum of Photometric type-related color channels and ExtraSamples doesn't match SamplesPerPixel. Defining non-color channels as ExtraSamples.
27.0s 932 [ WARN:0@10.225] global grfmt_tiff.cpp:122 TIFF_Warning TIFFReadDirectory: Sum of Photometric type-related color channels and ExtraSamples doesn't match SamplesPerPixel. Defining non-color channels as ExtraSamples.
27.0s 933 [ WARN:0@10.259] global grfmt_tiff.cpp:122 TIFF_Warning TIFFReadDirectory: Sum of Photometric type-related color channels and ExtraSamples doesn't match SamplesPerPixel. Defining non-color channels as ExtraSamples.
27.0s 934 [ WARN:0@10.290] global grfmt_tiff.cpp:122 TIFF_Warning TIFFReadDirectory: Sum of Photometric type-related color channels and ExtraSamples doesn't match SamplesPerPixel. Defining non-color channels as ExtraSamples.
27.0s 935 [ WARN:0@10.322] global grfmt_tiff.cpp:122 TIFF_Warning TIFFReadDirectory: Sum of Photometric type-related color channels and ExtraSamples doesn't match SamplesPerPixel. Defining non-color channels as ExtraSamples.
27.0s 936 [ WARN:0@10.354] global grfmt_tiff.cpp:122 TIFF_Warning TIFFReadDirectory: Sum of Photometric type-related color channels and ExtraSamples doesn't match SamplesPerPixel. Defining non-color channels as ExtraSamples.
27.0s 937 
27.0s 938 [ WARN:0@10.160] global grfmt_tiff.cpp:122 TIFF_Warning TIFFReadDirectory: Sum of Photometric type-related color channels and ExtraSamples doesn't match SamplesPerPixel. Defining non-color channels as ExtraSamples.
27.0s 939 [ WARN:0@10.193] global grfmt_tiff.cpp:122 TIFF_Warning TIFFReadDirectory: Sum of Photometric type-related color channels and ExtraSamples doesn't match SamplesPerPixel. Defining non-color channels as ExtraSamples.
27.0s 940 [ WARN:0@10.225] global grfmt_tiff.cpp:122 TIFF_Warning TIFFReadDirectory: Sum of Photometric type-related color channels and ExtraSamples doesn't match SamplesPerPixel. Defining non-color channels as ExtraSamples.
27.0s 941 [ WARN:0@10.259] global grfmt_tiff.cpp:122 TIFF_Warning TIFFReadDirectory: Sum of Photometric type-related color channels and ExtraSamples doesn't match SamplesPerPixel. Defining non-color channels as ExtraSamples.
27.0s 942 [ WARN:0@10.290] global grfmt_tiff.cpp:122 TIFF_Warning TIFFReadDirectory: Sum of Photometric type-related color channels and ExtraSamples doesn't match SamplesPerPixel. Defining non-color channels as ExtraSamples.
27.0s 943 [ WARN:0@10.322] global grfmt_tiff.cpp:122 TIFF_Warning TIFFReadDirectory: Sum of Photometric type-related color channels and ExtraSamples doesn't match SamplesPerPixel. Defining non-color channels as ExtraSamples.
27.0s 944 [ WARN:0@10.354] global grfmt_tiff.cpp:122 TIFF_Warning TIFFReadDirectory: Sum of Photometric type-related color channels and ExtraSamples doesn't match SamplesPerPixel. Defining non-color channels as ExtraSamples.
27.0s 945 [ WARN:0@10.387] global grfmt_tiff.cpp:122 TIFF_Warning TIFFReadDirectory: Sum of Photometric type-related color channels and ExtraSamples doesn't match SamplesPerPixel. Defining non-color channels as ExtraSamples.
27.1s 946 [ WARN:0@10.420] global grfmt_tiff.cpp:122 TIFF_Warning TIFFReadDirectory: Sum of Photometric type-related color channels and ExtraSamples doesn't match SamplesPerPixel. Defining non-color channels as ExtraSamples.
27.1s 947 [ WARN:0@10.454] global grfmt_tiff.cpp:122 TIFF_Warning TIFFReadDirectory: Sum of Photometric type-related color channels and ExtraSamples doesn't match SamplesPerPixel. Defining non-color channels as ExtraSamples.
27.1s 948 [ WARN:0@10.485] global grfmt_tiff.cpp:122 TIFF_Warning TIFFReadDirectory: Sum of Photometric type-related color channels and ExtraSamples doesn't match SamplesPerPixel. Defining non-color channels as ExtraSamples.
27.2s 949 [ WARN:0@10.515] global grfmt_tiff.cpp:122 TIFF_Warning TIFFReadDirectory: Sum of Photometric type-related color channels and ExtraSamples doesn't match SamplesPerPixel. Defining non-color channels as ExtraSamples.
27.2s 950 [ WARN:0@10.551] global grfmt_tiff.cpp:122 TIFF_Warning TIFFReadDirectory: Sum of Photometric type-related color channels and ExtraSamples doesn't match SamplesPerPixel. Defining non-color channels as ExtraSamples.
27.2s 951 [ WARN:0@10.581] global grfmt_tiff.cpp:122 TIFF_Warning TIFFReadDirectory: Sum of Photometric type-related color channels and ExtraSamples doesn't match SamplesPerPixel. Defining non-color channels as ExtraSamples.
27.2s 952 [ WARN:0@10.387] global grfmt_tiff.cpp:122 TIFF_Warning TIFFReadDirectory: Sum of Photometric type-related color channels and ExtraSamples doesn't match SamplesPerPixel. Defining non-color channels as ExtraSamples.
27.2s 953 [ WARN:0@10.420] global grfmt_tiff.cpp:122 TIFF_Warning TIFFReadDirectory: Sum of Photometric type-related color channels and ExtraSamples doesn't match SamplesPerPixel. Defining non-color channels as ExtraSamples.
27.2s 954 [ WARN:0@10.454] global grfmt_tiff.cpp:122 TIFF_Warning TIFFReadDirectory: Sum of Photometric type-related color channels and ExtraSamples doesn't match SamplesPerPixel. Defining non-color channels as ExtraSamples.
27.2s 955 [ WARN:0@10.485] global grfmt_tiff.cpp:122 TIFF_Warning TIFFReadDirectory: Sum of Photometric type-related color channels and ExtraSamples doesn't match SamplesPerPixel. Defining non-color channels as ExtraSamples.
27.2s 956 [ WARN:0@10.515] global grfmt_tiff.cpp:122 TIFF_Warning TIFFReadDirectory: Sum of Photometric type-related color channels and ExtraSamples doesn't match SamplesPerPixel. Defining non-color channels as ExtraSamples.
27.2s 957 [ WARN:0@10.551] global grfmt_tiff.cpp:122 TIFF_Warning TIFFReadDirectory: Sum of Photometric type-related color channels and ExtraSamples doesn't match SamplesPerPixel. Defining non-color channels as ExtraSamples.
27.2s 958 [ WARN:0@10.581] global grfmt_tiff.cpp:122 TIFF_Warning TIFFReadDirectory: Sum of Photometric type-related color channels and ExtraSamples doesn't match SamplesPerPixel. Defining non-color channels as ExtraSamples.
27.2s 959 
27.2s 960 [ WARN:0@10.387] global grfmt_tiff.cpp:122 TIFF_Warning TIFFReadDirectory: Sum of Photometric type-related color channels and ExtraSamples doesn't match SamplesPerPixel. Defining non-color channels as ExtraSamples.
27.2s 961 [ WARN:0@10.420] global grfmt_tiff.cpp:122 TIFF_Warning TIFFReadDirectory: Sum of Photometric type-related color channels and ExtraSamples doesn't match SamplesPerPixel. Defining non-color channels as ExtraSamples.
27.2s 962 [ WARN:0@10.454] global grfmt_tiff.cpp:122 TIFF_Warning TIFFReadDirectory: Sum of Photometric type-related color channels and ExtraSamples doesn't match SamplesPerPixel. Defining non-color channels as ExtraSamples.
27.2s 963 [ WARN:0@10.485] global grfmt_tiff.cpp:122 TIFF_Warning TIFFReadDirectory: Sum of Photometric type-related color channels and ExtraSamples doesn't match SamplesPerPixel. Defining non-color channels as ExtraSamples.
27.2s 964 [ WARN:0@10.515] global grfmt_tiff.cpp:122 TIFF_Warning TIFFReadDirectory: Sum of Photometric type-related color channels and ExtraSamples doesn't match SamplesPerPixel. Defining non-color channels as ExtraSamples.
27.2s 965 [ WARN:0@10.551] global grfmt_tiff.cpp:122 TIFF_Warning TIFFReadDirectory: Sum of Photometric type-related color channels and ExtraSamples doesn't match SamplesPerPixel. Defining non-color channels as ExtraSamples.
27.2s 966 [ WARN:0@10.581] global grfmt_tiff.cpp:122 TIFF_Warning TIFFReadDirectory: Sum of Photometric type-related color channels and ExtraSamples doesn't match SamplesPerPixel. Defining non-color channels as ExtraSamples.
27.3s 967 [ WARN:0@10.617] global grfmt_tiff.cpp:122 TIFF_Warning TIFFReadDirectory: Sum of Photometric type-related color channels and ExtraSamples doesn't match SamplesPerPixel. Defining non-color channels as ExtraSamples.
27.3s 968 [ WARN:0@10.672] global grfmt_tiff.cpp:122 TIFF_Warning TIFFReadDirectory: Sum of Photometric type-related color channels and ExtraSamples doesn't match SamplesPerPixel. Defining non-color channels as ExtraSamples.
27.4s 969 [ WARN:0@10.703] global grfmt_tiff.cpp:122 TIFF_Warning TIFFReadDirectory: Sum of Photometric type-related color channels and ExtraSamples doesn't match SamplesPerPixel. Defining non-color channels as ExtraSamples.
27.4s 970 [ WARN:0@10.736] global grfmt_tiff.cpp:122 TIFF_Warning TIFFReadDirectory: Sum of Photometric type-related color channels and ExtraSamples doesn't match SamplesPerPixel. Defining non-color channels as ExtraSamples.
27.4s 971 [ WARN:0@10.770] global grfmt_tiff.cpp:122 TIFF_Warning TIFFReadDirectory: Sum of Photometric type-related color channels and ExtraSamples doesn't match SamplesPerPixel. Defining non-color channels as ExtraSamples.
27.5s 972 [ WARN:0@10.802] global grfmt_tiff.cpp:122 TIFF_Warning TIFFReadDirectory: Sum of Photometric type-related color channels and ExtraSamples doesn't match SamplesPerPixel. Defining non-color channels as ExtraSamples.
27.5s 973 [ WARN:0@10.617] global grfmt_tiff.cpp:122 TIFF_Warning TIFFReadDirectory: Sum of Photometric type-related color channels and ExtraSamples doesn't match SamplesPerPixel. Defining non-color channels as ExtraSamples.
27.5s 974 [ WARN:0@10.672] global grfmt_tiff.cpp:122 TIFF_Warning TIFFReadDirectory: Sum of Photometric type-related color channels and ExtraSamples doesn't match SamplesPerPixel. Defining non-color channels as ExtraSamples.
27.5s 975 [ WARN:0@10.703] global grfmt_tiff.cpp:122 TIFF_Warning TIFFReadDirectory: Sum of Photometric type-related color channels and ExtraSamples doesn't match SamplesPerPixel. Defining non-color channels as ExtraSamples.
27.5s 976 [ WARN:0@10.736] global grfmt_tiff.cpp:122 TIFF_Warning TIFFReadDirectory: Sum of Photometric type-related color channels and ExtraSamples doesn't match SamplesPerPixel. Defining non-color channels as ExtraSamples.
27.5s 977 [ WARN:0@10.770] global grfmt_tiff.cpp:122 TIFF_Warning TIFFReadDirectory: Sum of Photometric type-related color channels and ExtraSamples doesn't match SamplesPerPixel. Defining non-color channels as ExtraSamples.
27.5s 978 [ WARN:0@10.802] global grfmt_tiff.cpp:122 TIFF_Warning TIFFReadDirectory: Sum of Photometric type-related color channels and ExtraSamples doesn't match SamplesPerPixel. Defining non-color channels as ExtraSamples.
27.5s 979 
27.5s 980 [ WARN:0@10.617] global grfmt_tiff.cpp:122 TIFF_Warning TIFFReadDirectory: Sum of Photometric type-related color channels and ExtraSamples doesn't match SamplesPerPixel. Defining non-color channels as ExtraSamples.
27.5s 981 [ WARN:0@10.672] global grfmt_tiff.cpp:122 TIFF_Warning TIFFReadDirectory: Sum of Photometric type-related color channels and ExtraSamples doesn't match SamplesPerPixel. Defining non-color channels as ExtraSamples.
27.5s 982 [ WARN:0@10.703] global grfmt_tiff.cpp:122 TIFF_Warning TIFFReadDirectory: Sum of Photometric type-related color channels and ExtraSamples doesn't match SamplesPerPixel. Defining non-color channels as ExtraSamples.
27.5s 983 [ WARN:0@10.736] global grfmt_tiff.cpp:122 TIFF_Warning TIFFReadDirectory: Sum of Photometric type-related color channels and ExtraSamples doesn't match SamplesPerPixel. Defining non-color channels as ExtraSamples.
27.5s 984 [ WARN:0@10.770] global grfmt_tiff.cpp:122 TIFF_Warning TIFFReadDirectory: Sum of Photometric type-related color channels and ExtraSamples doesn't match SamplesPerPixel. Defining non-color channels as ExtraSamples.
27.5s 985 [ WARN:0@10.802] global grfmt_tiff.cpp:122 TIFF_Warning TIFFReadDirectory: Sum of Photometric type-related color channels and ExtraSamples doesn't match SamplesPerPixel. Defining non-color channels as ExtraSamples.
27.5s 986 [ WARN:0@10.832] global grfmt_tiff.cpp:122 TIFF_Warning TIFFReadDirectory: Sum of Photometric type-related color channels and ExtraSamples doesn't match SamplesPerPixel. Defining non-color channels as ExtraSamples.
27.5s 987 [ WARN:0@10.862] global grfmt_tiff.cpp:122 TIFF_Warning TIFFReadDirectory: Sum of Photometric type-related color channels and ExtraSamples doesn't match SamplesPerPixel. Defining non-color channels as ExtraSamples.
27.6s 988 [ WARN:0@10.905] global grfmt_tiff.cpp:122 TIFF_Warning TIFFReadDirectory: Sum of Photometric type-related color channels and ExtraSamples doesn't match SamplesPerPixel. Defining non-color channels as ExtraSamples.
27.6s 989 [ WARN:0@10.942] global grfmt_tiff.cpp:122 TIFF_Warning TIFFReadDirectory: Sum of Photometric type-related color channels and ExtraSamples doesn't match SamplesPerPixel. Defining non-color channels as ExtraSamples.
27.6s 990 [ WARN:0@10.972] global grfmt_tiff.cpp:122 TIFF_Warning TIFFReadDirectory: Sum of Photometric type-related color channels and ExtraSamples doesn't match SamplesPerPixel. Defining non-color channels as ExtraSamples.
27.7s 991 [ WARN:0@11.006] global grfmt_tiff.cpp:122 TIFF_Warning TIFFReadDirectory: Sum of Photometric type-related color channels and ExtraSamples doesn't match SamplesPerPixel. Defining non-color channels as ExtraSamples.
27.7s 992 [ WARN:0@10.832] global grfmt_tiff.cpp:122 TIFF_Warning TIFFReadDirectory: Sum of Photometric type-related color channels and ExtraSamples doesn't match SamplesPerPixel. Defining non-color channels as ExtraSamples.
27.7s 993 [ WARN:0@10.862] global grfmt_tiff.cpp:122 TIFF_Warning TIFFReadDirectory: Sum of Photometric type-related color channels and ExtraSamples doesn't match SamplesPerPixel. Defining non-color channels as ExtraSamples.
27.7s 994 [ WARN:0@10.905] global grfmt_tiff.cpp:122 TIFF_Warning TIFFReadDirectory: Sum of Photometric type-related color channels and ExtraSamples doesn't match SamplesPerPixel. Defining non-color channels as ExtraSamples.
27.7s 995 [ WARN:0@10.942] global grfmt_tiff.cpp:122 TIFF_Warning TIFFReadDirectory: Sum of Photometric type-related color channels and ExtraSamples doesn't match SamplesPerPixel. Defining non-color channels as ExtraSamples.
27.7s 996 [ WARN:0@10.972] global grfmt_tiff.cpp:122 TIFF_Warning TIFFReadDirectory: Sum of Photometric type-related color channels and ExtraSamples doesn't match SamplesPerPixel. Defining non-color channels as ExtraSamples.
27.7s 997 [ WARN:0@11.006] global grfmt_tiff.cpp:122 TIFF_Warning TIFFReadDirectory: Sum of Photometric type-related color channels and ExtraSamples doesn't match SamplesPerPixel. Defining non-color channels as ExtraSamples.
27.7s 998 
27.7s 999 [ WARN:0@10.832] global grfmt_tiff.cpp:122 TIFF_Warning TIFFReadDirectory: Sum of Photometric type-related color channels and ExtraSamples doesn't match SamplesPerPixel. Defining non-color channels as ExtraSamples.
27.7s 1000 [ WARN:0@10.862] global grfmt_tiff.cpp:122 TIFF_Warning TIFFReadDirectory: Sum of Photometric type-related color channels and ExtraSamples doesn't match SamplesPerPixel. Defining non-color channels as ExtraSamples.
27.7s 1001 [ WARN:0@10.905] global grfmt_tiff.cpp:122 TIFF_Warning TIFFReadDirectory: Sum of Photometric type-related color channels and ExtraSamples doesn't match SamplesPerPixel. Defining non-color channels as ExtraSamples.
27.7s 1002 [ WARN:0@10.942] global grfmt_tiff.cpp:122 TIFF_Warning TIFFReadDirectory: Sum of Photometric type-related color channels and ExtraSamples doesn't match SamplesPerPixel. Defining non-color channels as ExtraSamples.
27.7s 1003 [ WARN:0@10.972] global grfmt_tiff.cpp:122 TIFF_Warning TIFFReadDirectory: Sum of Photometric type-related color channels and ExtraSamples doesn't match SamplesPerPixel. Defining non-color channels as ExtraSamples.
27.7s 1004 [ WARN:0@11.006] global grfmt_tiff.cpp:122 TIFF_Warning TIFFReadDirectory: Sum of Photometric type-related color channels and ExtraSamples doesn't match SamplesPerPixel. Defining non-color channels as ExtraSamples.
27.7s 1005 [ WARN:0@11.042] global grfmt_tiff.cpp:122 TIFF_Warning TIFFReadDirectory: Sum of Photometric type-related color channels and ExtraSamples doesn't match SamplesPerPixel. Defining non-color channels as ExtraSamples.
27.7s 1006 [ WARN:0@11.072] global grfmt_tiff.cpp:122 TIFF_Warning TIFFReadDirectory: Sum of Photometric type-related color channels and ExtraSamples doesn't match SamplesPerPixel. Defining non-color channels as ExtraSamples.
27.8s 1007 [ WARN:0@11.103] global grfmt_tiff.cpp:122 TIFF_Warning TIFFReadDirectory: Sum of Photometric type-related color channels and ExtraSamples doesn't match SamplesPerPixel. Defining non-color channels as ExtraSamples.
27.8s 1008 [ WARN:0@11.138] global grfmt_tiff.cpp:122 TIFF_Warning TIFFReadDirectory: Sum of Photometric type-related color channels and ExtraSamples doesn't match SamplesPerPixel. Defining non-color channels as ExtraSamples.
27.8s 1009 [ WARN:0@11.169] global grfmt_tiff.cpp:122 TIFF_Warning TIFFReadDirectory: Sum of Photometric type-related color channels and ExtraSamples doesn't match SamplesPerPixel. Defining non-color channels as ExtraSamples.
27.9s 1010 [ WARN:0@11.202] global grfmt_tiff.cpp:122 TIFF_Warning TIFFReadDirectory: Sum of Photometric type-related color channels and ExtraSamples doesn't match SamplesPerPixel. Defining non-color channels as ExtraSamples.
27.9s 1011 [ WARN:0@11.234] global grfmt_tiff.cpp:122 TIFF_Warning TIFFReadDirectory: Sum of Photometric type-related color channels and ExtraSamples doesn't match SamplesPerPixel. Defining non-color channels as ExtraSamples.
27.9s 1012 [ WARN:0@11.042] global grfmt_tiff.cpp:122 TIFF_Warning TIFFReadDirectory: Sum of Photometric type-related color channels and ExtraSamples doesn't match SamplesPerPixel. Defining non-color channels as ExtraSamples.
27.9s 1013 [ WARN:0@11.072] global grfmt_tiff.cpp:122 TIFF_Warning TIFFReadDirectory: Sum of Photometric type-related color channels and ExtraSamples doesn't match SamplesPerPixel. Defining non-color channels as ExtraSamples.
27.9s 1014 [ WARN:0@11.103] global grfmt_tiff.cpp:122 TIFF_Warning TIFFReadDirectory: Sum of Photometric type-related color channels and ExtraSamples doesn't match SamplesPerPixel. Defining non-color channels as ExtraSamples.
27.9s 1015 [ WARN:0@11.138] global grfmt_tiff.cpp:122 TIFF_Warning TIFFReadDirectory: Sum of Photometric type-related color channels and ExtraSamples doesn't match SamplesPerPixel. Defining non-color channels as ExtraSamples.
27.9s 1016 [ WARN:0@11.169] global grfmt_tiff.cpp:122 TIFF_Warning TIFFReadDirectory: Sum of Photometric type-related color channels and ExtraSamples doesn't match SamplesPerPixel. Defining non-color channels as ExtraSamples.
27.9s 1017 [ WARN:0@11.202] global grfmt_tiff.cpp:122 TIFF_Warning TIFFReadDirectory: Sum of Photometric type-related color channels and ExtraSamples doesn't match SamplesPerPixel. Defining non-color channels as ExtraSamples.
27.9s 1018 [ WARN:0@11.234] global grfmt_tiff.cpp:122 TIFF_Warning TIFFReadDirectory: Sum of Photometric type-related color channels and ExtraSamples doesn't match SamplesPerPixel. Defining non-color channels as ExtraSamples.
27.9s 1019 
27.9s 1020 [ WARN:0@11.042] global grfmt_tiff.cpp:122 TIFF_Warning TIFFReadDirectory: Sum of Photometric type-related color channels and ExtraSamples doesn't match SamplesPerPixel. Defining non-color channels as ExtraSamples.
27.9s 1021 [ WARN:0@11.072] global grfmt_tiff.cpp:122 TIFF_Warning TIFFReadDirectory: Sum of Photometric type-related color channels and ExtraSamples doesn't match SamplesPerPixel. Defining non-color channels as ExtraSamples.
27.9s 1022 [ WARN:0@11.103] global grfmt_tiff.cpp:122 TIFF_Warning TIFFReadDirectory: Sum of Photometric type-related color channels and ExtraSamples doesn't match SamplesPerPixel. Defining non-color channels as ExtraSamples.
27.9s 1023 [ WARN:0@11.138] global grfmt_tiff.cpp:122 TIFF_Warning TIFFReadDirectory: Sum of Photometric type-related color channels and ExtraSamples doesn't match SamplesPerPixel. Defining non-color channels as ExtraSamples.
27.9s 1024 [ WARN:0@11.169] global grfmt_tiff.cpp:122 TIFF_Warning TIFFReadDirectory: Sum of Photometric type-related color channels and ExtraSamples doesn't match SamplesPerPixel. Defining non-color channels as ExtraSamples.
27.9s 1025 [ WARN:0@11.202] global grfmt_tiff.cpp:122 TIFF_Warning TIFFReadDirectory: Sum of Photometric type-related color channels and ExtraSamples doesn't match SamplesPerPixel. Defining non-color channels as ExtraSamples.
27.9s 1026 [ WARN:0@11.234] global grfmt_tiff.cpp:122 TIFF_Warning TIFFReadDirectory: Sum of Photometric type-related color channels and ExtraSamples doesn't match SamplesPerPixel. Defining non-color channels as ExtraSamples.
27.9s 1027 [ WARN:0@11.264] global grfmt_tiff.cpp:122 TIFF_Warning TIFFReadDirectory: Sum of Photometric type-related color channels and ExtraSamples doesn't match SamplesPerPixel. Defining non-color channels as ExtraSamples.
28.0s 1028 [ WARN:0@11.297] global grfmt_tiff.cpp:122 TIFF_Warning TIFFReadDirectory: Sum of Photometric type-related color channels and ExtraSamples doesn't match SamplesPerPixel. Defining non-color channels as ExtraSamples.
28.0s 1029 [ WARN:0@11.329] global grfmt_tiff.cpp:122 TIFF_Warning TIFFReadDirectory: Sum of Photometric type-related color channels and ExtraSamples doesn't match SamplesPerPixel. Defining non-color channels as ExtraSamples.
28.0s 1030 [ WARN:0@11.357] global grfmt_tiff.cpp:122 TIFF_Warning TIFFReadDirectory: Sum of Photometric type-related color channels and ExtraSamples doesn't match SamplesPerPixel. Defining non-color channels as ExtraSamples.
28.0s 1031 [ WARN:0@11.387] global grfmt_tiff.cpp:122 TIFF_Warning TIFFReadDirectory: Sum of Photometric type-related color channels and ExtraSamples doesn't match SamplesPerPixel. Defining non-color channels as ExtraSamples.
28.1s 1032 [ WARN:0@11.421] global grfmt_tiff.cpp:122 TIFF_Warning TIFFReadDirectory: Sum of Photometric type-related color channels and ExtraSamples doesn't match SamplesPerPixel. Defining non-color channels as ExtraSamples.
28.1s 1033 [ WARN:0@11.456] global grfmt_tiff.cpp:122 TIFF_Warning TIFFReadDirectory: Sum of Photometric type-related color channels and ExtraSamples doesn't match SamplesPerPixel. Defining non-color channels as ExtraSamples.
28.1s 1034 [ WARN:0@11.264] global grfmt_tiff.cpp:122 TIFF_Warning TIFFReadDirectory: Sum of Photometric type-related color channels and ExtraSamples doesn't match SamplesPerPixel. Defining non-color channels as ExtraSamples.
28.1s 1035 [ WARN:0@11.297] global grfmt_tiff.cpp:122 TIFF_Warning TIFFReadDirectory: Sum of Photometric type-related color channels and ExtraSamples doesn't match SamplesPerPixel. Defining non-color channels as ExtraSamples.
28.1s 1036 [ WARN:0@11.329] global grfmt_tiff.cpp:122 TIFF_Warning TIFFReadDirectory: Sum of Photometric type-related color channels and ExtraSamples doesn't match SamplesPerPixel. Defining non-color channels as ExtraSamples.
28.1s 1037 [ WARN:0@11.357] global grfmt_tiff.cpp:122 TIFF_Warning TIFFReadDirectory: Sum of Photometric type-related color channels and ExtraSamples doesn't match SamplesPerPixel. Defining non-color channels as ExtraSamples.
28.1s 1038 [ WARN:0@11.387] global grfmt_tiff.cpp:122 TIFF_Warning TIFFReadDirectory: Sum of Photometric type-related color channels and ExtraSamples doesn't match SamplesPerPixel. Defining non-color channels as ExtraSamples.
28.1s 1039 [ WARN:0@11.421] global grfmt_tiff.cpp:122 TIFF_Warning TIFFReadDirectory: Sum of Photometric type-related color channels and ExtraSamples doesn't match SamplesPerPixel. Defining non-color channels as ExtraSamples.
28.1s 1040 [ WARN:0@11.456] global grfmt_tiff.cpp:122 TIFF_Warning TIFFReadDirectory: Sum of Photometric type-related color channels and ExtraSamples doesn't match SamplesPerPixel. Defining non-color channels as ExtraSamples.
28.1s 1041 
28.1s 1042 [ WARN:0@11.264] global grfmt_tiff.cpp:122 TIFF_Warning TIFFReadDirectory: Sum of Photometric type-related color channels and ExtraSamples doesn't match SamplesPerPixel. Defining non-color channels as ExtraSamples.
28.1s 1043 [ WARN:0@11.297] global grfmt_tiff.cpp:122 TIFF_Warning TIFFReadDirectory: Sum of Photometric type-related color channels and ExtraSamples doesn't match SamplesPerPixel. Defining non-color channels as ExtraSamples.
28.1s 1044 [ WARN:0@11.329] global grfmt_tiff.cpp:122 TIFF_Warning TIFFReadDirectory: Sum of Photometric type-related color channels and ExtraSamples doesn't match SamplesPerPixel. Defining non-color channels as ExtraSamples.
28.1s 1045 [ WARN:0@11.357] global grfmt_tiff.cpp:122 TIFF_Warning TIFFReadDirectory: Sum of Photometric type-related color channels and ExtraSamples doesn't match SamplesPerPixel. Defining non-color channels as ExtraSamples.
28.1s 1046 [ WARN:0@11.387] global grfmt_tiff.cpp:122 TIFF_Warning TIFFReadDirectory: Sum of Photometric type-related color channels and ExtraSamples doesn't match SamplesPerPixel. Defining non-color channels as ExtraSamples.
28.1s 1047 [ WARN:0@11.421] global grfmt_tiff.cpp:122 TIFF_Warning TIFFReadDirectory: Sum of Photometric type-related color channels and ExtraSamples doesn't match SamplesPerPixel. Defining non-color channels as ExtraSamples.
28.1s 1048 [ WARN:0@11.456] global grfmt_tiff.cpp:122 TIFF_Warning TIFFReadDirectory: Sum of Photometric type-related color channels and ExtraSamples doesn't match SamplesPerPixel. Defining non-color channels as ExtraSamples.
28.1s 1049 [ WARN:0@11.490] global grfmt_tiff.cpp:122 TIFF_Warning TIFFReadDirectory: Sum of Photometric type-related color channels and ExtraSamples doesn't match SamplesPerPixel. Defining non-color channels as ExtraSamples.
28.2s 1050 [ WARN:0@11.523] global grfmt_tiff.cpp:122 TIFF_Warning TIFFReadDirectory: Sum of Photometric type-related color channels and ExtraSamples doesn't match SamplesPerPixel. Defining non-color channels as ExtraSamples.
28.2s 1051 [ WARN:0@11.555] global grfmt_tiff.cpp:122 TIFF_Warning TIFFReadDirectory: Sum of Photometric type-related color channels and ExtraSamples doesn't match SamplesPerPixel. Defining non-color channels as ExtraSamples.
28.2s 1052 [ WARN:0@11.593] global grfmt_tiff.cpp:122 TIFF_Warning TIFFReadDirectory: Sum of Photometric type-related color channels and ExtraSamples doesn't match SamplesPerPixel. Defining non-color channels as ExtraSamples.
28.3s 1053 [ WARN:0@11.632] global grfmt_tiff.cpp:122 TIFF_Warning TIFFReadDirectory: Sum of Photometric type-related color channels and ExtraSamples doesn't match SamplesPerPixel. Defining non-color channels as ExtraSamples.
28.3s 1054 [ WARN:0@11.669] global grfmt_tiff.cpp:122 TIFF_Warning TIFFReadDirectory: Sum of Photometric type-related color channels and ExtraSamples doesn't match SamplesPerPixel. Defining non-color channels as ExtraSamples.
28.3s 1055 [ WARN:0@11.490] global grfmt_tiff.cpp:122 TIFF_Warning TIFFReadDirectory: Sum of Photometric type-related color channels and ExtraSamples doesn't match SamplesPerPixel. Defining non-color channels as ExtraSamples.
28.3s 1056 [ WARN:0@11.523] global grfmt_tiff.cpp:122 TIFF_Warning TIFFReadDirectory: Sum of Photometric type-related color channels and ExtraSamples doesn't match SamplesPerPixel. Defining non-color channels as ExtraSamples.
28.3s 1057 [ WARN:0@11.555] global grfmt_tiff.cpp:122 TIFF_Warning TIFFReadDirectory: Sum of Photometric type-related color channels and ExtraSamples doesn't match SamplesPerPixel. Defining non-color channels as ExtraSamples.
28.3s 1058 [ WARN:0@11.593] global grfmt_tiff.cpp:122 TIFF_Warning TIFFReadDirectory: Sum of Photometric type-related color channels and ExtraSamples doesn't match SamplesPerPixel. Defining non-color channels as ExtraSamples.
28.3s 1059 [ WARN:0@11.632] global grfmt_tiff.cpp:122 TIFF_Warning TIFFReadDirectory: Sum of Photometric type-related color channels and ExtraSamples doesn't match SamplesPerPixel. Defining non-color channels as ExtraSamples.
28.3s 1060 [ WARN:0@11.669] global grfmt_tiff.cpp:122 TIFF_Warning TIFFReadDirectory: Sum of Photometric type-related color channels and ExtraSamples doesn't match SamplesPerPixel. Defining non-color channels as ExtraSamples.
28.3s 1061 
28.3s 1062 [ WARN:0@11.490] global grfmt_tiff.cpp:122 TIFF_Warning TIFFReadDirectory: Sum of Photometric type-related color channels and ExtraSamples doesn't match SamplesPerPixel. Defining non-color channels as ExtraSamples.
28.3s 1063 [ WARN:0@11.523] global grfmt_tiff.cpp:122 TIFF_Warning TIFFReadDirectory: Sum of Photometric type-related color channels and ExtraSamples doesn't match SamplesPerPixel. Defining non-color channels as ExtraSamples.
28.3s 1064 [ WARN:0@11.555] global grfmt_tiff.cpp:122 TIFF_Warning TIFFReadDirectory: Sum of Photometric type-related color channels and ExtraSamples doesn't match SamplesPerPixel. Defining non-color channels as ExtraSamples.
28.3s 1065 [ WARN:0@11.593] global grfmt_tiff.cpp:122 TIFF_Warning TIFFReadDirectory: Sum of Photometric type-related color channels and ExtraSamples doesn't match SamplesPerPixel. Defining non-color channels as ExtraSamples.
28.3s 1066 [ WARN:0@11.632] global grfmt_tiff.cpp:122 TIFF_Warning TIFFReadDirectory: Sum of Photometric type-related color channels and ExtraSamples doesn't match SamplesPerPixel. Defining non-color channels as ExtraSamples.
28.3s 1067 [ WARN:0@11.669] global grfmt_tiff.cpp:122 TIFF_Warning TIFFReadDirectory: Sum of Photometric type-related color channels and ExtraSamples doesn't match SamplesPerPixel. Defining non-color channels as ExtraSamples.
28.4s 1068 [ WARN:0@11.702] global grfmt_tiff.cpp:122 TIFF_Warning TIFFReadDirectory: Sum of Photometric type-related color channels and ExtraSamples doesn't match SamplesPerPixel. Defining non-color channels as ExtraSamples.
28.4s 1069 [ WARN:0@11.736] global grfmt_tiff.cpp:122 TIFF_Warning TIFFReadDirectory: Sum of Photometric type-related color channels and ExtraSamples doesn't match SamplesPerPixel. Defining non-color channels as ExtraSamples.
28.4s 1070 [ WARN:0@11.770] global grfmt_tiff.cpp:122 TIFF_Warning TIFFReadDirectory: Sum of Photometric type-related color channels and ExtraSamples doesn't match SamplesPerPixel. Defining non-color channels as ExtraSamples.
28.5s 1071 [ WARN:0@11.801] global grfmt_tiff.cpp:122 TIFF_Warning TIFFReadDirectory: Sum of Photometric type-related color channels and ExtraSamples doesn't match SamplesPerPixel. Defining non-color channels as ExtraSamples.
28.5s 1072 [ WARN:0@11.837] global grfmt_tiff.cpp:122 TIFF_Warning TIFFReadDirectory: Sum of Photometric type-related color channels and ExtraSamples doesn't match SamplesPerPixel. Defining non-color channels as ExtraSamples.
28.5s 1073 [ WARN:0@11.872] global grfmt_tiff.cpp:122 TIFF_Warning TIFFReadDirectory: Sum of Photometric type-related color channels and ExtraSamples doesn't match SamplesPerPixel. Defining non-color channels as ExtraSamples.
28.6s 1074 [ WARN:0@11.702] global grfmt_tiff.cpp:122 TIFF_Warning TIFFReadDirectory: Sum of Photometric type-related color channels and ExtraSamples doesn't match SamplesPerPixel. Defining non-color channels as ExtraSamples.
28.6s 1075 [ WARN:0@11.736] global grfmt_tiff.cpp:122 TIFF_Warning TIFFReadDirectory: Sum of Photometric type-related color channels and ExtraSamples doesn't match SamplesPerPixel. Defining non-color channels as ExtraSamples.
28.6s 1076 [ WARN:0@11.770] global grfmt_tiff.cpp:122 TIFF_Warning TIFFReadDirectory: Sum of Photometric type-related color channels and ExtraSamples doesn't match SamplesPerPixel. Defining non-color channels as ExtraSamples.
28.6s 1077 [ WARN:0@11.801] global grfmt_tiff.cpp:122 TIFF_Warning TIFFReadDirectory: Sum of Photometric type-related color channels and ExtraSamples doesn't match SamplesPerPixel. Defining non-color channels as ExtraSamples.
28.6s 1078 [ WARN:0@11.837] global grfmt_tiff.cpp:122 TIFF_Warning TIFFReadDirectory: Sum of Photometric type-related color channels and ExtraSamples doesn't match SamplesPerPixel. Defining non-color channels as ExtraSamples.
28.6s 1079 [ WARN:0@11.872] global grfmt_tiff.cpp:122 TIFF_Warning TIFFReadDirectory: Sum of Photometric type-related color channels and ExtraSamples doesn't match SamplesPerPixel. Defining non-color channels as ExtraSamples.
28.6s 1080 
28.6s 1081 [ WARN:0@11.702] global grfmt_tiff.cpp:122 TIFF_Warning TIFFReadDirectory: Sum of Photometric type-related color channels and ExtraSamples doesn't match SamplesPerPixel. Defining non-color channels as ExtraSamples.
28.6s 1082 [ WARN:0@11.736] global grfmt_tiff.cpp:122 TIFF_Warning TIFFReadDirectory: Sum of Photometric type-related color channels and ExtraSamples doesn't match SamplesPerPixel. Defining non-color channels as ExtraSamples.
28.6s 1083 [ WARN:0@11.770] global grfmt_tiff.cpp:122 TIFF_Warning TIFFReadDirectory: Sum of Photometric type-related color channels and ExtraSamples doesn't match SamplesPerPixel. Defining non-color channels as ExtraSamples.
28.6s 1084 [ WARN:0@11.801] global grfmt_tiff.cpp:122 TIFF_Warning TIFFReadDirectory: Sum of Photometric type-related color channels and ExtraSamples doesn't match SamplesPerPixel. Defining non-color channels as ExtraSamples.
28.6s 1085 [ WARN:0@11.837] global grfmt_tiff.cpp:122 TIFF_Warning TIFFReadDirectory: Sum of Photometric type-related color channels and ExtraSamples doesn't match SamplesPerPixel. Defining non-color channels as ExtraSamples.
28.6s 1086 [ WARN:0@11.872] global grfmt_tiff.cpp:122 TIFF_Warning TIFFReadDirectory: Sum of Photometric type-related color channels and ExtraSamples doesn't match SamplesPerPixel. Defining non-color channels as ExtraSamples.
28.6s 1087 [ WARN:0@11.913] global grfmt_tiff.cpp:122 TIFF_Warning TIFFReadDirectory: Sum of Photometric type-related color channels and ExtraSamples doesn't match SamplesPerPixel. Defining non-color channels as ExtraSamples.
28.6s 1088 [ WARN:0@11.946] global grfmt_tiff.cpp:122 TIFF_Warning TIFFReadDirectory: Sum of Photometric type-related color channels and ExtraSamples doesn't match SamplesPerPixel. Defining non-color channels as ExtraSamples.
28.6s 1089 [ WARN:0@11.977] global grfmt_tiff.cpp:122 TIFF_Warning TIFFReadDirectory: Sum of Photometric type-related color channels and ExtraSamples doesn't match SamplesPerPixel. Defining non-color channels as ExtraSamples.
28.7s 1090 [ WARN:0@12.012] global grfmt_tiff.cpp:122 TIFF_Warning TIFFReadDirectory: Sum of Photometric type-related color channels and ExtraSamples doesn't match SamplesPerPixel. Defining non-color channels as ExtraSamples.
28.7s 1091 [ WARN:0@12.049] global grfmt_tiff.cpp:122 TIFF_Warning TIFFReadDirectory: Sum of Photometric type-related color channels and ExtraSamples doesn't match SamplesPerPixel. Defining non-color channels as ExtraSamples.
28.7s 1092 [ WARN:0@12.083] global grfmt_tiff.cpp:122 TIFF_Warning TIFFReadDirectory: Sum of Photometric type-related color channels and ExtraSamples doesn't match SamplesPerPixel. Defining non-color channels as ExtraSamples.
28.8s 1093 [ WARN:0@11.913] global grfmt_tiff.cpp:122 TIFF_Warning TIFFReadDirectory: Sum of Photometric type-related color channels and ExtraSamples doesn't match SamplesPerPixel. Defining non-color channels as ExtraSamples.
28.8s 1094 [ WARN:0@11.946] global grfmt_tiff.cpp:122 TIFF_Warning TIFFReadDirectory: Sum of Photometric type-related color channels and ExtraSamples doesn't match SamplesPerPixel. Defining non-color channels as ExtraSamples.
28.8s 1095 [ WARN:0@11.977] global grfmt_tiff.cpp:122 TIFF_Warning TIFFReadDirectory: Sum of Photometric type-related color channels and ExtraSamples doesn't match SamplesPerPixel. Defining non-color channels as ExtraSamples.
28.8s 1096 [ WARN:0@12.012] global grfmt_tiff.cpp:122 TIFF_Warning TIFFReadDirectory: Sum of Photometric type-related color channels and ExtraSamples doesn't match SamplesPerPixel. Defining non-color channels as ExtraSamples.
28.8s 1097 [ WARN:0@12.049] global grfmt_tiff.cpp:122 TIFF_Warning TIFFReadDirectory: Sum of Photometric type-related color channels and ExtraSamples doesn't match SamplesPerPixel. Defining non-color channels as ExtraSamples.
28.8s 1098 [ WARN:0@12.083] global grfmt_tiff.cpp:122 TIFF_Warning TIFFReadDirectory: Sum of Photometric type-related color channels and ExtraSamples doesn't match SamplesPerPixel. Defining non-color channels as ExtraSamples.
28.8s 1099 
28.8s 1100 [ WARN:0@11.913] global grfmt_tiff.cpp:122 TIFF_Warning TIFFReadDirectory: Sum of Photometric type-related color channels and ExtraSamples doesn't match SamplesPerPixel. Defining non-color channels as ExtraSamples.
28.8s 1101 [ WARN:0@11.946] global grfmt_tiff.cpp:122 TIFF_Warning TIFFReadDirectory: Sum of Photometric type-related color channels and ExtraSamples doesn't match SamplesPerPixel. Defining non-color channels as ExtraSamples.
28.8s 1102 [ WARN:0@11.977] global grfmt_tiff.cpp:122 TIFF_Warning TIFFReadDirectory: Sum of Photometric type-related color channels and ExtraSamples doesn't match SamplesPerPixel. Defining non-color channels as ExtraSamples.
28.8s 1103 [ WARN:0@12.012] global grfmt_tiff.cpp:122 TIFF_Warning TIFFReadDirectory: Sum of Photometric type-related color channels and ExtraSamples doesn't match SamplesPerPixel. Defining non-color channels as ExtraSamples.
28.8s 1104 [ WARN:0@12.049] global grfmt_tiff.cpp:122 TIFF_Warning TIFFReadDirectory: Sum of Photometric type-related color channels and ExtraSamples doesn't match SamplesPerPixel. Defining non-color channels as ExtraSamples.
28.8s 1105 [ WARN:0@12.083] global grfmt_tiff.cpp:122 TIFF_Warning TIFFReadDirectory: Sum of Photometric type-related color channels and ExtraSamples doesn't match SamplesPerPixel. Defining non-color channels as ExtraSamples.
28.8s 1106 [ WARN:0@12.116] global grfmt_tiff.cpp:122 TIFF_Warning TIFFReadDirectory: Sum of Photometric type-related color channels and ExtraSamples doesn't match SamplesPerPixel. Defining non-color channels as ExtraSamples.
28.8s 1107 [ WARN:0@12.150] global grfmt_tiff.cpp:122 TIFF_Warning TIFFReadDirectory: Sum of Photometric type-related color channels and ExtraSamples doesn't match SamplesPerPixel. Defining non-color channels as ExtraSamples.
28.8s 1108 [ WARN:0@12.185] global grfmt_tiff.cpp:122 TIFF_Warning TIFFReadDirectory: Sum of Photometric type-related color channels and ExtraSamples doesn't match SamplesPerPixel. Defining non-color channels as ExtraSamples.
28.9s 1109 [ WARN:0@12.221] global grfmt_tiff.cpp:122 TIFF_Warning TIFFReadDirectory: Sum of Photometric type-related color channels and ExtraSamples doesn't match SamplesPerPixel. Defining non-color channels as ExtraSamples.
28.9s 1110 [ WARN:0@12.255] global grfmt_tiff.cpp:122 TIFF_Warning TIFFReadDirectory: Sum of Photometric type-related color channels and ExtraSamples doesn't match SamplesPerPixel. Defining non-color channels as ExtraSamples.
28.9s 1111 [ WARN:0@12.287] global grfmt_tiff.cpp:122 TIFF_Warning TIFFReadDirectory: Sum of Photometric type-related color channels and ExtraSamples doesn't match SamplesPerPixel. Defining non-color channels as ExtraSamples.
29.0s 1112 [ WARN:0@12.116] global grfmt_tiff.cpp:122 TIFF_Warning TIFFReadDirectory: Sum of Photometric type-related color channels and ExtraSamples doesn't match SamplesPerPixel. Defining non-color channels as ExtraSamples.
29.0s 1113 [ WARN:0@12.150] global grfmt_tiff.cpp:122 TIFF_Warning TIFFReadDirectory: Sum of Photometric type-related color channels and ExtraSamples doesn't match SamplesPerPixel. Defining non-color channels as ExtraSamples.
29.0s 1114 [ WARN:0@12.185] global grfmt_tiff.cpp:122 TIFF_Warning TIFFReadDirectory: Sum of Photometric type-related color channels and ExtraSamples doesn't match SamplesPerPixel. Defining non-color channels as ExtraSamples.
29.0s 1115 [ WARN:0@12.221] global grfmt_tiff.cpp:122 TIFF_Warning TIFFReadDirectory: Sum of Photometric type-related color channels and ExtraSamples doesn't match SamplesPerPixel. Defining non-color channels as ExtraSamples.
29.0s 1116 [ WARN:0@12.255] global grfmt_tiff.cpp:122 TIFF_Warning TIFFReadDirectory: Sum of Photometric type-related color channels and ExtraSamples doesn't match SamplesPerPixel. Defining non-color channels as ExtraSamples.
29.0s 1117 [ WARN:0@12.287] global grfmt_tiff.cpp:122 TIFF_Warning TIFFReadDirectory: Sum of Photometric type-related color channels and ExtraSamples doesn't match SamplesPerPixel. Defining non-color channels as ExtraSamples.
29.0s 1118 
29.0s 1119 [ WARN:0@12.116] global grfmt_tiff.cpp:122 TIFF_Warning TIFFReadDirectory: Sum of Photometric type-related color channels and ExtraSamples doesn't match SamplesPerPixel. Defining non-color channels as ExtraSamples.
29.0s 1120 [ WARN:0@12.150] global grfmt_tiff.cpp:122 TIFF_Warning TIFFReadDirectory: Sum of Photometric type-related color channels and ExtraSamples doesn't match SamplesPerPixel. Defining non-color channels as ExtraSamples.
29.0s 1121 [ WARN:0@12.185] global grfmt_tiff.cpp:122 TIFF_Warning TIFFReadDirectory: Sum of Photometric type-related color channels and ExtraSamples doesn't match SamplesPerPixel. Defining non-color channels as ExtraSamples.
29.0s 1122 [ WARN:0@12.221] global grfmt_tiff.cpp:122 TIFF_Warning TIFFReadDirectory: Sum of Photometric type-related color channels and ExtraSamples doesn't match SamplesPerPixel. Defining non-color channels as ExtraSamples.
29.0s 1123 [ WARN:0@12.255] global grfmt_tiff.cpp:122 TIFF_Warning TIFFReadDirectory: Sum of Photometric type-related color channels and ExtraSamples doesn't match SamplesPerPixel. Defining non-color channels as ExtraSamples.
29.0s 1124 [ WARN:0@12.287] global grfmt_tiff.cpp:122 TIFF_Warning TIFFReadDirectory: Sum of Photometric type-related color channels and ExtraSamples doesn't match SamplesPerPixel. Defining non-color channels as ExtraSamples.
29.0s 1125 [ WARN:0@12.324] global grfmt_tiff.cpp:122 TIFF_Warning TIFFReadDirectory: Sum of Photometric type-related color channels and ExtraSamples doesn't match SamplesPerPixel. Defining non-color channels as ExtraSamples.
29.0s 1126 [ WARN:0@12.361] global grfmt_tiff.cpp:122 TIFF_Warning TIFFReadDirectory: Sum of Photometric type-related color channels and ExtraSamples doesn't match SamplesPerPixel. Defining non-color channels as ExtraSamples.
29.1s 1127 [ WARN:0@12.402] global grfmt_tiff.cpp:122 TIFF_Warning TIFFReadDirectory: Sum of Photometric type-related color channels and ExtraSamples doesn't match SamplesPerPixel. Defining non-color channels as ExtraSamples.
29.1s 1128 [ WARN:0@12.436] global grfmt_tiff.cpp:122 TIFF_Warning TIFFReadDirectory: Sum of Photometric type-related color channels and ExtraSamples doesn't match SamplesPerPixel. Defining non-color channels as ExtraSamples.
29.1s 1129 [ WARN:0@12.468] global grfmt_tiff.cpp:122 TIFF_Warning TIFFReadDirectory: Sum of Photometric type-related color channels and ExtraSamples doesn't match SamplesPerPixel. Defining non-color channels as ExtraSamples.
29.2s 1130 [ WARN:0@12.503] global grfmt_tiff.cpp:122 TIFF_Warning TIFFReadDirectory: Sum of Photometric type-related color channels and ExtraSamples doesn't match SamplesPerPixel. Defining non-color channels as ExtraSamples.
29.2s 1131 [ WARN:0@12.324] global grfmt_tiff.cpp:122 TIFF_Warning TIFFReadDirectory: Sum of Photometric type-related color channels and ExtraSamples doesn't match SamplesPerPixel. Defining non-color channels as ExtraSamples.
29.2s 1132 [ WARN:0@12.361] global grfmt_tiff.cpp:122 TIFF_Warning TIFFReadDirectory: Sum of Photometric type-related color channels and ExtraSamples doesn't match SamplesPerPixel. Defining non-color channels as ExtraSamples.
29.2s 1133 [ WARN:0@12.402] global grfmt_tiff.cpp:122 TIFF_Warning TIFFReadDirectory: Sum of Photometric type-related color channels and ExtraSamples doesn't match SamplesPerPixel. Defining non-color channels as ExtraSamples.
29.2s 1134 [ WARN:0@12.436] global grfmt_tiff.cpp:122 TIFF_Warning TIFFReadDirectory: Sum of Photometric type-related color channels and ExtraSamples doesn't match SamplesPerPixel. Defining non-color channels as ExtraSamples.
29.2s 1135 [ WARN:0@12.468] global grfmt_tiff.cpp:122 TIFF_Warning TIFFReadDirectory: Sum of Photometric type-related color channels and ExtraSamples doesn't match SamplesPerPixel. Defining non-color channels as ExtraSamples.
29.2s 1136 [ WARN:0@12.503] global grfmt_tiff.cpp:122 TIFF_Warning TIFFReadDirectory: Sum of Photometric type-related color channels and ExtraSamples doesn't match SamplesPerPixel. Defining non-color channels as ExtraSamples.
29.2s 1137 
29.2s 1138 [ WARN:0@12.324] global grfmt_tiff.cpp:122 TIFF_Warning TIFFReadDirectory: Sum of Photometric type-related color channels and ExtraSamples doesn't match SamplesPerPixel. Defining non-color channels as ExtraSamples.
29.2s 1139 [ WARN:0@12.361] global grfmt_tiff.cpp:122 TIFF_Warning TIFFReadDirectory: Sum of Photometric type-related color channels and ExtraSamples doesn't match SamplesPerPixel. Defining non-color channels as ExtraSamples.
29.2s 1140 [ WARN:0@12.402] global grfmt_tiff.cpp:122 TIFF_Warning TIFFReadDirectory: Sum of Photometric type-related color channels and ExtraSamples doesn't match SamplesPerPixel. Defining non-color channels as ExtraSamples.
29.2s 1141 [ WARN:0@12.436] global grfmt_tiff.cpp:122 TIFF_Warning TIFFReadDirectory: Sum of Photometric type-related color channels and ExtraSamples doesn't match SamplesPerPixel. Defining non-color channels as ExtraSamples.
29.2s 1142 [ WARN:0@12.468] global grfmt_tiff.cpp:122 TIFF_Warning TIFFReadDirectory: Sum of Photometric type-related color channels and ExtraSamples doesn't match SamplesPerPixel. Defining non-color channels as ExtraSamples.
29.2s 1143 [ WARN:0@12.503] global grfmt_tiff.cpp:122 TIFF_Warning TIFFReadDirectory: Sum of Photometric type-related color channels and ExtraSamples doesn't match SamplesPerPixel. Defining non-color channels as ExtraSamples.
29.2s 1144 [ WARN:0@12.555] global grfmt_tiff.cpp:122 TIFF_Warning TIFFReadDirectory: Sum of Photometric type-related color channels and ExtraSamples doesn't match SamplesPerPixel. Defining non-color channels as ExtraSamples.
29.2s 1145 [ WARN:0@12.589] global grfmt_tiff.cpp:122 TIFF_Warning TIFFReadDirectory: Sum of Photometric type-related color channels and ExtraSamples doesn't match SamplesPerPixel. Defining non-color channels as ExtraSamples.
29.3s 1146 [ WARN:0@12.625] global grfmt_tiff.cpp:122 TIFF_Warning TIFFReadDirectory: Sum of Photometric type-related color channels and ExtraSamples doesn't match SamplesPerPixel. Defining non-color channels as ExtraSamples.
29.3s 1147 [ WARN:0@12.657] global grfmt_tiff.cpp:122 TIFF_Warning TIFFReadDirectory: Sum of Photometric type-related color channels and ExtraSamples doesn't match SamplesPerPixel. Defining non-color channels as ExtraSamples.
29.3s 1148 [ WARN:0@12.689] global grfmt_tiff.cpp:122 TIFF_Warning TIFFReadDirectory: Sum of Photometric type-related color channels and ExtraSamples doesn't match SamplesPerPixel. Defining non-color channels as ExtraSamples.
29.4s 1149 [ WARN:0@12.718] global grfmt_tiff.cpp:122 TIFF_Warning TIFFReadDirectory: Sum of Photometric type-related color channels and ExtraSamples doesn't match SamplesPerPixel. Defining non-color channels as ExtraSamples.
29.4s 1150 [ WARN:0@12.555] global grfmt_tiff.cpp:122 TIFF_Warning TIFFReadDirectory: Sum of Photometric type-related color channels and ExtraSamples doesn't match SamplesPerPixel. Defining non-color channels as ExtraSamples.
29.4s 1151 [ WARN:0@12.589] global grfmt_tiff.cpp:122 TIFF_Warning TIFFReadDirectory: Sum of Photometric type-related color channels and ExtraSamples doesn't match SamplesPerPixel. Defining non-color channels as ExtraSamples.
29.4s 1152 [ WARN:0@12.625] global grfmt_tiff.cpp:122 TIFF_Warning TIFFReadDirectory: Sum of Photometric type-related color channels and ExtraSamples doesn't match SamplesPerPixel. Defining non-color channels as ExtraSamples.
29.4s 1153 [ WARN:0@12.657] global grfmt_tiff.cpp:122 TIFF_Warning TIFFReadDirectory: Sum of Photometric type-related color channels and ExtraSamples doesn't match SamplesPerPixel. Defining non-color channels as ExtraSamples.
29.4s 1154 [ WARN:0@12.689] global grfmt_tiff.cpp:122 TIFF_Warning TIFFReadDirectory: Sum of Photometric type-related color channels and ExtraSamples doesn't match SamplesPerPixel. Defining non-color channels as ExtraSamples.
29.4s 1155 [ WARN:0@12.718] global grfmt_tiff.cpp:122 TIFF_Warning TIFFReadDirectory: Sum of Photometric type-related color channels and ExtraSamples doesn't match SamplesPerPixel. Defining non-color channels as ExtraSamples.
29.4s 1156 
29.4s 1157 [ WARN:0@12.555] global grfmt_tiff.cpp:122 TIFF_Warning TIFFReadDirectory: Sum of Photometric type-related color channels and ExtraSamples doesn't match SamplesPerPixel. Defining non-color channels as ExtraSamples.
29.4s 1158 [ WARN:0@12.589] global grfmt_tiff.cpp:122 TIFF_Warning TIFFReadDirectory: Sum of Photometric type-related color channels and ExtraSamples doesn't match SamplesPerPixel. Defining non-color channels as ExtraSamples.
29.4s 1159 [ WARN:0@12.625] global grfmt_tiff.cpp:122 TIFF_Warning TIFFReadDirectory: Sum of Photometric type-related color channels and ExtraSamples doesn't match SamplesPerPixel. Defining non-color channels as ExtraSamples.
29.4s 1160 [ WARN:0@12.657] global grfmt_tiff.cpp:122 TIFF_Warning TIFFReadDirectory: Sum of Photometric type-related color channels and ExtraSamples doesn't match SamplesPerPixel. Defining non-color channels as ExtraSamples.
29.4s 1161 [ WARN:0@12.689] global grfmt_tiff.cpp:122 TIFF_Warning TIFFReadDirectory: Sum of Photometric type-related color channels and ExtraSamples doesn't match SamplesPerPixel. Defining non-color channels as ExtraSamples.
29.4s 1162 [ WARN:0@12.718] global grfmt_tiff.cpp:122 TIFF_Warning TIFFReadDirectory: Sum of Photometric type-related color channels and ExtraSamples doesn't match SamplesPerPixel. Defining non-color channels as ExtraSamples.
29.4s 1163 [ WARN:0@12.758] global grfmt_tiff.cpp:122 TIFF_Warning TIFFReadDirectory: Sum of Photometric type-related color channels and ExtraSamples doesn't match SamplesPerPixel. Defining non-color channels as ExtraSamples.
29.5s 1164 [ WARN:0@12.803] global grfmt_tiff.cpp:122 TIFF_Warning TIFFReadDirectory: Sum of Photometric type-related color channels and ExtraSamples doesn't match SamplesPerPixel. Defining non-color channels as ExtraSamples.
29.5s 1165 [ WARN:0@12.839] global grfmt_tiff.cpp:122 TIFF_Warning TIFFReadDirectory: Sum of Photometric type-related color channels and ExtraSamples doesn't match SamplesPerPixel. Defining non-color channels as ExtraSamples.
29.5s 1166 [ WARN:0@12.880] global grfmt_tiff.cpp:122 TIFF_Warning TIFFReadDirectory: Sum of Photometric type-related color channels and ExtraSamples doesn't match SamplesPerPixel. Defining non-color channels as ExtraSamples.
29.6s 1167 [ WARN:0@12.916] global grfmt_tiff.cpp:122 TIFF_Warning TIFFReadDirectory: Sum of Photometric type-related color channels and ExtraSamples doesn't match SamplesPerPixel. Defining non-color channels as ExtraSamples.
29.6s 1168 [ WARN:0@12.947] global grfmt_tiff.cpp:122 TIFF_Warning TIFFReadDirectory: Sum of Photometric type-related color channels and ExtraSamples doesn't match SamplesPerPixel. Defining non-color channels as ExtraSamples.
29.6s 1169 [ WARN:0@12.758] global grfmt_tiff.cpp:122 TIFF_Warning TIFFReadDirectory: Sum of Photometric type-related color channels and ExtraSamples doesn't match SamplesPerPixel. Defining non-color channels as ExtraSamples.
29.6s 1170 [ WARN:0@12.803] global grfmt_tiff.cpp:122 TIFF_Warning TIFFReadDirectory: Sum of Photometric type-related color channels and ExtraSamples doesn't match SamplesPerPixel. Defining non-color channels as ExtraSamples.
29.6s 1171 [ WARN:0@12.839] global grfmt_tiff.cpp:122 TIFF_Warning TIFFReadDirectory: Sum of Photometric type-related color channels and ExtraSamples doesn't match SamplesPerPixel. Defining non-color channels as ExtraSamples.
29.6s 1172 [ WARN:0@12.880] global grfmt_tiff.cpp:122 TIFF_Warning TIFFReadDirectory: Sum of Photometric type-related color channels and ExtraSamples doesn't match SamplesPerPixel. Defining non-color channels as ExtraSamples.
29.6s 1173 [ WARN:0@12.916] global grfmt_tiff.cpp:122 TIFF_Warning TIFFReadDirectory: Sum of Photometric type-related color channels and ExtraSamples doesn't match SamplesPerPixel. Defining non-color channels as ExtraSamples.
29.6s 1174 [ WARN:0@12.947] global grfmt_tiff.cpp:122 TIFF_Warning TIFFReadDirectory: Sum of Photometric type-related color channels and ExtraSamples doesn't match SamplesPerPixel. Defining non-color channels as ExtraSamples.
29.6s 1175 
29.6s 1176 [ WARN:0@12.758] global grfmt_tiff.cpp:122 TIFF_Warning TIFFReadDirectory: Sum of Photometric type-related color channels and ExtraSamples doesn't match SamplesPerPixel. Defining non-color channels as ExtraSamples.
29.6s 1177 [ WARN:0@12.803] global grfmt_tiff.cpp:122 TIFF_Warning TIFFReadDirectory: Sum of Photometric type-related color channels and ExtraSamples doesn't match SamplesPerPixel. Defining non-color channels as ExtraSamples.
29.6s 1178 [ WARN:0@12.839] global grfmt_tiff.cpp:122 TIFF_Warning TIFFReadDirectory: Sum of Photometric type-related color channels and ExtraSamples doesn't match SamplesPerPixel. Defining non-color channels as ExtraSamples.
29.6s 1179 [ WARN:0@12.880] global grfmt_tiff.cpp:122 TIFF_Warning TIFFReadDirectory: Sum of Photometric type-related color channels and ExtraSamples doesn't match SamplesPerPixel. Defining non-color channels as ExtraSamples.
29.6s 1180 [ WARN:0@12.916] global grfmt_tiff.cpp:122 TIFF_Warning TIFFReadDirectory: Sum of Photometric type-related color channels and ExtraSamples doesn't match SamplesPerPixel. Defining non-color channels as ExtraSamples.
29.6s 1181 [ WARN:0@12.947] global grfmt_tiff.cpp:122 TIFF_Warning TIFFReadDirectory: Sum of Photometric type-related color channels and ExtraSamples doesn't match SamplesPerPixel. Defining non-color channels as ExtraSamples.
29.6s 1182 [ WARN:0@12.980] global grfmt_tiff.cpp:122 TIFF_Warning TIFFReadDirectory: Sum of Photometric type-related color channels and ExtraSamples doesn't match SamplesPerPixel. Defining non-color channels as ExtraSamples.
29.7s 1183 [ WARN:0@13.013] global grfmt_tiff.cpp:122 TIFF_Warning TIFFReadDirectory: Sum of Photometric type-related color channels and ExtraSamples doesn't match SamplesPerPixel. Defining non-color channels as ExtraSamples.
29.7s 1184 [ WARN:0@13.055] global grfmt_tiff.cpp:122 TIFF_Warning TIFFReadDirectory: Sum of Photometric type-related color channels and ExtraSamples doesn't match SamplesPerPixel. Defining non-color channels as ExtraSamples.
29.7s 1185 [ WARN:0@13.087] global grfmt_tiff.cpp:122 TIFF_Warning TIFFReadDirectory: Sum of Photometric type-related color channels and ExtraSamples doesn't match SamplesPerPixel. Defining non-color channels as ExtraSamples.
29.8s 1186 [ WARN:0@13.126] global grfmt_tiff.cpp:122 TIFF_Warning TIFFReadDirectory: Sum of Photometric type-related color channels and ExtraSamples doesn't match SamplesPerPixel. Defining non-color channels as ExtraSamples.
29.8s 1187 [ WARN:0@13.158] global grfmt_tiff.cpp:122 TIFF_Warning TIFFReadDirectory: Sum of Photometric type-related color channels and ExtraSamples doesn't match SamplesPerPixel. Defining non-color channels as ExtraSamples.
29.8s 1188 [ WARN:0@12.980] global grfmt_tiff.cpp:122 TIFF_Warning TIFFReadDirectory: Sum of Photometric type-related color channels and ExtraSamples doesn't match SamplesPerPixel. Defining non-color channels as ExtraSamples.
29.8s 1189 [ WARN:0@13.013] global grfmt_tiff.cpp:122 TIFF_Warning TIFFReadDirectory: Sum of Photometric type-related color channels and ExtraSamples doesn't match SamplesPerPixel. Defining non-color channels as ExtraSamples.
29.8s 1190 [ WARN:0@13.055] global grfmt_tiff.cpp:122 TIFF_Warning TIFFReadDirectory: Sum of Photometric type-related color channels and ExtraSamples doesn't match SamplesPerPixel. Defining non-color channels as ExtraSamples.
29.8s 1191 [ WARN:0@13.087] global grfmt_tiff.cpp:122 TIFF_Warning TIFFReadDirectory: Sum of Photometric type-related color channels and ExtraSamples doesn't match SamplesPerPixel. Defining non-color channels as ExtraSamples.
29.8s 1192 [ WARN:0@13.126] global grfmt_tiff.cpp:122 TIFF_Warning TIFFReadDirectory: Sum of Photometric type-related color channels and ExtraSamples doesn't match SamplesPerPixel. Defining non-color channels as ExtraSamples.
29.8s 1193 [ WARN:0@13.158] global grfmt_tiff.cpp:122 TIFF_Warning TIFFReadDirectory: Sum of Photometric type-related color channels and ExtraSamples doesn't match SamplesPerPixel. Defining non-color channels as ExtraSamples.
29.8s 1194 
29.8s 1195 [ WARN:0@12.980] global grfmt_tiff.cpp:122 TIFF_Warning TIFFReadDirectory: Sum of Photometric type-related color channels and ExtraSamples doesn't match SamplesPerPixel. Defining non-color channels as ExtraSamples.
29.8s 1196 [ WARN:0@13.013] global grfmt_tiff.cpp:122 TIFF_Warning TIFFReadDirectory: Sum of Photometric type-related color channels and ExtraSamples doesn't match SamplesPerPixel. Defining non-color channels as ExtraSamples.
29.8s 1197 [ WARN:0@13.055] global grfmt_tiff.cpp:122 TIFF_Warning TIFFReadDirectory: Sum of Photometric type-related color channels and ExtraSamples doesn't match SamplesPerPixel. Defining non-color channels as ExtraSamples.
29.8s 1198 [ WARN:0@13.087] global grfmt_tiff.cpp:122 TIFF_Warning TIFFReadDirectory: Sum of Photometric type-related color channels and ExtraSamples doesn't match SamplesPerPixel. Defining non-color channels as ExtraSamples.
29.8s 1199 [ WARN:0@13.126] global grfmt_tiff.cpp:122 TIFF_Warning TIFFReadDirectory: Sum of Photometric type-related color channels and ExtraSamples doesn't match SamplesPerPixel. Defining non-color channels as ExtraSamples.
29.8s 1200 [ WARN:0@13.158] global grfmt_tiff.cpp:122 TIFF_Warning TIFFReadDirectory: Sum of Photometric type-related color channels and ExtraSamples doesn't match SamplesPerPixel. Defining non-color channels as ExtraSamples.
29.9s 1201 [ WARN:0@13.196] global grfmt_tiff.cpp:122 TIFF_Warning TIFFReadDirectory: Sum of Photometric type-related color channels and ExtraSamples doesn't match SamplesPerPixel. Defining non-color channels as ExtraSamples.
29.9s 1202 [ WARN:0@13.238] global grfmt_tiff.cpp:122 TIFF_Warning TIFFReadDirectory: Sum of Photometric type-related color channels and ExtraSamples doesn't match SamplesPerPixel. Defining non-color channels as ExtraSamples.
29.9s 1203 [ WARN:0@13.270] global grfmt_tiff.cpp:122 TIFF_Warning TIFFReadDirectory: Sum of Photometric type-related color channels and ExtraSamples doesn't match SamplesPerPixel. Defining non-color channels as ExtraSamples.
30.0s 1204 [ WARN:0@13.301] global grfmt_tiff.cpp:122 TIFF_Warning TIFFReadDirectory: Sum of Photometric type-related color channels and ExtraSamples doesn't match SamplesPerPixel. Defining non-color channels as ExtraSamples.
30.0s 1205 [ WARN:0@13.331] global grfmt_tiff.cpp:122 TIFF_Warning TIFFReadDirectory: Sum of Photometric type-related color channels and ExtraSamples doesn't match SamplesPerPixel. Defining non-color channels as ExtraSamples.
30.0s 1206 [ WARN:0@13.380] global grfmt_tiff.cpp:122 TIFF_Warning TIFFReadDirectory: Sum of Photometric type-related color channels and ExtraSamples doesn't match SamplesPerPixel. Defining non-color channels as ExtraSamples.
30.1s 1207 [ WARN:0@13.196] global grfmt_tiff.cpp:122 TIFF_Warning TIFFReadDirectory: Sum of Photometric type-related color channels and ExtraSamples doesn't match SamplesPerPixel. Defining non-color channels as ExtraSamples.
30.1s 1208 [ WARN:0@13.238] global grfmt_tiff.cpp:122 TIFF_Warning TIFFReadDirectory: Sum of Photometric type-related color channels and ExtraSamples doesn't match SamplesPerPixel. Defining non-color channels as ExtraSamples.
30.1s 1209 [ WARN:0@13.270] global grfmt_tiff.cpp:122 TIFF_Warning TIFFReadDirectory: Sum of Photometric type-related color channels and ExtraSamples doesn't match SamplesPerPixel. Defining non-color channels as ExtraSamples.
30.1s 1210 [ WARN:0@13.301] global grfmt_tiff.cpp:122 TIFF_Warning TIFFReadDirectory: Sum of Photometric type-related color channels and ExtraSamples doesn't match SamplesPerPixel. Defining non-color channels as ExtraSamples.
30.1s 1211 [ WARN:0@13.331] global grfmt_tiff.cpp:122 TIFF_Warning TIFFReadDirectory: Sum of Photometric type-related color channels and ExtraSamples doesn't match SamplesPerPixel. Defining non-color channels as ExtraSamples.
30.1s 1212 [ WARN:0@13.380] global grfmt_tiff.cpp:122 TIFF_Warning TIFFReadDirectory: Sum of Photometric type-related color channels and ExtraSamples doesn't match SamplesPerPixel. Defining non-color channels as ExtraSamples.
30.1s 1213 
30.1s 1214 [ WARN:0@13.196] global grfmt_tiff.cpp:122 TIFF_Warning TIFFReadDirectory: Sum of Photometric type-related color channels and ExtraSamples doesn't match SamplesPerPixel. Defining non-color channels as ExtraSamples.
30.1s 1215 [ WARN:0@13.238] global grfmt_tiff.cpp:122 TIFF_Warning TIFFReadDirectory: Sum of Photometric type-related color channels and ExtraSamples doesn't match SamplesPerPixel. Defining non-color channels as ExtraSamples.
30.1s 1216 [ WARN:0@13.270] global grfmt_tiff.cpp:122 TIFF_Warning TIFFReadDirectory: Sum of Photometric type-related color channels and ExtraSamples doesn't match SamplesPerPixel. Defining non-color channels as ExtraSamples.
30.1s 1217 [ WARN:0@13.301] global grfmt_tiff.cpp:122 TIFF_Warning TIFFReadDirectory: Sum of Photometric type-related color channels and ExtraSamples doesn't match SamplesPerPixel. Defining non-color channels as ExtraSamples.
30.1s 1218 [ WARN:0@13.331] global grfmt_tiff.cpp:122 TIFF_Warning TIFFReadDirectory: Sum of Photometric type-related color channels and ExtraSamples doesn't match SamplesPerPixel. Defining non-color channels as ExtraSamples.
30.1s 1219 [ WARN:0@13.380] global grfmt_tiff.cpp:122 TIFF_Warning TIFFReadDirectory: Sum of Photometric type-related color channels and ExtraSamples doesn't match SamplesPerPixel. Defining non-color channels as ExtraSamples.
30.1s 1220 [ WARN:0@13.414] global grfmt_tiff.cpp:122 TIFF_Warning TIFFReadDirectory: Sum of Photometric type-related color channels and ExtraSamples doesn't match SamplesPerPixel. Defining non-color channels as ExtraSamples.
30.1s 1221 [ WARN:0@13.445] global grfmt_tiff.cpp:122 TIFF_Warning TIFFReadDirectory: Sum of Photometric type-related color channels and ExtraSamples doesn't match SamplesPerPixel. Defining non-color channels as ExtraSamples.
30.1s 1222 [ WARN:0@13.481] global grfmt_tiff.cpp:122 TIFF_Warning TIFFReadDirectory: Sum of Photometric type-related color channels and ExtraSamples doesn't match SamplesPerPixel. Defining non-color channels as ExtraSamples.
30.2s 1223 [ WARN:0@13.512] global grfmt_tiff.cpp:122 TIFF_Warning TIFFReadDirectory: Sum of Photometric type-related color channels and ExtraSamples doesn't match SamplesPerPixel. Defining non-color channels as ExtraSamples.
30.2s 1224 [ WARN:0@13.543] global grfmt_tiff.cpp:122 TIFF_Warning TIFFReadDirectory: Sum of Photometric type-related color channels and ExtraSamples doesn't match SamplesPerPixel. Defining non-color channels as ExtraSamples.
30.2s 1225 [ WARN:0@13.581] global grfmt_tiff.cpp:122 TIFF_Warning TIFFReadDirectory: Sum of Photometric type-related color channels and ExtraSamples doesn't match SamplesPerPixel. Defining non-color channels as ExtraSamples.
30.3s 1226 [ WARN:0@13.414] global grfmt_tiff.cpp:122 TIFF_Warning TIFFReadDirectory: Sum of Photometric type-related color channels and ExtraSamples doesn't match SamplesPerPixel. Defining non-color channels as ExtraSamples.
30.3s 1227 [ WARN:0@13.445] global grfmt_tiff.cpp:122 TIFF_Warning TIFFReadDirectory: Sum of Photometric type-related color channels and ExtraSamples doesn't match SamplesPerPixel. Defining non-color channels as ExtraSamples.
30.3s 1228 [ WARN:0@13.481] global grfmt_tiff.cpp:122 TIFF_Warning TIFFReadDirectory: Sum of Photometric type-related color channels and ExtraSamples doesn't match SamplesPerPixel. Defining non-color channels as ExtraSamples.
30.3s 1229 [ WARN:0@13.512] global grfmt_tiff.cpp:122 TIFF_Warning TIFFReadDirectory: Sum of Photometric type-related color channels and ExtraSamples doesn't match SamplesPerPixel. Defining non-color channels as ExtraSamples.
30.3s 1230 [ WARN:0@13.543] global grfmt_tiff.cpp:122 TIFF_Warning TIFFReadDirectory: Sum of Photometric type-related color channels and ExtraSamples doesn't match SamplesPerPixel. Defining non-color channels as ExtraSamples.
30.3s 1231 [ WARN:0@13.581] global grfmt_tiff.cpp:122 TIFF_Warning TIFFReadDirectory: Sum of Photometric type-related color channels and ExtraSamples doesn't match SamplesPerPixel. Defining non-color channels as ExtraSamples.
30.3s 1232 
30.3s 1233 [ WARN:0@13.414] global grfmt_tiff.cpp:122 TIFF_Warning TIFFReadDirectory: Sum of Photometric type-related color channels and ExtraSamples doesn't match SamplesPerPixel. Defining non-color channels as ExtraSamples.
30.3s 1234 [ WARN:0@13.445] global grfmt_tiff.cpp:122 TIFF_Warning TIFFReadDirectory: Sum of Photometric type-related color channels and ExtraSamples doesn't match SamplesPerPixel. Defining non-color channels as ExtraSamples.
30.3s 1235 [ WARN:0@13.481] global grfmt_tiff.cpp:122 TIFF_Warning TIFFReadDirectory: Sum of Photometric type-related color channels and ExtraSamples doesn't match SamplesPerPixel. Defining non-color channels as ExtraSamples.
30.3s 1236 [ WARN:0@13.512] global grfmt_tiff.cpp:122 TIFF_Warning TIFFReadDirectory: Sum of Photometric type-related color channels and ExtraSamples doesn't match SamplesPerPixel. Defining non-color channels as ExtraSamples.
30.3s 1237 [ WARN:0@13.543] global grfmt_tiff.cpp:122 TIFF_Warning TIFFReadDirectory: Sum of Photometric type-related color channels and ExtraSamples doesn't match SamplesPerPixel. Defining non-color channels as ExtraSamples.
30.3s 1238 [ WARN:0@13.581] global grfmt_tiff.cpp:122 TIFF_Warning TIFFReadDirectory: Sum of Photometric type-related color channels and ExtraSamples doesn't match SamplesPerPixel. Defining non-color channels as ExtraSamples.
30.3s 1239 [ WARN:0@13.619] global grfmt_tiff.cpp:122 TIFF_Warning TIFFReadDirectory: Sum of Photometric type-related color channels and ExtraSamples doesn't match SamplesPerPixel. Defining non-color channels as ExtraSamples.
30.3s 1240 [ WARN:0@13.656] global grfmt_tiff.cpp:122 TIFF_Warning TIFFReadDirectory: Sum of Photometric type-related color channels and ExtraSamples doesn't match SamplesPerPixel. Defining non-color channels as ExtraSamples.
30.4s 1241 [ WARN:0@13.703] global grfmt_tiff.cpp:122 TIFF_Warning TIFFReadDirectory: Sum of Photometric type-related color channels and ExtraSamples doesn't match SamplesPerPixel. Defining non-color channels as ExtraSamples.
30.4s 1242 [ WARN:0@13.736] global grfmt_tiff.cpp:122 TIFF_Warning TIFFReadDirectory: Sum of Photometric type-related color channels and ExtraSamples doesn't match SamplesPerPixel. Defining non-color channels as ExtraSamples.
30.5s 1243 [ WARN:0@13.802] global grfmt_tiff.cpp:122 TIFF_Warning TIFFReadDirectory: Sum of Photometric type-related color channels and ExtraSamples doesn't match SamplesPerPixel. Defining non-color channels as ExtraSamples.
30.5s 1244 [ WARN:0@13.619] global grfmt_tiff.cpp:122 TIFF_Warning TIFFReadDirectory: Sum of Photometric type-related color channels and ExtraSamples doesn't match SamplesPerPixel. Defining non-color channels as ExtraSamples.
30.5s 1245 [ WARN:0@13.656] global grfmt_tiff.cpp:122 TIFF_Warning TIFFReadDirectory: Sum of Photometric type-related color channels and ExtraSamples doesn't match SamplesPerPixel. Defining non-color channels as ExtraSamples.
30.5s 1246 [ WARN:0@13.703] global grfmt_tiff.cpp:122 TIFF_Warning TIFFReadDirectory: Sum of Photometric type-related color channels and ExtraSamples doesn't match SamplesPerPixel. Defining non-color channels as ExtraSamples.
30.5s 1247 [ WARN:0@13.736] global grfmt_tiff.cpp:122 TIFF_Warning TIFFReadDirectory: Sum of Photometric type-related color channels and ExtraSamples doesn't match SamplesPerPixel. Defining non-color channels as ExtraSamples.
30.5s 1248 [ WARN:0@13.802] global grfmt_tiff.cpp:122 TIFF_Warning TIFFReadDirectory: Sum of Photometric type-related color channels and ExtraSamples doesn't match SamplesPerPixel. Defining non-color channels as ExtraSamples.
30.5s 1249 
30.5s 1250 [ WARN:0@13.619] global grfmt_tiff.cpp:122 TIFF_Warning TIFFReadDirectory: Sum of Photometric type-related color channels and ExtraSamples doesn't match SamplesPerPixel. Defining non-color channels as ExtraSamples.
30.5s 1251 [ WARN:0@13.656] global grfmt_tiff.cpp:122 TIFF_Warning TIFFReadDirectory: Sum of Photometric type-related color channels and ExtraSamples doesn't match SamplesPerPixel. Defining non-color channels as ExtraSamples.
30.5s 1252 [ WARN:0@13.703] global grfmt_tiff.cpp:122 TIFF_Warning TIFFReadDirectory: Sum of Photometric type-related color channels and ExtraSamples doesn't match SamplesPerPixel. Defining non-color channels as ExtraSamples.
30.5s 1253 [ WARN:0@13.736] global grfmt_tiff.cpp:122 TIFF_Warning TIFFReadDirectory: Sum of Photometric type-related color channels and ExtraSamples doesn't match SamplesPerPixel. Defining non-color channels as ExtraSamples.
30.5s 1254 [ WARN:0@13.802] global grfmt_tiff.cpp:122 TIFF_Warning TIFFReadDirectory: Sum of Photometric type-related color channels and ExtraSamples doesn't match SamplesPerPixel. Defining non-color channels as ExtraSamples.
30.5s 1255 [ WARN:0@13.870] global grfmt_tiff.cpp:122 TIFF_Warning TIFFReadDirectory: Sum of Photometric type-related color channels and ExtraSamples doesn't match SamplesPerPixel. Defining non-color channels as ExtraSamples.
30.6s 1256 [ WARN:0@13.906] global grfmt_tiff.cpp:122 TIFF_Warning TIFFReadDirectory: Sum of Photometric type-related color channels and ExtraSamples doesn't match SamplesPerPixel. Defining non-color channels as ExtraSamples.
30.6s 1257 [ WARN:0@13.939] global grfmt_tiff.cpp:122 TIFF_Warning TIFFReadDirectory: Sum of Photometric type-related color channels and ExtraSamples doesn't match SamplesPerPixel. Defining non-color channels as ExtraSamples.
30.6s 1258 [ WARN:0@13.969] global grfmt_tiff.cpp:122 TIFF_Warning TIFFReadDirectory: Sum of Photometric type-related color channels and ExtraSamples doesn't match SamplesPerPixel. Defining non-color channels as ExtraSamples.
30.7s 1259 [ WARN:0@14.000] global grfmt_tiff.cpp:122 TIFF_Warning TIFFReadDirectory: Sum of Photometric type-related color channels and ExtraSamples doesn't match SamplesPerPixel. Defining non-color channels as ExtraSamples.
30.7s 1260 [ WARN:0@14.031] global grfmt_tiff.cpp:122 TIFF_Warning TIFFReadDirectory: Sum of Photometric type-related color channels and ExtraSamples doesn't match SamplesPerPixel. Defining non-color channels as ExtraSamples.
30.7s 1261 [ WARN:0@14.069] global grfmt_tiff.cpp:122 TIFF_Warning TIFFReadDirectory: Sum of Photometric type-related color channels and ExtraSamples doesn't match SamplesPerPixel. Defining non-color channels as ExtraSamples.
30.7s 1262 [ WARN:0@13.870] global grfmt_tiff.cpp:122 TIFF_Warning TIFFReadDirectory: Sum of Photometric type-related color channels and ExtraSamples doesn't match SamplesPerPixel. Defining non-color channels as ExtraSamples.
30.7s 1263 [ WARN:0@13.906] global grfmt_tiff.cpp:122 TIFF_Warning TIFFReadDirectory: Sum of Photometric type-related color channels and ExtraSamples doesn't match SamplesPerPixel. Defining non-color channels as ExtraSamples.
30.7s 1264 [ WARN:0@13.939] global grfmt_tiff.cpp:122 TIFF_Warning TIFFReadDirectory: Sum of Photometric type-related color channels and ExtraSamples doesn't match SamplesPerPixel. Defining non-color channels as ExtraSamples.
30.7s 1265 [ WARN:0@13.969] global grfmt_tiff.cpp:122 TIFF_Warning TIFFReadDirectory: Sum of Photometric type-related color channels and ExtraSamples doesn't match SamplesPerPixel. Defining non-color channels as ExtraSamples.
30.7s 1266 [ WARN:0@14.000] global grfmt_tiff.cpp:122 TIFF_Warning TIFFReadDirectory: Sum of Photometric type-related color channels and ExtraSamples doesn't match SamplesPerPixel. Defining non-color channels as ExtraSamples.
30.7s 1267 [ WARN:0@14.031] global grfmt_tiff.cpp:122 TIFF_Warning TIFFReadDirectory: Sum of Photometric type-related color channels and ExtraSamples doesn't match SamplesPerPixel. Defining non-color channels as ExtraSamples.
30.7s 1268 [ WARN:0@14.069] global grfmt_tiff.cpp:122 TIFF_Warning TIFFReadDirectory: Sum of Photometric type-related color channels and ExtraSamples doesn't match SamplesPerPixel. Defining non-color channels as ExtraSamples.
30.7s 1269 
30.7s 1270 [ WARN:0@13.870] global grfmt_tiff.cpp:122 TIFF_Warning TIFFReadDirectory: Sum of Photometric type-related color channels and ExtraSamples doesn't match SamplesPerPixel. Defining non-color channels as ExtraSamples.
30.7s 1271 [ WARN:0@13.906] global grfmt_tiff.cpp:122 TIFF_Warning TIFFReadDirectory: Sum of Photometric type-related color channels and ExtraSamples doesn't match SamplesPerPixel. Defining non-color channels as ExtraSamples.
30.7s 1272 [ WARN:0@13.939] global grfmt_tiff.cpp:122 TIFF_Warning TIFFReadDirectory: Sum of Photometric type-related color channels and ExtraSamples doesn't match SamplesPerPixel. Defining non-color channels as ExtraSamples.
30.7s 1273 [ WARN:0@13.969] global grfmt_tiff.cpp:122 TIFF_Warning TIFFReadDirectory: Sum of Photometric type-related color channels and ExtraSamples doesn't match SamplesPerPixel. Defining non-color channels as ExtraSamples.
30.7s 1274 [ WARN:0@14.000] global grfmt_tiff.cpp:122 TIFF_Warning TIFFReadDirectory: Sum of Photometric type-related color channels and ExtraSamples doesn't match SamplesPerPixel. Defining non-color channels as ExtraSamples.
30.7s 1275 [ WARN:0@14.031] global grfmt_tiff.cpp:122 TIFF_Warning TIFFReadDirectory: Sum of Photometric type-related color channels and ExtraSamples doesn't match SamplesPerPixel. Defining non-color channels as ExtraSamples.
30.7s 1276 [ WARN:0@14.069] global grfmt_tiff.cpp:122 TIFF_Warning TIFFReadDirectory: Sum of Photometric type-related color channels and ExtraSamples doesn't match SamplesPerPixel. Defining non-color channels as ExtraSamples.
30.8s 1277 [ WARN:0@14.101] global grfmt_tiff.cpp:122 TIFF_Warning TIFFReadDirectory: Sum of Photometric type-related color channels and ExtraSamples doesn't match SamplesPerPixel. Defining non-color channels as ExtraSamples.
30.8s 1278 [ WARN:0@14.132] global grfmt_tiff.cpp:122 TIFF_Warning TIFFReadDirectory: Sum of Photometric type-related color channels and ExtraSamples doesn't match SamplesPerPixel. Defining non-color channels as ExtraSamples.
30.8s 1279 [ WARN:0@14.162] global grfmt_tiff.cpp:122 TIFF_Warning TIFFReadDirectory: Sum of Photometric type-related color channels and ExtraSamples doesn't match SamplesPerPixel. Defining non-color channels as ExtraSamples.
30.8s 1280 [ WARN:0@14.195] global grfmt_tiff.cpp:122 TIFF_Warning TIFFReadDirectory: Sum of Photometric type-related color channels and ExtraSamples doesn't match SamplesPerPixel. Defining non-color channels as ExtraSamples.
30.9s 1281 [ WARN:0@14.236] global grfmt_tiff.cpp:122 TIFF_Warning TIFFReadDirectory: Sum of Photometric type-related color channels and ExtraSamples doesn't match SamplesPerPixel. Defining non-color channels as ExtraSamples.
30.9s 1282 [ WARN:0@14.278] global grfmt_tiff.cpp:122 TIFF_Warning TIFFReadDirectory: Sum of Photometric type-related color channels and ExtraSamples doesn't match SamplesPerPixel. Defining non-color channels as ExtraSamples.
31.0s 1283 [ WARN:0@14.101] global grfmt_tiff.cpp:122 TIFF_Warning TIFFReadDirectory: Sum of Photometric type-related color channels and ExtraSamples doesn't match SamplesPerPixel. Defining non-color channels as ExtraSamples.
31.0s 1284 [ WARN:0@14.132] global grfmt_tiff.cpp:122 TIFF_Warning TIFFReadDirectory: Sum of Photometric type-related color channels and ExtraSamples doesn't match SamplesPerPixel. Defining non-color channels as ExtraSamples.
31.0s 1285 [ WARN:0@14.162] global grfmt_tiff.cpp:122 TIFF_Warning TIFFReadDirectory: Sum of Photometric type-related color channels and ExtraSamples doesn't match SamplesPerPixel. Defining non-color channels as ExtraSamples.
31.0s 1286 [ WARN:0@14.195] global grfmt_tiff.cpp:122 TIFF_Warning TIFFReadDirectory: Sum of Photometric type-related color channels and ExtraSamples doesn't match SamplesPerPixel. Defining non-color channels as ExtraSamples.
31.0s 1287 [ WARN:0@14.236] global grfmt_tiff.cpp:122 TIFF_Warning TIFFReadDirectory: Sum of Photometric type-related color channels and ExtraSamples doesn't match SamplesPerPixel. Defining non-color channels as ExtraSamples.
31.0s 1288 [ WARN:0@14.278] global grfmt_tiff.cpp:122 TIFF_Warning TIFFReadDirectory: Sum of Photometric type-related color channels and ExtraSamples doesn't match SamplesPerPixel. Defining non-color channels as ExtraSamples.
31.0s 1289 
31.0s 1290 [ WARN:0@14.101] global grfmt_tiff.cpp:122 TIFF_Warning TIFFReadDirectory: Sum of Photometric type-related color channels and ExtraSamples doesn't match SamplesPerPixel. Defining non-color channels as ExtraSamples.
31.0s 1291 [ WARN:0@14.132] global grfmt_tiff.cpp:122 TIFF_Warning TIFFReadDirectory: Sum of Photometric type-related color channels and ExtraSamples doesn't match SamplesPerPixel. Defining non-color channels as ExtraSamples.
31.0s 1292 [ WARN:0@14.162] global grfmt_tiff.cpp:122 TIFF_Warning TIFFReadDirectory: Sum of Photometric type-related color channels and ExtraSamples doesn't match SamplesPerPixel. Defining non-color channels as ExtraSamples.
31.0s 1293 [ WARN:0@14.195] global grfmt_tiff.cpp:122 TIFF_Warning TIFFReadDirectory: Sum of Photometric type-related color channels and ExtraSamples doesn't match SamplesPerPixel. Defining non-color channels as ExtraSamples.
31.0s 1294 [ WARN:0@14.236] global grfmt_tiff.cpp:122 TIFF_Warning TIFFReadDirectory: Sum of Photometric type-related color channels and ExtraSamples doesn't match SamplesPerPixel. Defining non-color channels as ExtraSamples.
31.0s 1295 [ WARN:0@14.278] global grfmt_tiff.cpp:122 TIFF_Warning TIFFReadDirectory: Sum of Photometric type-related color channels and ExtraSamples doesn't match SamplesPerPixel. Defining non-color channels as ExtraSamples.
31.0s 1296 [ WARN:0@14.312] global grfmt_tiff.cpp:122 TIFF_Warning TIFFReadDirectory: Sum of Photometric type-related color channels and ExtraSamples doesn't match SamplesPerPixel. Defining non-color channels as ExtraSamples.
31.0s 1297 [ WARN:0@14.344] global grfmt_tiff.cpp:122 TIFF_Warning TIFFReadDirectory: Sum of Photometric type-related color channels and ExtraSamples doesn't match SamplesPerPixel. Defining non-color channels as ExtraSamples.
31.0s 1298 [ WARN:0@14.375] global grfmt_tiff.cpp:122 TIFF_Warning TIFFReadDirectory: Sum of Photometric type-related color channels and ExtraSamples doesn't match SamplesPerPixel. Defining non-color channels as ExtraSamples.
31.1s 1299 [ WARN:0@14.409] global grfmt_tiff.cpp:122 TIFF_Warning TIFFReadDirectory: Sum of Photometric type-related color channels and ExtraSamples doesn't match SamplesPerPixel. Defining non-color channels as ExtraSamples.
31.1s 1300 [ WARN:0@14.441] global grfmt_tiff.cpp:122 TIFF_Warning TIFFReadDirectory: Sum of Photometric type-related color channels and ExtraSamples doesn't match SamplesPerPixel. Defining non-color channels as ExtraSamples.
31.1s 1301 [ WARN:0@14.474] global grfmt_tiff.cpp:122 TIFF_Warning TIFFReadDirectory: Sum of Photometric type-related color channels and ExtraSamples doesn't match SamplesPerPixel. Defining non-color channels as ExtraSamples.
31.2s 1302 [ WARN:0@14.512] global grfmt_tiff.cpp:122 TIFF_Warning TIFFReadDirectory: Sum of Photometric type-related color channels and ExtraSamples doesn't match SamplesPerPixel. Defining non-color channels as ExtraSamples.
31.2s 1303 [ WARN:0@14.312] global grfmt_tiff.cpp:122 TIFF_Warning TIFFReadDirectory: Sum of Photometric type-related color channels and ExtraSamples doesn't match SamplesPerPixel. Defining non-color channels as ExtraSamples.
31.2s 1304 [ WARN:0@14.344] global grfmt_tiff.cpp:122 TIFF_Warning TIFFReadDirectory: Sum of Photometric type-related color channels and ExtraSamples doesn't match SamplesPerPixel. Defining non-color channels as ExtraSamples.
31.2s 1305 [ WARN:0@14.375] global grfmt_tiff.cpp:122 TIFF_Warning TIFFReadDirectory: Sum of Photometric type-related color channels and ExtraSamples doesn't match SamplesPerPixel. Defining non-color channels as ExtraSamples.
31.2s 1306 [ WARN:0@14.409] global grfmt_tiff.cpp:122 TIFF_Warning TIFFReadDirectory: Sum of Photometric type-related color channels and ExtraSamples doesn't match SamplesPerPixel. Defining non-color channels as ExtraSamples.
31.2s 1307 [ WARN:0@14.441] global grfmt_tiff.cpp:122 TIFF_Warning TIFFReadDirectory: Sum of Photometric type-related color channels and ExtraSamples doesn't match SamplesPerPixel. Defining non-color channels as ExtraSamples.
31.2s 1308 [ WARN:0@14.474] global grfmt_tiff.cpp:122 TIFF_Warning TIFFReadDirectory: Sum of Photometric type-related color channels and ExtraSamples doesn't match SamplesPerPixel. Defining non-color channels as ExtraSamples.
31.2s 1309 
31.2s 1310 [ WARN:0@14.312] global grfmt_tiff.cpp:122 TIFF_Warning TIFFReadDirectory: Sum of Photometric type-related color channels and ExtraSamples doesn't match SamplesPerPixel. Defining non-color channels as ExtraSamples.
31.2s 1311 [ WARN:0@14.344] global grfmt_tiff.cpp:122 TIFF_Warning TIFFReadDirectory: Sum of Photometric type-related color channels and ExtraSamples doesn't match SamplesPerPixel. Defining non-color channels as ExtraSamples.
31.2s 1312 [ WARN:0@14.375] global grfmt_tiff.cpp:122 TIFF_Warning TIFFReadDirectory: Sum of Photometric type-related color channels and ExtraSamples doesn't match SamplesPerPixel. Defining non-color channels as ExtraSamples.
31.2s 1313 [ WARN:0@14.409] global grfmt_tiff.cpp:122 TIFF_Warning TIFFReadDirectory: Sum of Photometric type-related color channels and ExtraSamples doesn't match SamplesPerPixel. Defining non-color channels as ExtraSamples.
31.2s 1314 [ WARN:0@14.441] global grfmt_tiff.cpp:122 TIFF_Warning TIFFReadDirectory: Sum of Photometric type-related color channels and ExtraSamples doesn't match SamplesPerPixel. Defining non-color channels as ExtraSamples.
31.2s 1315 [ WARN:0@14.474] global grfmt_tiff.cpp:122 TIFF_Warning TIFFReadDirectory: Sum of Photometric type-related color channels and ExtraSamples doesn't match SamplesPerPixel. Defining non-color channels as ExtraSamples.
31.2s 1316 [ WARN:0@14.549] global grfmt_tiff.cpp:122 TIFF_Warning TIFFReadDirectory: Sum of Photometric type-related color channels and ExtraSamples doesn't match SamplesPerPixel. Defining non-color channels as ExtraSamples.
31.2s 1317 [ WARN:0@14.585] global grfmt_tiff.cpp:122 TIFF_Warning TIFFReadDirectory: Sum of Photometric type-related color channels and ExtraSamples doesn't match SamplesPerPixel. Defining non-color channels as ExtraSamples.
31.3s 1318 [ WARN:0@14.617] global grfmt_tiff.cpp:122 TIFF_Warning TIFFReadDirectory: Sum of Photometric type-related color channels and ExtraSamples doesn't match SamplesPerPixel. Defining non-color channels as ExtraSamples.
31.3s 1319 [ WARN:0@14.650] global grfmt_tiff.cpp:122 TIFF_Warning TIFFReadDirectory: Sum of Photometric type-related color channels and ExtraSamples doesn't match SamplesPerPixel. Defining non-color channels as ExtraSamples.
31.3s 1320 [ WARN:0@14.683] global grfmt_tiff.cpp:122 TIFF_Warning TIFFReadDirectory: Sum of Photometric type-related color channels and ExtraSamples doesn't match SamplesPerPixel. Defining non-color channels as ExtraSamples.
31.4s 1321 [ WARN:0@14.512] global grfmt_tiff.cpp:122 TIFF_Warning TIFFReadDirectory: Sum of Photometric type-related color channels and ExtraSamples doesn't match SamplesPerPixel. Defining non-color channels as ExtraSamples.
31.4s 1322 [ WARN:0@14.549] global grfmt_tiff.cpp:122 TIFF_Warning TIFFReadDirectory: Sum of Photometric type-related color channels and ExtraSamples doesn't match SamplesPerPixel. Defining non-color channels as ExtraSamples.
31.4s 1323 [ WARN:0@14.585] global grfmt_tiff.cpp:122 TIFF_Warning TIFFReadDirectory: Sum of Photometric type-related color channels and ExtraSamples doesn't match SamplesPerPixel. Defining non-color channels as ExtraSamples.
31.4s 1324 [ WARN:0@14.617] global grfmt_tiff.cpp:122 TIFF_Warning TIFFReadDirectory: Sum of Photometric type-related color channels and ExtraSamples doesn't match SamplesPerPixel. Defining non-color channels as ExtraSamples.
31.4s 1325 [ WARN:0@14.650] global grfmt_tiff.cpp:122 TIFF_Warning TIFFReadDirectory: Sum of Photometric type-related color channels and ExtraSamples doesn't match SamplesPerPixel. Defining non-color channels as ExtraSamples.
31.4s 1326 [ WARN:0@14.683] global grfmt_tiff.cpp:122 TIFF_Warning TIFFReadDirectory: Sum of Photometric type-related color channels and ExtraSamples doesn't match SamplesPerPixel. Defining non-color channels as ExtraSamples.
31.4s 1327 
31.4s 1328 [ WARN:0@14.512] global grfmt_tiff.cpp:122 TIFF_Warning TIFFReadDirectory: Sum of Photometric type-related color channels and ExtraSamples doesn't match SamplesPerPixel. Defining non-color channels as ExtraSamples.
31.4s 1329 [ WARN:0@14.549] global grfmt_tiff.cpp:122 TIFF_Warning TIFFReadDirectory: Sum of Photometric type-related color channels and ExtraSamples doesn't match SamplesPerPixel. Defining non-color channels as ExtraSamples.
31.4s 1330 [ WARN:0@14.585] global grfmt_tiff.cpp:122 TIFF_Warning TIFFReadDirectory: Sum of Photometric type-related color channels and ExtraSamples doesn't match SamplesPerPixel. Defining non-color channels as ExtraSamples.
31.4s 1331 [ WARN:0@14.617] global grfmt_tiff.cpp:122 TIFF_Warning TIFFReadDirectory: Sum of Photometric type-related color channels and ExtraSamples doesn't match SamplesPerPixel. Defining non-color channels as ExtraSamples.
31.4s 1332 [ WARN:0@14.650] global grfmt_tiff.cpp:122 TIFF_Warning TIFFReadDirectory: Sum of Photometric type-related color channels and ExtraSamples doesn't match SamplesPerPixel. Defining non-color channels as ExtraSamples.
31.4s 1333 [ WARN:0@14.683] global grfmt_tiff.cpp:122 TIFF_Warning TIFFReadDirectory: Sum of Photometric type-related color channels and ExtraSamples doesn't match SamplesPerPixel. Defining non-color channels as ExtraSamples.
31.4s 1334 [ WARN:0@14.719] global grfmt_tiff.cpp:122 TIFF_Warning TIFFReadDirectory: Sum of Photometric type-related color channels and ExtraSamples doesn't match SamplesPerPixel. Defining non-color channels as ExtraSamples.
31.4s 1335 [ WARN:0@14.779] global grfmt_tiff.cpp:122 TIFF_Warning TIFFReadDirectory: Sum of Photometric type-related color channels and ExtraSamples doesn't match SamplesPerPixel. Defining non-color channels as ExtraSamples.
31.5s 1336 [ WARN:0@14.815] global grfmt_tiff.cpp:122 TIFF_Warning TIFFReadDirectory: Sum of Photometric type-related color channels and ExtraSamples doesn't match SamplesPerPixel. Defining non-color channels as ExtraSamples.
31.5s 1337 [ WARN:0@14.850] global grfmt_tiff.cpp:122 TIFF_Warning TIFFReadDirectory: Sum of Photometric type-related color channels and ExtraSamples doesn't match SamplesPerPixel. Defining non-color channels as ExtraSamples.
31.5s 1338 [ WARN:0@14.886] global grfmt_tiff.cpp:122 TIFF_Warning TIFFReadDirectory: Sum of Photometric type-related color channels and ExtraSamples doesn't match SamplesPerPixel. Defining non-color channels as ExtraSamples.
31.6s 1339 [ WARN:0@14.917] global grfmt_tiff.cpp:122 TIFF_Warning TIFFReadDirectory: Sum of Photometric type-related color channels and ExtraSamples doesn't match SamplesPerPixel. Defining non-color channels as ExtraSamples.
31.6s 1340 [ WARN:0@14.719] global grfmt_tiff.cpp:122 TIFF_Warning TIFFReadDirectory: Sum of Photometric type-related color channels and ExtraSamples doesn't match SamplesPerPixel. Defining non-color channels as ExtraSamples.
31.6s 1341 [ WARN:0@14.779] global grfmt_tiff.cpp:122 TIFF_Warning TIFFReadDirectory: Sum of Photometric type-related color channels and ExtraSamples doesn't match SamplesPerPixel. Defining non-color channels as ExtraSamples.
31.6s 1342 [ WARN:0@14.815] global grfmt_tiff.cpp:122 TIFF_Warning TIFFReadDirectory: Sum of Photometric type-related color channels and ExtraSamples doesn't match SamplesPerPixel. Defining non-color channels as ExtraSamples.
31.6s 1343 [ WARN:0@14.850] global grfmt_tiff.cpp:122 TIFF_Warning TIFFReadDirectory: Sum of Photometric type-related color channels and ExtraSamples doesn't match SamplesPerPixel. Defining non-color channels as ExtraSamples.
31.6s 1344 [ WARN:0@14.886] global grfmt_tiff.cpp:122 TIFF_Warning TIFFReadDirectory: Sum of Photometric type-related color channels and ExtraSamples doesn't match SamplesPerPixel. Defining non-color channels as ExtraSamples.
31.6s 1345 [ WARN:0@14.917] global grfmt_tiff.cpp:122 TIFF_Warning TIFFReadDirectory: Sum of Photometric type-related color channels and ExtraSamples doesn't match SamplesPerPixel. Defining non-color channels as ExtraSamples.
31.6s 1346 
31.6s 1347 [ WARN:0@14.719] global grfmt_tiff.cpp:122 TIFF_Warning TIFFReadDirectory: Sum of Photometric type-related color channels and ExtraSamples doesn't match SamplesPerPixel. Defining non-color channels as ExtraSamples.
31.6s 1348 [ WARN:0@14.779] global grfmt_tiff.cpp:122 TIFF_Warning TIFFReadDirectory: Sum of Photometric type-related color channels and ExtraSamples doesn't match SamplesPerPixel. Defining non-color channels as ExtraSamples.
31.6s 1349 [ WARN:0@14.815] global grfmt_tiff.cpp:122 TIFF_Warning TIFFReadDirectory: Sum of Photometric type-related color channels and ExtraSamples doesn't match SamplesPerPixel. Defining non-color channels as ExtraSamples.
31.6s 1350 [ WARN:0@14.850] global grfmt_tiff.cpp:122 TIFF_Warning TIFFReadDirectory: Sum of Photometric type-related color channels and ExtraSamples doesn't match SamplesPerPixel. Defining non-color channels as ExtraSamples.
31.6s 1351 [ WARN:0@14.886] global grfmt_tiff.cpp:122 TIFF_Warning TIFFReadDirectory: Sum of Photometric type-related color channels and ExtraSamples doesn't match SamplesPerPixel. Defining non-color channels as ExtraSamples.
31.6s 1352 [ WARN:0@14.917] global grfmt_tiff.cpp:122 TIFF_Warning TIFFReadDirectory: Sum of Photometric type-related color channels and ExtraSamples doesn't match SamplesPerPixel. Defining non-color channels as ExtraSamples.
31.6s 1353 [ WARN:0@14.948] global grfmt_tiff.cpp:122 TIFF_Warning TIFFReadDirectory: Sum of Photometric type-related color channels and ExtraSamples doesn't match SamplesPerPixel. Defining non-color channels as ExtraSamples.
31.6s 1354 [ WARN:0@14.987] global grfmt_tiff.cpp:122 TIFF_Warning TIFFReadDirectory: Sum of Photometric type-related color channels and ExtraSamples doesn't match SamplesPerPixel. Defining non-color channels as ExtraSamples.
31.7s 1355 [ WARN:0@15.029] global grfmt_tiff.cpp:122 TIFF_Warning TIFFReadDirectory: Sum of Photometric type-related color channels and ExtraSamples doesn't match SamplesPerPixel. Defining non-color channels as ExtraSamples.
31.7s 1356 [ WARN:0@15.061] global grfmt_tiff.cpp:122 TIFF_Warning TIFFReadDirectory: Sum of Photometric type-related color channels and ExtraSamples doesn't match SamplesPerPixel. Defining non-color channels as ExtraSamples.
31.7s 1357 [ WARN:0@15.093] global grfmt_tiff.cpp:122 TIFF_Warning TIFFReadDirectory: Sum of Photometric type-related color channels and ExtraSamples doesn't match SamplesPerPixel. Defining non-color channels as ExtraSamples.
31.8s 1358 [ WARN:0@15.126] global grfmt_tiff.cpp:122 TIFF_Warning TIFFReadDirectory: Sum of Photometric type-related color channels and ExtraSamples doesn't match SamplesPerPixel. Defining non-color channels as ExtraSamples.
31.8s 1359 [ WARN:0@14.948] global grfmt_tiff.cpp:122 TIFF_Warning TIFFReadDirectory: Sum of Photometric type-related color channels and ExtraSamples doesn't match SamplesPerPixel. Defining non-color channels as ExtraSamples.
31.8s 1360 [ WARN:0@14.987] global grfmt_tiff.cpp:122 TIFF_Warning TIFFReadDirectory: Sum of Photometric type-related color channels and ExtraSamples doesn't match SamplesPerPixel. Defining non-color channels as ExtraSamples.
31.8s 1361 [ WARN:0@15.029] global grfmt_tiff.cpp:122 TIFF_Warning TIFFReadDirectory: Sum of Photometric type-related color channels and ExtraSamples doesn't match SamplesPerPixel. Defining non-color channels as ExtraSamples.
31.8s 1362 [ WARN:0@15.061] global grfmt_tiff.cpp:122 TIFF_Warning TIFFReadDirectory: Sum of Photometric type-related color channels and ExtraSamples doesn't match SamplesPerPixel. Defining non-color channels as ExtraSamples.
31.8s 1363 [ WARN:0@15.093] global grfmt_tiff.cpp:122 TIFF_Warning TIFFReadDirectory: Sum of Photometric type-related color channels and ExtraSamples doesn't match SamplesPerPixel. Defining non-color channels as ExtraSamples.
31.8s 1364 [ WARN:0@15.126] global grfmt_tiff.cpp:122 TIFF_Warning TIFFReadDirectory: Sum of Photometric type-related color channels and ExtraSamples doesn't match SamplesPerPixel. Defining non-color channels as ExtraSamples.
31.8s 1365 
31.8s 1366 [ WARN:0@14.948] global grfmt_tiff.cpp:122 TIFF_Warning TIFFReadDirectory: Sum of Photometric type-related color channels and ExtraSamples doesn't match SamplesPerPixel. Defining non-color channels as ExtraSamples.
31.8s 1367 [ WARN:0@14.987] global grfmt_tiff.cpp:122 TIFF_Warning TIFFReadDirectory: Sum of Photometric type-related color channels and ExtraSamples doesn't match SamplesPerPixel. Defining non-color channels as ExtraSamples.
31.8s 1368 [ WARN:0@15.029] global grfmt_tiff.cpp:122 TIFF_Warning TIFFReadDirectory: Sum of Photometric type-related color channels and ExtraSamples doesn't match SamplesPerPixel. Defining non-color channels as ExtraSamples.
31.8s 1369 [ WARN:0@15.061] global grfmt_tiff.cpp:122 TIFF_Warning TIFFReadDirectory: Sum of Photometric type-related color channels and ExtraSamples doesn't match SamplesPerPixel. Defining non-color channels as ExtraSamples.
31.8s 1370 [ WARN:0@15.093] global grfmt_tiff.cpp:122 TIFF_Warning TIFFReadDirectory: Sum of Photometric type-related color channels and ExtraSamples doesn't match SamplesPerPixel. Defining non-color channels as ExtraSamples.
31.8s 1371 [ WARN:0@15.126] global grfmt_tiff.cpp:122 TIFF_Warning TIFFReadDirectory: Sum of Photometric type-related color channels and ExtraSamples doesn't match SamplesPerPixel. Defining non-color channels as ExtraSamples.
31.8s 1372 [ WARN:0@15.158] global grfmt_tiff.cpp:122 TIFF_Warning TIFFReadDirectory: Sum of Photometric type-related color channels and ExtraSamples doesn't match SamplesPerPixel. Defining non-color channels as ExtraSamples.
31.8s 1373 [ WARN:0@15.193] global grfmt_tiff.cpp:122 TIFF_Warning TIFFReadDirectory: Sum of Photometric type-related color channels and ExtraSamples doesn't match SamplesPerPixel. Defining non-color channels as ExtraSamples.
31.9s 1374 [ WARN:0@15.225] global grfmt_tiff.cpp:122 TIFF_Warning TIFFReadDirectory: Sum of Photometric type-related color channels and ExtraSamples doesn't match SamplesPerPixel. Defining non-color channels as ExtraSamples.
31.9s 1375 [ WARN:0@15.259] global grfmt_tiff.cpp:122 TIFF_Warning TIFFReadDirectory: Sum of Photometric type-related color channels and ExtraSamples doesn't match SamplesPerPixel. Defining non-color channels as ExtraSamples.
32.0s 1376 [ WARN:0@15.297] global grfmt_tiff.cpp:122 TIFF_Warning TIFFReadDirectory: Sum of Photometric type-related color channels and ExtraSamples doesn't match SamplesPerPixel. Defining non-color channels as ExtraSamples.
32.0s 1377 [ WARN:0@15.328] global grfmt_tiff.cpp:122 TIFF_Warning TIFFReadDirectory: Sum of Photometric type-related color channels and ExtraSamples doesn't match SamplesPerPixel. Defining non-color channels as ExtraSamples.
32.0s 1378 [ WARN:0@15.158] global grfmt_tiff.cpp:122 TIFF_Warning TIFFReadDirectory: Sum of Photometric type-related color channels and ExtraSamples doesn't match SamplesPerPixel. Defining non-color channels as ExtraSamples.
32.0s 1379 [ WARN:0@15.193] global grfmt_tiff.cpp:122 TIFF_Warning TIFFReadDirectory: Sum of Photometric type-related color channels and ExtraSamples doesn't match SamplesPerPixel. Defining non-color channels as ExtraSamples.
32.0s 1380 [ WARN:0@15.225] global grfmt_tiff.cpp:122 TIFF_Warning TIFFReadDirectory: Sum of Photometric type-related color channels and ExtraSamples doesn't match SamplesPerPixel. Defining non-color channels as ExtraSamples.
32.0s 1381 [ WARN:0@15.259] global grfmt_tiff.cpp:122 TIFF_Warning TIFFReadDirectory: Sum of Photometric type-related color channels and ExtraSamples doesn't match SamplesPerPixel. Defining non-color channels as ExtraSamples.
32.0s 1382 [ WARN:0@15.297] global grfmt_tiff.cpp:122 TIFF_Warning TIFFReadDirectory: Sum of Photometric type-related color channels and ExtraSamples doesn't match SamplesPerPixel. Defining non-color channels as ExtraSamples.
32.0s 1383 [ WARN:0@15.328] global grfmt_tiff.cpp:122 TIFF_Warning TIFFReadDirectory: Sum of Photometric type-related color channels and ExtraSamples doesn't match SamplesPerPixel. Defining non-color channels as ExtraSamples.
32.0s 1384 
32.0s 1385 [ WARN:0@15.158] global grfmt_tiff.cpp:122 TIFF_Warning TIFFReadDirectory: Sum of Photometric type-related color channels and ExtraSamples doesn't match SamplesPerPixel. Defining non-color channels as ExtraSamples.
32.0s 1386 [ WARN:0@15.193] global grfmt_tiff.cpp:122 TIFF_Warning TIFFReadDirectory: Sum of Photometric type-related color channels and ExtraSamples doesn't match SamplesPerPixel. Defining non-color channels as ExtraSamples.
32.0s 1387 [ WARN:0@15.225] global grfmt_tiff.cpp:122 TIFF_Warning TIFFReadDirectory: Sum of Photometric type-related color channels and ExtraSamples doesn't match SamplesPerPixel. Defining non-color channels as ExtraSamples.
32.0s 1388 [ WARN:0@15.259] global grfmt_tiff.cpp:122 TIFF_Warning TIFFReadDirectory: Sum of Photometric type-related color channels and ExtraSamples doesn't match SamplesPerPixel. Defining non-color channels as ExtraSamples.
32.0s 1389 [ WARN:0@15.297] global grfmt_tiff.cpp:122 TIFF_Warning TIFFReadDirectory: Sum of Photometric type-related color channels and ExtraSamples doesn't match SamplesPerPixel. Defining non-color channels as ExtraSamples.
32.0s 1390 [ WARN:0@15.328] global grfmt_tiff.cpp:122 TIFF_Warning TIFFReadDirectory: Sum of Photometric type-related color channels and ExtraSamples doesn't match SamplesPerPixel. Defining non-color channels as ExtraSamples.
32.0s 1391 [ WARN:0@15.362] global grfmt_tiff.cpp:122 TIFF_Warning TIFFReadDirectory: Sum of Photometric type-related color channels and ExtraSamples doesn't match SamplesPerPixel. Defining non-color channels as ExtraSamples.
32.1s 1392 [ WARN:0@15.431] global grfmt_tiff.cpp:122 TIFF_Warning TIFFReadDirectory: Sum of Photometric type-related color channels and ExtraSamples doesn't match SamplesPerPixel. Defining non-color channels as ExtraSamples.
32.1s 1393 [ WARN:0@15.468] global grfmt_tiff.cpp:122 TIFF_Warning TIFFReadDirectory: Sum of Photometric type-related color channels and ExtraSamples doesn't match SamplesPerPixel. Defining non-color channels as ExtraSamples.
32.2s 1394 [ WARN:0@15.505] global grfmt_tiff.cpp:122 TIFF_Warning TIFFReadDirectory: Sum of Photometric type-related color channels and ExtraSamples doesn't match SamplesPerPixel. Defining non-color channels as ExtraSamples.
32.2s 1395 [ WARN:0@15.544] global grfmt_tiff.cpp:122 TIFF_Warning TIFFReadDirectory: Sum of Photometric type-related color channels and ExtraSamples doesn't match SamplesPerPixel. Defining non-color channels as ExtraSamples.
32.2s 1396 [ WARN:0@15.362] global grfmt_tiff.cpp:122 TIFF_Warning TIFFReadDirectory: Sum of Photometric type-related color channels and ExtraSamples doesn't match SamplesPerPixel. Defining non-color channels as ExtraSamples.
32.2s 1397 [ WARN:0@15.431] global grfmt_tiff.cpp:122 TIFF_Warning TIFFReadDirectory: Sum of Photometric type-related color channels and ExtraSamples doesn't match SamplesPerPixel. Defining non-color channels as ExtraSamples.
32.2s 1398 [ WARN:0@15.468] global grfmt_tiff.cpp:122 TIFF_Warning TIFFReadDirectory: Sum of Photometric type-related color channels and ExtraSamples doesn't match SamplesPerPixel. Defining non-color channels as ExtraSamples.
32.2s 1399 [ WARN:0@15.505] global grfmt_tiff.cpp:122 TIFF_Warning TIFFReadDirectory: Sum of Photometric type-related color channels and ExtraSamples doesn't match SamplesPerPixel. Defining non-color channels as ExtraSamples.
32.2s 1400 [ WARN:0@15.544] global grfmt_tiff.cpp:122 TIFF_Warning TIFFReadDirectory: Sum of Photometric type-related color channels and ExtraSamples doesn't match SamplesPerPixel. Defining non-color channels as ExtraSamples.
32.2s 1401 
32.2s 1402 [ WARN:0@15.362] global grfmt_tiff.cpp:122 TIFF_Warning TIFFReadDirectory: Sum of Photometric type-related color channels and ExtraSamples doesn't match SamplesPerPixel. Defining non-color channels as ExtraSamples.
32.2s 1403 [ WARN:0@15.431] global grfmt_tiff.cpp:122 TIFF_Warning TIFFReadDirectory: Sum of Photometric type-related color channels and ExtraSamples doesn't match SamplesPerPixel. Defining non-color channels as ExtraSamples.
32.2s 1404 [ WARN:0@15.468] global grfmt_tiff.cpp:122 TIFF_Warning TIFFReadDirectory: Sum of Photometric type-related color channels and ExtraSamples doesn't match SamplesPerPixel. Defining non-color channels as ExtraSamples.
32.2s 1405 [ WARN:0@15.505] global grfmt_tiff.cpp:122 TIFF_Warning TIFFReadDirectory: Sum of Photometric type-related color channels and ExtraSamples doesn't match SamplesPerPixel. Defining non-color channels as ExtraSamples.
32.2s 1406 [ WARN:0@15.544] global grfmt_tiff.cpp:122 TIFF_Warning TIFFReadDirectory: Sum of Photometric type-related color channels and ExtraSamples doesn't match SamplesPerPixel. Defining non-color channels as ExtraSamples.
32.2s 1407 [ WARN:0@15.577] global grfmt_tiff.cpp:122 TIFF_Warning TIFFReadDirectory: Sum of Photometric type-related color channels and ExtraSamples doesn't match SamplesPerPixel. Defining non-color channels as ExtraSamples.
32.3s 1408 [ WARN:0@15.613] global grfmt_tiff.cpp:122 TIFF_Warning TIFFReadDirectory: Sum of Photometric type-related color channels and ExtraSamples doesn't match SamplesPerPixel. Defining non-color channels as ExtraSamples.
32.3s 1409 [ WARN:0@15.649] global grfmt_tiff.cpp:122 TIFF_Warning TIFFReadDirectory: Sum of Photometric type-related color channels and ExtraSamples doesn't match SamplesPerPixel. Defining non-color channels as ExtraSamples.
32.3s 1410 [ WARN:0@15.681] global grfmt_tiff.cpp:122 TIFF_Warning TIFFReadDirectory: Sum of Photometric type-related color channels and ExtraSamples doesn't match SamplesPerPixel. Defining non-color channels as ExtraSamples.
32.4s 1411 [ WARN:0@15.717] global grfmt_tiff.cpp:122 TIFF_Warning TIFFReadDirectory: Sum of Photometric type-related color channels and ExtraSamples doesn't match SamplesPerPixel. Defining non-color channels as ExtraSamples.
32.4s 1412 [ WARN:0@15.748] global grfmt_tiff.cpp:122 TIFF_Warning TIFFReadDirectory: Sum of Photometric type-related color channels and ExtraSamples doesn't match SamplesPerPixel. Defining non-color channels as ExtraSamples.
32.4s 1413 [ WARN:0@15.577] global grfmt_tiff.cpp:122 TIFF_Warning TIFFReadDirectory: Sum of Photometric type-related color channels and ExtraSamples doesn't match SamplesPerPixel. Defining non-color channels as ExtraSamples.
32.4s 1414 [ WARN:0@15.613] global grfmt_tiff.cpp:122 TIFF_Warning TIFFReadDirectory: Sum of Photometric type-related color channels and ExtraSamples doesn't match SamplesPerPixel. Defining non-color channels as ExtraSamples.
32.4s 1415 [ WARN:0@15.649] global grfmt_tiff.cpp:122 TIFF_Warning TIFFReadDirectory: Sum of Photometric type-related color channels and ExtraSamples doesn't match SamplesPerPixel. Defining non-color channels as ExtraSamples.
32.4s 1416 [ WARN:0@15.681] global grfmt_tiff.cpp:122 TIFF_Warning TIFFReadDirectory: Sum of Photometric type-related color channels and ExtraSamples doesn't match SamplesPerPixel. Defining non-color channels as ExtraSamples.
32.4s 1417 [ WARN:0@15.717] global grfmt_tiff.cpp:122 TIFF_Warning TIFFReadDirectory: Sum of Photometric type-related color channels and ExtraSamples doesn't match SamplesPerPixel. Defining non-color channels as ExtraSamples.
32.4s 1418 [ WARN:0@15.748] global grfmt_tiff.cpp:122 TIFF_Warning TIFFReadDirectory: Sum of Photometric type-related color channels and ExtraSamples doesn't match SamplesPerPixel. Defining non-color channels as ExtraSamples.
32.4s 1419 
32.4s 1420 [ WARN:0@15.577] global grfmt_tiff.cpp:122 TIFF_Warning TIFFReadDirectory: Sum of Photometric type-related color channels and ExtraSamples doesn't match SamplesPerPixel. Defining non-color channels as ExtraSamples.
32.4s 1421 [ WARN:0@15.613] global grfmt_tiff.cpp:122 TIFF_Warning TIFFReadDirectory: Sum of Photometric type-related color channels and ExtraSamples doesn't match SamplesPerPixel. Defining non-color channels as ExtraSamples.
32.4s 1422 [ WARN:0@15.649] global grfmt_tiff.cpp:122 TIFF_Warning TIFFReadDirectory: Sum of Photometric type-related color channels and ExtraSamples doesn't match SamplesPerPixel. Defining non-color channels as ExtraSamples.
32.4s 1423 [ WARN:0@15.681] global grfmt_tiff.cpp:122 TIFF_Warning TIFFReadDirectory: Sum of Photometric type-related color channels and ExtraSamples doesn't match SamplesPerPixel. Defining non-color channels as ExtraSamples.
32.4s 1424 [ WARN:0@15.717] global grfmt_tiff.cpp:122 TIFF_Warning TIFFReadDirectory: Sum of Photometric type-related color channels and ExtraSamples doesn't match SamplesPerPixel. Defining non-color channels as ExtraSamples.
32.4s 1425 [ WARN:0@15.748] global grfmt_tiff.cpp:122 TIFF_Warning TIFFReadDirectory: Sum of Photometric type-related color channels and ExtraSamples doesn't match SamplesPerPixel. Defining non-color channels as ExtraSamples.
32.4s 1426 [ WARN:0@15.780] global grfmt_tiff.cpp:122 TIFF_Warning TIFFReadDirectory: Sum of Photometric type-related color channels and ExtraSamples doesn't match SamplesPerPixel. Defining non-color channels as ExtraSamples.
32.5s 1427 [ WARN:0@15.818] global grfmt_tiff.cpp:122 TIFF_Warning TIFFReadDirectory: Sum of Photometric type-related color channels and ExtraSamples doesn't match SamplesPerPixel. Defining non-color channels as ExtraSamples.
32.5s 1428 [ WARN:0@15.854] global grfmt_tiff.cpp:122 TIFF_Warning TIFFReadDirectory: Sum of Photometric type-related color channels and ExtraSamples doesn't match SamplesPerPixel. Defining non-color channels as ExtraSamples.
32.5s 1429 [ WARN:0@15.886] global grfmt_tiff.cpp:122 TIFF_Warning TIFFReadDirectory: Sum of Photometric type-related color channels and ExtraSamples doesn't match SamplesPerPixel. Defining non-color channels as ExtraSamples.
32.6s 1430 [ WARN:0@15.920] global grfmt_tiff.cpp:122 TIFF_Warning TIFFReadDirectory: Sum of Photometric type-related color channels and ExtraSamples doesn't match SamplesPerPixel. Defining non-color channels as ExtraSamples.
32.6s 1431 [ WARN:0@15.954] global grfmt_tiff.cpp:122 TIFF_Warning TIFFReadDirectory: Sum of Photometric type-related color channels and ExtraSamples doesn't match SamplesPerPixel. Defining non-color channels as ExtraSamples.
32.6s 1432 [ WARN:0@15.780] global grfmt_tiff.cpp:122 TIFF_Warning TIFFReadDirectory: Sum of Photometric type-related color channels and ExtraSamples doesn't match SamplesPerPixel. Defining non-color channels as ExtraSamples.
32.6s 1433 [ WARN:0@15.818] global grfmt_tiff.cpp:122 TIFF_Warning TIFFReadDirectory: Sum of Photometric type-related color channels and ExtraSamples doesn't match SamplesPerPixel. Defining non-color channels as ExtraSamples.
32.6s 1434 [ WARN:0@15.854] global grfmt_tiff.cpp:122 TIFF_Warning TIFFReadDirectory: Sum of Photometric type-related color channels and ExtraSamples doesn't match SamplesPerPixel. Defining non-color channels as ExtraSamples.
32.6s 1435 [ WARN:0@15.886] global grfmt_tiff.cpp:122 TIFF_Warning TIFFReadDirectory: Sum of Photometric type-related color channels and ExtraSamples doesn't match SamplesPerPixel. Defining non-color channels as ExtraSamples.
32.6s 1436 [ WARN:0@15.920] global grfmt_tiff.cpp:122 TIFF_Warning TIFFReadDirectory: Sum of Photometric type-related color channels and ExtraSamples doesn't match SamplesPerPixel. Defining non-color channels as ExtraSamples.
32.6s 1437 [ WARN:0@15.954] global grfmt_tiff.cpp:122 TIFF_Warning TIFFReadDirectory: Sum of Photometric type-related color channels and ExtraSamples doesn't match SamplesPerPixel. Defining non-color channels as ExtraSamples.
32.6s 1438 
32.6s 1439 [ WARN:0@15.780] global grfmt_tiff.cpp:122 TIFF_Warning TIFFReadDirectory: Sum of Photometric type-related color channels and ExtraSamples doesn't match SamplesPerPixel. Defining non-color channels as ExtraSamples.
32.6s 1440 [ WARN:0@15.818] global grfmt_tiff.cpp:122 TIFF_Warning TIFFReadDirectory: Sum of Photometric type-related color channels and ExtraSamples doesn't match SamplesPerPixel. Defining non-color channels as ExtraSamples.
32.6s 1441 [ WARN:0@15.854] global grfmt_tiff.cpp:122 TIFF_Warning TIFFReadDirectory: Sum of Photometric type-related color channels and ExtraSamples doesn't match SamplesPerPixel. Defining non-color channels as ExtraSamples.
32.6s 1442 [ WARN:0@15.886] global grfmt_tiff.cpp:122 TIFF_Warning TIFFReadDirectory: Sum of Photometric type-related color channels and ExtraSamples doesn't match SamplesPerPixel. Defining non-color channels as ExtraSamples.
32.6s 1443 [ WARN:0@15.920] global grfmt_tiff.cpp:122 TIFF_Warning TIFFReadDirectory: Sum of Photometric type-related color channels and ExtraSamples doesn't match SamplesPerPixel. Defining non-color channels as ExtraSamples.
32.6s 1444 [ WARN:0@15.954] global grfmt_tiff.cpp:122 TIFF_Warning TIFFReadDirectory: Sum of Photometric type-related color channels and ExtraSamples doesn't match SamplesPerPixel. Defining non-color channels as ExtraSamples.
32.6s 1445 [ WARN:0@15.992] global grfmt_tiff.cpp:122 TIFF_Warning TIFFReadDirectory: Sum of Photometric type-related color channels and ExtraSamples doesn't match SamplesPerPixel. Defining non-color channels as ExtraSamples.
32.7s 1446 [ WARN:0@16.031] global grfmt_tiff.cpp:122 TIFF_Warning TIFFReadDirectory: Sum of Photometric type-related color channels and ExtraSamples doesn't match SamplesPerPixel. Defining non-color channels as ExtraSamples.
32.7s 1447 [ WARN:0@16.063] global grfmt_tiff.cpp:122 TIFF_Warning TIFFReadDirectory: Sum of Photometric type-related color channels and ExtraSamples doesn't match SamplesPerPixel. Defining non-color channels as ExtraSamples.
32.7s 1448 [ WARN:0@16.095] global grfmt_tiff.cpp:122 TIFF_Warning TIFFReadDirectory: Sum of Photometric type-related color channels and ExtraSamples doesn't match SamplesPerPixel. Defining non-color channels as ExtraSamples.
32.8s 1449 [ WARN:0@16.124] global grfmt_tiff.cpp:122 TIFF_Warning TIFFReadDirectory: Sum of Photometric type-related color channels and ExtraSamples doesn't match SamplesPerPixel. Defining non-color channels as ExtraSamples.
32.8s 1450 [ WARN:0@16.157] global grfmt_tiff.cpp:122 TIFF_Warning TIFFReadDirectory: Sum of Photometric type-related color channels and ExtraSamples doesn't match SamplesPerPixel. Defining non-color channels as ExtraSamples.
32.8s 1451 [ WARN:0@16.192] global grfmt_tiff.cpp:122 TIFF_Warning TIFFReadDirectory: Sum of Photometric type-related color channels and ExtraSamples doesn't match SamplesPerPixel. Defining non-color channels as ExtraSamples.
32.8s 1452 [ WARN:0@15.992] global grfmt_tiff.cpp:122 TIFF_Warning TIFFReadDirectory: Sum of Photometric type-related color channels and ExtraSamples doesn't match SamplesPerPixel. Defining non-color channels as ExtraSamples.
32.8s 1453 [ WARN:0@16.031] global grfmt_tiff.cpp:122 TIFF_Warning TIFFReadDirectory: Sum of Photometric type-related color channels and ExtraSamples doesn't match SamplesPerPixel. Defining non-color channels as ExtraSamples.
32.8s 1454 [ WARN:0@16.063] global grfmt_tiff.cpp:122 TIFF_Warning TIFFReadDirectory: Sum of Photometric type-related color channels and ExtraSamples doesn't match SamplesPerPixel. Defining non-color channels as ExtraSamples.
32.8s 1455 [ WARN:0@16.095] global grfmt_tiff.cpp:122 TIFF_Warning TIFFReadDirectory: Sum of Photometric type-related color channels and ExtraSamples doesn't match SamplesPerPixel. Defining non-color channels as ExtraSamples.
32.8s 1456 [ WARN:0@16.124] global grfmt_tiff.cpp:122 TIFF_Warning TIFFReadDirectory: Sum of Photometric type-related color channels and ExtraSamples doesn't match SamplesPerPixel. Defining non-color channels as ExtraSamples.
32.8s 1457 [ WARN:0@16.157] global grfmt_tiff.cpp:122 TIFF_Warning TIFFReadDirectory: Sum of Photometric type-related color channels and ExtraSamples doesn't match SamplesPerPixel. Defining non-color channels as ExtraSamples.
32.8s 1458 [ WARN:0@16.192] global grfmt_tiff.cpp:122 TIFF_Warning TIFFReadDirectory: Sum of Photometric type-related color channels and ExtraSamples doesn't match SamplesPerPixel. Defining non-color channels as ExtraSamples.
32.8s 1459 
32.8s 1460 [ WARN:0@15.992] global grfmt_tiff.cpp:122 TIFF_Warning TIFFReadDirectory: Sum of Photometric type-related color channels and ExtraSamples doesn't match SamplesPerPixel. Defining non-color channels as ExtraSamples.
32.8s 1461 [ WARN:0@16.031] global grfmt_tiff.cpp:122 TIFF_Warning TIFFReadDirectory: Sum of Photometric type-related color channels and ExtraSamples doesn't match SamplesPerPixel. Defining non-color channels as ExtraSamples.
32.8s 1462 [ WARN:0@16.063] global grfmt_tiff.cpp:122 TIFF_Warning TIFFReadDirectory: Sum of Photometric type-related color channels and ExtraSamples doesn't match SamplesPerPixel. Defining non-color channels as ExtraSamples.
32.8s 1463 [ WARN:0@16.095] global grfmt_tiff.cpp:122 TIFF_Warning TIFFReadDirectory: Sum of Photometric type-related color channels and ExtraSamples doesn't match SamplesPerPixel. Defining non-color channels as ExtraSamples.
32.8s 1464 [ WARN:0@16.124] global grfmt_tiff.cpp:122 TIFF_Warning TIFFReadDirectory: Sum of Photometric type-related color channels and ExtraSamples doesn't match SamplesPerPixel. Defining non-color channels as ExtraSamples.
32.8s 1465 [ WARN:0@16.157] global grfmt_tiff.cpp:122 TIFF_Warning TIFFReadDirectory: Sum of Photometric type-related color channels and ExtraSamples doesn't match SamplesPerPixel. Defining non-color channels as ExtraSamples.
32.8s 1466 [ WARN:0@16.192] global grfmt_tiff.cpp:122 TIFF_Warning TIFFReadDirectory: Sum of Photometric type-related color channels and ExtraSamples doesn't match SamplesPerPixel. Defining non-color channels as ExtraSamples.
32.9s 1467 [ WARN:0@16.221] global grfmt_tiff.cpp:122 TIFF_Warning TIFFReadDirectory: Sum of Photometric type-related color channels and ExtraSamples doesn't match SamplesPerPixel. Defining non-color channels as ExtraSamples.
32.9s 1468 [ WARN:0@16.255] global grfmt_tiff.cpp:122 TIFF_Warning TIFFReadDirectory: Sum of Photometric type-related color channels and ExtraSamples doesn't match SamplesPerPixel. Defining non-color channels as ExtraSamples.
33.0s 1469 [ WARN:0@16.302] global grfmt_tiff.cpp:122 TIFF_Warning TIFFReadDirectory: Sum of Photometric type-related color channels and ExtraSamples doesn't match SamplesPerPixel. Defining non-color channels as ExtraSamples.
33.0s 1470 [ WARN:0@16.336] global grfmt_tiff.cpp:122 TIFF_Warning TIFFReadDirectory: Sum of Photometric type-related color channels and ExtraSamples doesn't match SamplesPerPixel. Defining non-color channels as ExtraSamples.
33.0s 1471 [ WARN:0@16.367] global grfmt_tiff.cpp:122 TIFF_Warning TIFFReadDirectory: Sum of Photometric type-related color channels and ExtraSamples doesn't match SamplesPerPixel. Defining non-color channels as ExtraSamples.
33.1s 1472 [ WARN:0@16.405] global grfmt_tiff.cpp:122 TIFF_Warning TIFFReadDirectory: Sum of Photometric type-related color channels and ExtraSamples doesn't match SamplesPerPixel. Defining non-color channels as ExtraSamples.
33.1s 1473 [ WARN:0@16.221] global grfmt_tiff.cpp:122 TIFF_Warning TIFFReadDirectory: Sum of Photometric type-related color channels and ExtraSamples doesn't match SamplesPerPixel. Defining non-color channels as ExtraSamples.
33.1s 1474 [ WARN:0@16.255] global grfmt_tiff.cpp:122 TIFF_Warning TIFFReadDirectory: Sum of Photometric type-related color channels and ExtraSamples doesn't match SamplesPerPixel. Defining non-color channels as ExtraSamples.
33.1s 1475 [ WARN:0@16.302] global grfmt_tiff.cpp:122 TIFF_Warning TIFFReadDirectory: Sum of Photometric type-related color channels and ExtraSamples doesn't match SamplesPerPixel. Defining non-color channels as ExtraSamples.
33.1s 1476 [ WARN:0@16.336] global grfmt_tiff.cpp:122 TIFF_Warning TIFFReadDirectory: Sum of Photometric type-related color channels and ExtraSamples doesn't match SamplesPerPixel. Defining non-color channels as ExtraSamples.
33.1s 1477 [ WARN:0@16.367] global grfmt_tiff.cpp:122 TIFF_Warning TIFFReadDirectory: Sum of Photometric type-related color channels and ExtraSamples doesn't match SamplesPerPixel. Defining non-color channels as ExtraSamples.
33.1s 1478 [ WARN:0@16.405] global grfmt_tiff.cpp:122 TIFF_Warning TIFFReadDirectory: Sum of Photometric type-related color channels and ExtraSamples doesn't match SamplesPerPixel. Defining non-color channels as ExtraSamples.
33.1s 1479 
33.1s 1480 [ WARN:0@16.221] global grfmt_tiff.cpp:122 TIFF_Warning TIFFReadDirectory: Sum of Photometric type-related color channels and ExtraSamples doesn't match SamplesPerPixel. Defining non-color channels as ExtraSamples.
33.1s 1481 [ WARN:0@16.255] global grfmt_tiff.cpp:122 TIFF_Warning TIFFReadDirectory: Sum of Photometric type-related color channels and ExtraSamples doesn't match SamplesPerPixel. Defining non-color channels as ExtraSamples.
33.1s 1482 [ WARN:0@16.302] global grfmt_tiff.cpp:122 TIFF_Warning TIFFReadDirectory: Sum of Photometric type-related color channels and ExtraSamples doesn't match SamplesPerPixel. Defining non-color channels as ExtraSamples.
33.1s 1483 [ WARN:0@16.336] global grfmt_tiff.cpp:122 TIFF_Warning TIFFReadDirectory: Sum of Photometric type-related color channels and ExtraSamples doesn't match SamplesPerPixel. Defining non-color channels as ExtraSamples.
33.1s 1484 [ WARN:0@16.367] global grfmt_tiff.cpp:122 TIFF_Warning TIFFReadDirectory: Sum of Photometric type-related color channels and ExtraSamples doesn't match SamplesPerPixel. Defining non-color channels as ExtraSamples.
33.1s 1485 [ WARN:0@16.405] global grfmt_tiff.cpp:122 TIFF_Warning TIFFReadDirectory: Sum of Photometric type-related color channels and ExtraSamples doesn't match SamplesPerPixel. Defining non-color channels as ExtraSamples.
33.1s 1486 [ WARN:0@16.439] global grfmt_tiff.cpp:122 TIFF_Warning TIFFReadDirectory: Sum of Photometric type-related color channels and ExtraSamples doesn't match SamplesPerPixel. Defining non-color channels as ExtraSamples.
33.1s 1487 [ WARN:0@16.469] global grfmt_tiff.cpp:122 TIFF_Warning TIFFReadDirectory: Sum of Photometric type-related color channels and ExtraSamples doesn't match SamplesPerPixel. Defining non-color channels as ExtraSamples.
33.2s 1488 [ WARN:0@16.501] global grfmt_tiff.cpp:122 TIFF_Warning TIFFReadDirectory: Sum of Photometric type-related color channels and ExtraSamples doesn't match SamplesPerPixel. Defining non-color channels as ExtraSamples.
33.2s 1489 [ WARN:0@16.535] global grfmt_tiff.cpp:122 TIFF_Warning TIFFReadDirectory: Sum of Photometric type-related color channels and ExtraSamples doesn't match SamplesPerPixel. Defining non-color channels as ExtraSamples.
33.2s 1490 [ WARN:0@16.572] global grfmt_tiff.cpp:122 TIFF_Warning TIFFReadDirectory: Sum of Photometric type-related color channels and ExtraSamples doesn't match SamplesPerPixel. Defining non-color channels as ExtraSamples.
33.3s 1491 [ WARN:0@16.605] global grfmt_tiff.cpp:122 TIFF_Warning TIFFReadDirectory: Sum of Photometric type-related color channels and ExtraSamples doesn't match SamplesPerPixel. Defining non-color channels as ExtraSamples.
33.3s 1492 [ WARN:0@16.439] global grfmt_tiff.cpp:122 TIFF_Warning TIFFReadDirectory: Sum of Photometric type-related color channels and ExtraSamples doesn't match SamplesPerPixel. Defining non-color channels as ExtraSamples.
33.3s 1493 [ WARN:0@16.469] global grfmt_tiff.cpp:122 TIFF_Warning TIFFReadDirectory: Sum of Photometric type-related color channels and ExtraSamples doesn't match SamplesPerPixel. Defining non-color channels as ExtraSamples.
33.3s 1494 [ WARN:0@16.501] global grfmt_tiff.cpp:122 TIFF_Warning TIFFReadDirectory: Sum of Photometric type-related color channels and ExtraSamples doesn't match SamplesPerPixel. Defining non-color channels as ExtraSamples.
33.3s 1495 [ WARN:0@16.535] global grfmt_tiff.cpp:122 TIFF_Warning TIFFReadDirectory: Sum of Photometric type-related color channels and ExtraSamples doesn't match SamplesPerPixel. Defining non-color channels as ExtraSamples.
33.3s 1496 [ WARN:0@16.572] global grfmt_tiff.cpp:122 TIFF_Warning TIFFReadDirectory: Sum of Photometric type-related color channels and ExtraSamples doesn't match SamplesPerPixel. Defining non-color channels as ExtraSamples.
33.3s 1497 [ WARN:0@16.605] global grfmt_tiff.cpp:122 TIFF_Warning TIFFReadDirectory: Sum of Photometric type-related color channels and ExtraSamples doesn't match SamplesPerPixel. Defining non-color channels as ExtraSamples.
33.3s 1498 
33.3s 1499 [ WARN:0@16.439] global grfmt_tiff.cpp:122 TIFF_Warning TIFFReadDirectory: Sum of Photometric type-related color channels and ExtraSamples doesn't match SamplesPerPixel. Defining non-color channels as ExtraSamples.
33.3s 1500 [ WARN:0@16.469] global grfmt_tiff.cpp:122 TIFF_Warning TIFFReadDirectory: Sum of Photometric type-related color channels and ExtraSamples doesn't match SamplesPerPixel. Defining non-color channels as ExtraSamples.
33.3s 1501 [ WARN:0@16.501] global grfmt_tiff.cpp:122 TIFF_Warning TIFFReadDirectory: Sum of Photometric type-related color channels and ExtraSamples doesn't match SamplesPerPixel. Defining non-color channels as ExtraSamples.
33.3s 1502 [ WARN:0@16.535] global grfmt_tiff.cpp:122 TIFF_Warning TIFFReadDirectory: Sum of Photometric type-related color channels and ExtraSamples doesn't match SamplesPerPixel. Defining non-color channels as ExtraSamples.
33.3s 1503 [ WARN:0@16.572] global grfmt_tiff.cpp:122 TIFF_Warning TIFFReadDirectory: Sum of Photometric type-related color channels and ExtraSamples doesn't match SamplesPerPixel. Defining non-color channels as ExtraSamples.
33.3s 1504 [ WARN:0@16.605] global grfmt_tiff.cpp:122 TIFF_Warning TIFFReadDirectory: Sum of Photometric type-related color channels and ExtraSamples doesn't match SamplesPerPixel. Defining non-color channels as ExtraSamples.
33.3s 1505 [ WARN:0@16.653] global grfmt_tiff.cpp:122 TIFF_Warning TIFFReadDirectory: Sum of Photometric type-related color channels and ExtraSamples doesn't match SamplesPerPixel. Defining non-color channels as ExtraSamples.
33.4s 1506 [ WARN:0@16.716] global grfmt_tiff.cpp:122 TIFF_Warning TIFFReadDirectory: Sum of Photometric type-related color channels and ExtraSamples doesn't match SamplesPerPixel. Defining non-color channels as ExtraSamples.
33.4s 1507 [ WARN:0@16.754] global grfmt_tiff.cpp:122 TIFF_Warning TIFFReadDirectory: Sum of Photometric type-related color channels and ExtraSamples doesn't match SamplesPerPixel. Defining non-color channels as ExtraSamples.
33.4s 1508 [ WARN:0@16.791] global grfmt_tiff.cpp:122 TIFF_Warning TIFFReadDirectory: Sum of Photometric type-related color channels and ExtraSamples doesn't match SamplesPerPixel. Defining non-color channels as ExtraSamples.
33.5s 1509 [ WARN:0@16.820] global grfmt_tiff.cpp:122 TIFF_Warning TIFFReadDirectory: Sum of Photometric type-related color channels and ExtraSamples doesn't match SamplesPerPixel. Defining non-color channels as ExtraSamples.
33.5s 1510 [ WARN:0@16.853] global grfmt_tiff.cpp:122 TIFF_Warning TIFFReadDirectory: Sum of Photometric type-related color channels and ExtraSamples doesn't match SamplesPerPixel. Defining non-color channels as ExtraSamples.
33.5s 1511 [ WARN:0@16.653] global grfmt_tiff.cpp:122 TIFF_Warning TIFFReadDirectory: Sum of Photometric type-related color channels and ExtraSamples doesn't match SamplesPerPixel. Defining non-color channels as ExtraSamples.
33.5s 1512 [ WARN:0@16.716] global grfmt_tiff.cpp:122 TIFF_Warning TIFFReadDirectory: Sum of Photometric type-related color channels and ExtraSamples doesn't match SamplesPerPixel. Defining non-color channels as ExtraSamples.
33.5s 1513 [ WARN:0@16.754] global grfmt_tiff.cpp:122 TIFF_Warning TIFFReadDirectory: Sum of Photometric type-related color channels and ExtraSamples doesn't match SamplesPerPixel. Defining non-color channels as ExtraSamples.
33.5s 1514 [ WARN:0@16.791] global grfmt_tiff.cpp:122 TIFF_Warning TIFFReadDirectory: Sum of Photometric type-related color channels and ExtraSamples doesn't match SamplesPerPixel. Defining non-color channels as ExtraSamples.
33.5s 1515 [ WARN:0@16.820] global grfmt_tiff.cpp:122 TIFF_Warning TIFFReadDirectory: Sum of Photometric type-related color channels and ExtraSamples doesn't match SamplesPerPixel. Defining non-color channels as ExtraSamples.
33.5s 1516 [ WARN:0@16.853] global grfmt_tiff.cpp:122 TIFF_Warning TIFFReadDirectory: Sum of Photometric type-related color channels and ExtraSamples doesn't match SamplesPerPixel. Defining non-color channels as ExtraSamples.
33.5s 1517 
33.5s 1518 [ WARN:0@16.653] global grfmt_tiff.cpp:122 TIFF_Warning TIFFReadDirectory: Sum of Photometric type-related color channels and ExtraSamples doesn't match SamplesPerPixel. Defining non-color channels as ExtraSamples.
33.5s 1519 [ WARN:0@16.716] global grfmt_tiff.cpp:122 TIFF_Warning TIFFReadDirectory: Sum of Photometric type-related color channels and ExtraSamples doesn't match SamplesPerPixel. Defining non-color channels as ExtraSamples.
33.5s 1520 [ WARN:0@16.754] global grfmt_tiff.cpp:122 TIFF_Warning TIFFReadDirectory: Sum of Photometric type-related color channels and ExtraSamples doesn't match SamplesPerPixel. Defining non-color channels as ExtraSamples.
33.5s 1521 [ WARN:0@16.791] global grfmt_tiff.cpp:122 TIFF_Warning TIFFReadDirectory: Sum of Photometric type-related color channels and ExtraSamples doesn't match SamplesPerPixel. Defining non-color channels as ExtraSamples.
33.5s 1522 [ WARN:0@16.820] global grfmt_tiff.cpp:122 TIFF_Warning TIFFReadDirectory: Sum of Photometric type-related color channels and ExtraSamples doesn't match SamplesPerPixel. Defining non-color channels as ExtraSamples.
33.5s 1523 [ WARN:0@16.853] global grfmt_tiff.cpp:122 TIFF_Warning TIFFReadDirectory: Sum of Photometric type-related color channels and ExtraSamples doesn't match SamplesPerPixel. Defining non-color channels as ExtraSamples.
33.5s 1524 [ WARN:0@16.890] global grfmt_tiff.cpp:122 TIFF_Warning TIFFReadDirectory: Sum of Photometric type-related color channels and ExtraSamples doesn't match SamplesPerPixel. Defining non-color channels as ExtraSamples.
33.6s 1525 [ WARN:0@16.923] global grfmt_tiff.cpp:122 TIFF_Warning TIFFReadDirectory: Sum of Photometric type-related color channels and ExtraSamples doesn't match SamplesPerPixel. Defining non-color channels as ExtraSamples.
33.6s 1526 [ WARN:0@16.954] global grfmt_tiff.cpp:122 TIFF_Warning TIFFReadDirectory: Sum of Photometric type-related color channels and ExtraSamples doesn't match SamplesPerPixel. Defining non-color channels as ExtraSamples.
33.6s 1527 [ WARN:0@16.986] global grfmt_tiff.cpp:122 TIFF_Warning TIFFReadDirectory: Sum of Photometric type-related color channels and ExtraSamples doesn't match SamplesPerPixel. Defining non-color channels as ExtraSamples.
33.7s 1528 [ WARN:0@17.021] global grfmt_tiff.cpp:122 TIFF_Warning TIFFReadDirectory: Sum of Photometric type-related color channels and ExtraSamples doesn't match SamplesPerPixel. Defining non-color channels as ExtraSamples.
33.7s 1529 [ WARN:0@17.056] global grfmt_tiff.cpp:122 TIFF_Warning TIFFReadDirectory: Sum of Photometric type-related color channels and ExtraSamples doesn't match SamplesPerPixel. Defining non-color channels as ExtraSamples.
33.7s 1530 [ WARN:0@17.091] global grfmt_tiff.cpp:122 TIFF_Warning TIFFReadDirectory: Sum of Photometric type-related color channels and ExtraSamples doesn't match SamplesPerPixel. Defining non-color channels as ExtraSamples.
33.7s 1531 [ WARN:0@16.890] global grfmt_tiff.cpp:122 TIFF_Warning TIFFReadDirectory: Sum of Photometric type-related color channels and ExtraSamples doesn't match SamplesPerPixel. Defining non-color channels as ExtraSamples.
33.7s 1532 [ WARN:0@16.923] global grfmt_tiff.cpp:122 TIFF_Warning TIFFReadDirectory: Sum of Photometric type-related color channels and ExtraSamples doesn't match SamplesPerPixel. Defining non-color channels as ExtraSamples.
33.7s 1533 [ WARN:0@16.954] global grfmt_tiff.cpp:122 TIFF_Warning TIFFReadDirectory: Sum of Photometric type-related color channels and ExtraSamples doesn't match SamplesPerPixel. Defining non-color channels as ExtraSamples.
33.7s 1534 [ WARN:0@16.986] global grfmt_tiff.cpp:122 TIFF_Warning TIFFReadDirectory: Sum of Photometric type-related color channels and ExtraSamples doesn't match SamplesPerPixel. Defining non-color channels as ExtraSamples.
33.7s 1535 [ WARN:0@17.021] global grfmt_tiff.cpp:122 TIFF_Warning TIFFReadDirectory: Sum of Photometric type-related color channels and ExtraSamples doesn't match SamplesPerPixel. Defining non-color channels as ExtraSamples.
33.7s 1536 [ WARN:0@17.056] global grfmt_tiff.cpp:122 TIFF_Warning TIFFReadDirectory: Sum of Photometric type-related color channels and ExtraSamples doesn't match SamplesPerPixel. Defining non-color channels as ExtraSamples.
33.7s 1537 
33.7s 1538 [ WARN:0@16.890] global grfmt_tiff.cpp:122 TIFF_Warning TIFFReadDirectory: Sum of Photometric type-related color channels and ExtraSamples doesn't match SamplesPerPixel. Defining non-color channels as ExtraSamples.
33.7s 1539 [ WARN:0@16.923] global grfmt_tiff.cpp:122 TIFF_Warning TIFFReadDirectory: Sum of Photometric type-related color channels and ExtraSamples doesn't match SamplesPerPixel. Defining non-color channels as ExtraSamples.
33.7s 1540 [ WARN:0@16.954] global grfmt_tiff.cpp:122 TIFF_Warning TIFFReadDirectory: Sum of Photometric type-related color channels and ExtraSamples doesn't match SamplesPerPixel. Defining non-color channels as ExtraSamples.
33.7s 1541 [ WARN:0@16.986] global grfmt_tiff.cpp:122 TIFF_Warning TIFFReadDirectory: Sum of Photometric type-related color channels and ExtraSamples doesn't match SamplesPerPixel. Defining non-color channels as ExtraSamples.
33.7s 1542 [ WARN:0@17.021] global grfmt_tiff.cpp:122 TIFF_Warning TIFFReadDirectory: Sum of Photometric type-related color channels and ExtraSamples doesn't match SamplesPerPixel. Defining non-color channels as ExtraSamples.
33.7s 1543 [ WARN:0@17.056] global grfmt_tiff.cpp:122 TIFF_Warning TIFFReadDirectory: Sum of Photometric type-related color channels and ExtraSamples doesn't match SamplesPerPixel. Defining non-color channels as ExtraSamples.
33.8s 1544 [ WARN:0@17.124] global grfmt_tiff.cpp:122 TIFF_Warning TIFFReadDirectory: Sum of Photometric type-related color channels and ExtraSamples doesn't match SamplesPerPixel. Defining non-color channels as ExtraSamples.
33.8s 1545 [ WARN:0@17.156] global grfmt_tiff.cpp:122 TIFF_Warning TIFFReadDirectory: Sum of Photometric type-related color channels and ExtraSamples doesn't match SamplesPerPixel. Defining non-color channels as ExtraSamples.
33.8s 1546 [ WARN:0@17.189] global grfmt_tiff.cpp:122 TIFF_Warning TIFFReadDirectory: Sum of Photometric type-related color channels and ExtraSamples doesn't match SamplesPerPixel. Defining non-color channels as ExtraSamples.
33.9s 1547 [ WARN:0@17.222] global grfmt_tiff.cpp:122 TIFF_Warning TIFFReadDirectory: Sum of Photometric type-related color channels and ExtraSamples doesn't match SamplesPerPixel. Defining non-color channels as ExtraSamples.
33.9s 1548 [ WARN:0@17.263] global grfmt_tiff.cpp:122 TIFF_Warning TIFFReadDirectory: Sum of Photometric type-related color channels and ExtraSamples doesn't match SamplesPerPixel. Defining non-color channels as ExtraSamples.
33.9s 1549 [ WARN:0@17.091] global grfmt_tiff.cpp:122 TIFF_Warning TIFFReadDirectory: Sum of Photometric type-related color channels and ExtraSamples doesn't match SamplesPerPixel. Defining non-color channels as ExtraSamples.
33.9s 1550 [ WARN:0@17.124] global grfmt_tiff.cpp:122 TIFF_Warning TIFFReadDirectory: Sum of Photometric type-related color channels and ExtraSamples doesn't match SamplesPerPixel. Defining non-color channels as ExtraSamples.
33.9s 1551 [ WARN:0@17.156] global grfmt_tiff.cpp:122 TIFF_Warning TIFFReadDirectory: Sum of Photometric type-related color channels and ExtraSamples doesn't match SamplesPerPixel. Defining non-color channels as ExtraSamples.
33.9s 1552 [ WARN:0@17.189] global grfmt_tiff.cpp:122 TIFF_Warning TIFFReadDirectory: Sum of Photometric type-related color channels and ExtraSamples doesn't match SamplesPerPixel. Defining non-color channels as ExtraSamples.
33.9s 1553 [ WARN:0@17.222] global grfmt_tiff.cpp:122 TIFF_Warning TIFFReadDirectory: Sum of Photometric type-related color channels and ExtraSamples doesn't match SamplesPerPixel. Defining non-color channels as ExtraSamples.
33.9s 1554 [ WARN:0@17.263] global grfmt_tiff.cpp:122 TIFF_Warning TIFFReadDirectory: Sum of Photometric type-related color channels and ExtraSamples doesn't match SamplesPerPixel. Defining non-color channels as ExtraSamples.
33.9s 1555 
33.9s 1556 [ WARN:0@17.091] global grfmt_tiff.cpp:122 TIFF_Warning TIFFReadDirectory: Sum of Photometric type-related color channels and ExtraSamples doesn't match SamplesPerPixel. Defining non-color channels as ExtraSamples.
33.9s 1557 [ WARN:0@17.124] global grfmt_tiff.cpp:122 TIFF_Warning TIFFReadDirectory: Sum of Photometric type-related color channels and ExtraSamples doesn't match SamplesPerPixel. Defining non-color channels as ExtraSamples.
33.9s 1558 [ WARN:0@17.156] global grfmt_tiff.cpp:122 TIFF_Warning TIFFReadDirectory: Sum of Photometric type-related color channels and ExtraSamples doesn't match SamplesPerPixel. Defining non-color channels as ExtraSamples.
33.9s 1559 [ WARN:0@17.189] global grfmt_tiff.cpp:122 TIFF_Warning TIFFReadDirectory: Sum of Photometric type-related color channels and ExtraSamples doesn't match SamplesPerPixel. Defining non-color channels as ExtraSamples.
33.9s 1560 [ WARN:0@17.222] global grfmt_tiff.cpp:122 TIFF_Warning TIFFReadDirectory: Sum of Photometric type-related color channels and ExtraSamples doesn't match SamplesPerPixel. Defining non-color channels as ExtraSamples.
33.9s 1561 [ WARN:0@17.263] global grfmt_tiff.cpp:122 TIFF_Warning TIFFReadDirectory: Sum of Photometric type-related color channels and ExtraSamples doesn't match SamplesPerPixel. Defining non-color channels as ExtraSamples.
34.0s 1562 [ WARN:0@17.299] global grfmt_tiff.cpp:122 TIFF_Warning TIFFReadDirectory: Sum of Photometric type-related color channels and ExtraSamples doesn't match SamplesPerPixel. Defining non-color channels as ExtraSamples.
34.0s 1563 [ WARN:0@17.333] global grfmt_tiff.cpp:122 TIFF_Warning TIFFReadDirectory: Sum of Photometric type-related color channels and ExtraSamples doesn't match SamplesPerPixel. Defining non-color channels as ExtraSamples.
34.0s 1564 [ WARN:0@17.370] global grfmt_tiff.cpp:122 TIFF_Warning TIFFReadDirectory: Sum of Photometric type-related color channels and ExtraSamples doesn't match SamplesPerPixel. Defining non-color channels as ExtraSamples.
34.1s 1565 [ WARN:0@17.405] global grfmt_tiff.cpp:122 TIFF_Warning TIFFReadDirectory: Sum of Photometric type-related color channels and ExtraSamples doesn't match SamplesPerPixel. Defining non-color channels as ExtraSamples.
34.1s 1566 [ WARN:0@17.441] global grfmt_tiff.cpp:122 TIFF_Warning TIFFReadDirectory: Sum of Photometric type-related color channels and ExtraSamples doesn't match SamplesPerPixel. Defining non-color channels as ExtraSamples.
34.1s 1567 [ WARN:0@17.476] global grfmt_tiff.cpp:122 TIFF_Warning TIFFReadDirectory: Sum of Photometric type-related color channels and ExtraSamples doesn't match SamplesPerPixel. Defining non-color channels as ExtraSamples.
34.2s 1568 [ WARN:0@17.299] global grfmt_tiff.cpp:122 TIFF_Warning TIFFReadDirectory: Sum of Photometric type-related color channels and ExtraSamples doesn't match SamplesPerPixel. Defining non-color channels as ExtraSamples.
34.2s 1569 [ WARN:0@17.333] global grfmt_tiff.cpp:122 TIFF_Warning TIFFReadDirectory: Sum of Photometric type-related color channels and ExtraSamples doesn't match SamplesPerPixel. Defining non-color channels as ExtraSamples.
34.2s 1570 [ WARN:0@17.370] global grfmt_tiff.cpp:122 TIFF_Warning TIFFReadDirectory: Sum of Photometric type-related color channels and ExtraSamples doesn't match SamplesPerPixel. Defining non-color channels as ExtraSamples.
34.2s 1571 [ WARN:0@17.405] global grfmt_tiff.cpp:122 TIFF_Warning TIFFReadDirectory: Sum of Photometric type-related color channels and ExtraSamples doesn't match SamplesPerPixel. Defining non-color channels as ExtraSamples.
34.2s 1572 [ WARN:0@17.441] global grfmt_tiff.cpp:122 TIFF_Warning TIFFReadDirectory: Sum of Photometric type-related color channels and ExtraSamples doesn't match SamplesPerPixel. Defining non-color channels as ExtraSamples.
34.2s 1573 [ WARN:0@17.476] global grfmt_tiff.cpp:122 TIFF_Warning TIFFReadDirectory: Sum of Photometric type-related color channels and ExtraSamples doesn't match SamplesPerPixel. Defining non-color channels as ExtraSamples.
34.2s 1574 
34.2s 1575 [ WARN:0@17.299] global grfmt_tiff.cpp:122 TIFF_Warning TIFFReadDirectory: Sum of Photometric type-related color channels and ExtraSamples doesn't match SamplesPerPixel. Defining non-color channels as ExtraSamples.
34.2s 1576 [ WARN:0@17.333] global grfmt_tiff.cpp:122 TIFF_Warning TIFFReadDirectory: Sum of Photometric type-related color channels and ExtraSamples doesn't match SamplesPerPixel. Defining non-color channels as ExtraSamples.
34.2s 1577 [ WARN:0@17.370] global grfmt_tiff.cpp:122 TIFF_Warning TIFFReadDirectory: Sum of Photometric type-related color channels and ExtraSamples doesn't match SamplesPerPixel. Defining non-color channels as ExtraSamples.
34.2s 1578 [ WARN:0@17.405] global grfmt_tiff.cpp:122 TIFF_Warning TIFFReadDirectory: Sum of Photometric type-related color channels and ExtraSamples doesn't match SamplesPerPixel. Defining non-color channels as ExtraSamples.
34.2s 1579 [ WARN:0@17.441] global grfmt_tiff.cpp:122 TIFF_Warning TIFFReadDirectory: Sum of Photometric type-related color channels and ExtraSamples doesn't match SamplesPerPixel. Defining non-color channels as ExtraSamples.
34.2s 1580 [ WARN:0@17.476] global grfmt_tiff.cpp:122 TIFF_Warning TIFFReadDirectory: Sum of Photometric type-related color channels and ExtraSamples doesn't match SamplesPerPixel. Defining non-color channels as ExtraSamples.
34.2s 1581 [ WARN:0@17.511] global grfmt_tiff.cpp:122 TIFF_Warning TIFFReadDirectory: Sum of Photometric type-related color channels and ExtraSamples doesn't match SamplesPerPixel. Defining non-color channels as ExtraSamples.
34.2s 1582 [ WARN:0@17.542] global grfmt_tiff.cpp:122 TIFF_Warning TIFFReadDirectory: Sum of Photometric type-related color channels and ExtraSamples doesn't match SamplesPerPixel. Defining non-color channels as ExtraSamples.
34.2s 1583 [ WARN:0@17.574] global grfmt_tiff.cpp:122 TIFF_Warning TIFFReadDirectory: Sum of Photometric type-related color channels and ExtraSamples doesn't match SamplesPerPixel. Defining non-color channels as ExtraSamples.
34.3s 1584 [ WARN:0@17.608] global grfmt_tiff.cpp:122 TIFF_Warning TIFFReadDirectory: Sum of Photometric type-related color channels and ExtraSamples doesn't match SamplesPerPixel. Defining non-color channels as ExtraSamples.
34.3s 1585 [ WARN:0@17.641] global grfmt_tiff.cpp:122 TIFF_Warning TIFFReadDirectory: Sum of Photometric type-related color channels and ExtraSamples doesn't match SamplesPerPixel. Defining non-color channels as ExtraSamples.
34.3s 1586 [ WARN:0@17.674] global grfmt_tiff.cpp:122 TIFF_Warning TIFFReadDirectory: Sum of Photometric type-related color channels and ExtraSamples doesn't match SamplesPerPixel. Defining non-color channels as ExtraSamples.
34.4s 1587 [ WARN:0@17.711] global grfmt_tiff.cpp:122 TIFF_Warning TIFFReadDirectory: Sum of Photometric type-related color channels and ExtraSamples doesn't match SamplesPerPixel. Defining non-color channels as ExtraSamples.
34.4s 1588 [ WARN:0@17.511] global grfmt_tiff.cpp:122 TIFF_Warning TIFFReadDirectory: Sum of Photometric type-related color channels and ExtraSamples doesn't match SamplesPerPixel. Defining non-color channels as ExtraSamples.
34.4s 1589 [ WARN:0@17.542] global grfmt_tiff.cpp:122 TIFF_Warning TIFFReadDirectory: Sum of Photometric type-related color channels and ExtraSamples doesn't match SamplesPerPixel. Defining non-color channels as ExtraSamples.
34.4s 1590 [ WARN:0@17.574] global grfmt_tiff.cpp:122 TIFF_Warning TIFFReadDirectory: Sum of Photometric type-related color channels and ExtraSamples doesn't match SamplesPerPixel. Defining non-color channels as ExtraSamples.
34.4s 1591 [ WARN:0@17.608] global grfmt_tiff.cpp:122 TIFF_Warning TIFFReadDirectory: Sum of Photometric type-related color channels and ExtraSamples doesn't match SamplesPerPixel. Defining non-color channels as ExtraSamples.
34.4s 1592 [ WARN:0@17.641] global grfmt_tiff.cpp:122 TIFF_Warning TIFFReadDirectory: Sum of Photometric type-related color channels and ExtraSamples doesn't match SamplesPerPixel. Defining non-color channels as ExtraSamples.
34.4s 1593 [ WARN:0@17.674] global grfmt_tiff.cpp:122 TIFF_Warning TIFFReadDirectory: Sum of Photometric type-related color channels and ExtraSamples doesn't match SamplesPerPixel. Defining non-color channels as ExtraSamples.
34.4s 1594 
34.4s 1595 [ WARN:0@17.511] global grfmt_tiff.cpp:122 TIFF_Warning TIFFReadDirectory: Sum of Photometric type-related color channels and ExtraSamples doesn't match SamplesPerPixel. Defining non-color channels as ExtraSamples.
34.4s 1596 [ WARN:0@17.542] global grfmt_tiff.cpp:122 TIFF_Warning TIFFReadDirectory: Sum of Photometric type-related color channels and ExtraSamples doesn't match SamplesPerPixel. Defining non-color channels as ExtraSamples.
34.4s 1597 [ WARN:0@17.574] global grfmt_tiff.cpp:122 TIFF_Warning TIFFReadDirectory: Sum of Photometric type-related color channels and ExtraSamples doesn't match SamplesPerPixel. Defining non-color channels as ExtraSamples.
34.4s 1598 [ WARN:0@17.608] global grfmt_tiff.cpp:122 TIFF_Warning TIFFReadDirectory: Sum of Photometric type-related color channels and ExtraSamples doesn't match SamplesPerPixel. Defining non-color channels as ExtraSamples.
34.4s 1599 [ WARN:0@17.641] global grfmt_tiff.cpp:122 TIFF_Warning TIFFReadDirectory: Sum of Photometric type-related color channels and ExtraSamples doesn't match SamplesPerPixel. Defining non-color channels as ExtraSamples.
34.4s 1600 [ WARN:0@17.674] global grfmt_tiff.cpp:122 TIFF_Warning TIFFReadDirectory: Sum of Photometric type-related color channels and ExtraSamples doesn't match SamplesPerPixel. Defining non-color channels as ExtraSamples.
34.4s 1601 [ WARN:0@17.742] global grfmt_tiff.cpp:122 TIFF_Warning TIFFReadDirectory: Sum of Photometric type-related color channels and ExtraSamples doesn't match SamplesPerPixel. Defining non-color channels as ExtraSamples.
34.4s 1602 [ WARN:0@17.773] global grfmt_tiff.cpp:122 TIFF_Warning TIFFReadDirectory: Sum of Photometric type-related color channels and ExtraSamples doesn't match SamplesPerPixel. Defining non-color channels as ExtraSamples.
34.5s 1603 [ WARN:0@17.810] global grfmt_tiff.cpp:122 TIFF_Warning TIFFReadDirectory: Sum of Photometric type-related color channels and ExtraSamples doesn't match SamplesPerPixel. Defining non-color channels as ExtraSamples.
34.5s 1604 [ WARN:0@17.842] global grfmt_tiff.cpp:122 TIFF_Warning TIFFReadDirectory: Sum of Photometric type-related color channels and ExtraSamples doesn't match SamplesPerPixel. Defining non-color channels as ExtraSamples.
34.5s 1605 [ WARN:0@17.886] global grfmt_tiff.cpp:122 TIFF_Warning TIFFReadDirectory: Sum of Photometric type-related color channels and ExtraSamples doesn't match SamplesPerPixel. Defining non-color channels as ExtraSamples.
34.6s 1606 [ WARN:0@17.711] global grfmt_tiff.cpp:122 TIFF_Warning TIFFReadDirectory: Sum of Photometric type-related color channels and ExtraSamples doesn't match SamplesPerPixel. Defining non-color channels as ExtraSamples.
34.6s 1607 [ WARN:0@17.742] global grfmt_tiff.cpp:122 TIFF_Warning TIFFReadDirectory: Sum of Photometric type-related color channels and ExtraSamples doesn't match SamplesPerPixel. Defining non-color channels as ExtraSamples.
34.6s 1608 [ WARN:0@17.773] global grfmt_tiff.cpp:122 TIFF_Warning TIFFReadDirectory: Sum of Photometric type-related color channels and ExtraSamples doesn't match SamplesPerPixel. Defining non-color channels as ExtraSamples.
34.6s 1609 [ WARN:0@17.810] global grfmt_tiff.cpp:122 TIFF_Warning TIFFReadDirectory: Sum of Photometric type-related color channels and ExtraSamples doesn't match SamplesPerPixel. Defining non-color channels as ExtraSamples.
34.6s 1610 [ WARN:0@17.842] global grfmt_tiff.cpp:122 TIFF_Warning TIFFReadDirectory: Sum of Photometric type-related color channels and ExtraSamples doesn't match SamplesPerPixel. Defining non-color channels as ExtraSamples.
34.6s 1611 [ WARN:0@17.886] global grfmt_tiff.cpp:122 TIFF_Warning TIFFReadDirectory: Sum of Photometric type-related color channels and ExtraSamples doesn't match SamplesPerPixel. Defining non-color channels as ExtraSamples.
34.6s 1612 
34.6s 1613 [ WARN:0@17.711] global grfmt_tiff.cpp:122 TIFF_Warning TIFFReadDirectory: Sum of Photometric type-related color channels and ExtraSamples doesn't match SamplesPerPixel. Defining non-color channels as ExtraSamples.
34.6s 1614 [ WARN:0@17.742] global grfmt_tiff.cpp:122 TIFF_Warning TIFFReadDirectory: Sum of Photometric type-related color channels and ExtraSamples doesn't match SamplesPerPixel. Defining non-color channels as ExtraSamples.
34.6s 1615 [ WARN:0@17.773] global grfmt_tiff.cpp:122 TIFF_Warning TIFFReadDirectory: Sum of Photometric type-related color channels and ExtraSamples doesn't match SamplesPerPixel. Defining non-color channels as ExtraSamples.
34.6s 1616 [ WARN:0@17.810] global grfmt_tiff.cpp:122 TIFF_Warning TIFFReadDirectory: Sum of Photometric type-related color channels and ExtraSamples doesn't match SamplesPerPixel. Defining non-color channels as ExtraSamples.
34.6s 1617 [ WARN:0@17.842] global grfmt_tiff.cpp:122 TIFF_Warning TIFFReadDirectory: Sum of Photometric type-related color channels and ExtraSamples doesn't match SamplesPerPixel. Defining non-color channels as ExtraSamples.
34.6s 1618 [ WARN:0@17.886] global grfmt_tiff.cpp:122 TIFF_Warning TIFFReadDirectory: Sum of Photometric type-related color channels and ExtraSamples doesn't match SamplesPerPixel. Defining non-color channels as ExtraSamples.
34.6s 1619 [ WARN:0@17.929] global grfmt_tiff.cpp:122 TIFF_Warning TIFFReadDirectory: Sum of Photometric type-related color channels and ExtraSamples doesn't match SamplesPerPixel. Defining non-color channels as ExtraSamples.
34.6s 1620 [ WARN:0@17.961] global grfmt_tiff.cpp:122 TIFF_Warning TIFFReadDirectory: Sum of Photometric type-related color channels and ExtraSamples doesn't match SamplesPerPixel. Defining non-color channels as ExtraSamples.
34.6s 1621 [ WARN:0@17.994] global grfmt_tiff.cpp:122 TIFF_Warning TIFFReadDirectory: Sum of Photometric type-related color channels and ExtraSamples doesn't match SamplesPerPixel. Defining non-color channels as ExtraSamples.
34.7s 1622 [ WARN:0@18.025] global grfmt_tiff.cpp:122 TIFF_Warning TIFFReadDirectory: Sum of Photometric type-related color channels and ExtraSamples doesn't match SamplesPerPixel. Defining non-color channels as ExtraSamples.
34.7s 1623 [ WARN:0@18.060] global grfmt_tiff.cpp:122 TIFF_Warning TIFFReadDirectory: Sum of Photometric type-related color channels and ExtraSamples doesn't match SamplesPerPixel. Defining non-color channels as ExtraSamples.
34.7s 1624 [ WARN:0@18.092] global grfmt_tiff.cpp:122 TIFF_Warning TIFFReadDirectory: Sum of Photometric type-related color channels and ExtraSamples doesn't match SamplesPerPixel. Defining non-color channels as ExtraSamples.
34.8s 1625 [ WARN:0@18.122] global grfmt_tiff.cpp:122 TIFF_Warning TIFFReadDirectory: Sum of Photometric type-related color channels and ExtraSamples doesn't match SamplesPerPixel. Defining non-color channels as ExtraSamples.
34.8s 1626 [ WARN:0@17.929] global grfmt_tiff.cpp:122 TIFF_Warning TIFFReadDirectory: Sum of Photometric type-related color channels and ExtraSamples doesn't match SamplesPerPixel. Defining non-color channels as ExtraSamples.
34.8s 1627 [ WARN:0@17.961] global grfmt_tiff.cpp:122 TIFF_Warning TIFFReadDirectory: Sum of Photometric type-related color channels and ExtraSamples doesn't match SamplesPerPixel. Defining non-color channels as ExtraSamples.
34.8s 1628 [ WARN:0@17.994] global grfmt_tiff.cpp:122 TIFF_Warning TIFFReadDirectory: Sum of Photometric type-related color channels and ExtraSamples doesn't match SamplesPerPixel. Defining non-color channels as ExtraSamples.
34.8s 1629 [ WARN:0@18.025] global grfmt_tiff.cpp:122 TIFF_Warning TIFFReadDirectory: Sum of Photometric type-related color channels and ExtraSamples doesn't match SamplesPerPixel. Defining non-color channels as ExtraSamples.
34.8s 1630 [ WARN:0@18.060] global grfmt_tiff.cpp:122 TIFF_Warning TIFFReadDirectory: Sum of Photometric type-related color channels and ExtraSamples doesn't match SamplesPerPixel. Defining non-color channels as ExtraSamples.
34.8s 1631 [ WARN:0@18.092] global grfmt_tiff.cpp:122 TIFF_Warning TIFFReadDirectory: Sum of Photometric type-related color channels and ExtraSamples doesn't match SamplesPerPixel. Defining non-color channels as ExtraSamples.
34.8s 1632 [ WARN:0@18.122] global grfmt_tiff.cpp:122 TIFF_Warning TIFFReadDirectory: Sum of Photometric type-related color channels and ExtraSamples doesn't match SamplesPerPixel. Defining non-color channels as ExtraSamples.
34.8s 1633 
34.8s 1634 [ WARN:0@17.929] global grfmt_tiff.cpp:122 TIFF_Warning TIFFReadDirectory: Sum of Photometric type-related color channels and ExtraSamples doesn't match SamplesPerPixel. Defining non-color channels as ExtraSamples.
34.8s 1635 [ WARN:0@17.961] global grfmt_tiff.cpp:122 TIFF_Warning TIFFReadDirectory: Sum of Photometric type-related color channels and ExtraSamples doesn't match SamplesPerPixel. Defining non-color channels as ExtraSamples.
34.8s 1636 [ WARN:0@17.994] global grfmt_tiff.cpp:122 TIFF_Warning TIFFReadDirectory: Sum of Photometric type-related color channels and ExtraSamples doesn't match SamplesPerPixel. Defining non-color channels as ExtraSamples.
34.8s 1637 [ WARN:0@18.025] global grfmt_tiff.cpp:122 TIFF_Warning TIFFReadDirectory: Sum of Photometric type-related color channels and ExtraSamples doesn't match SamplesPerPixel. Defining non-color channels as ExtraSamples.
34.8s 1638 [ WARN:0@18.060] global grfmt_tiff.cpp:122 TIFF_Warning TIFFReadDirectory: Sum of Photometric type-related color channels and ExtraSamples doesn't match SamplesPerPixel. Defining non-color channels as ExtraSamples.
34.8s 1639 [ WARN:0@18.092] global grfmt_tiff.cpp:122 TIFF_Warning TIFFReadDirectory: Sum of Photometric type-related color channels and ExtraSamples doesn't match SamplesPerPixel. Defining non-color channels as ExtraSamples.
34.8s 1640 [ WARN:0@18.122] global grfmt_tiff.cpp:122 TIFF_Warning TIFFReadDirectory: Sum of Photometric type-related color channels and ExtraSamples doesn't match SamplesPerPixel. Defining non-color channels as ExtraSamples.
34.8s 1641 [ WARN:0@18.155] global grfmt_tiff.cpp:122 TIFF_Warning TIFFReadDirectory: Sum of Photometric type-related color channels and ExtraSamples doesn't match SamplesPerPixel. Defining non-color channels as ExtraSamples.
34.8s 1642 [ WARN:0@18.191] global grfmt_tiff.cpp:122 TIFF_Warning TIFFReadDirectory: Sum of Photometric type-related color channels and ExtraSamples doesn't match SamplesPerPixel. Defining non-color channels as ExtraSamples.
34.9s 1643 [ WARN:0@18.224] global grfmt_tiff.cpp:122 TIFF_Warning TIFFReadDirectory: Sum of Photometric type-related color channels and ExtraSamples doesn't match SamplesPerPixel. Defining non-color channels as ExtraSamples.
34.9s 1644 [ WARN:0@18.271] global grfmt_tiff.cpp:122 TIFF_Warning TIFFReadDirectory: Sum of Photometric type-related color channels and ExtraSamples doesn't match SamplesPerPixel. Defining non-color channels as ExtraSamples.
35.0s 1645 [ WARN:0@18.306] global grfmt_tiff.cpp:122 TIFF_Warning TIFFReadDirectory: Sum of Photometric type-related color channels and ExtraSamples doesn't match SamplesPerPixel. Defining non-color channels as ExtraSamples.
35.0s 1646 [ WARN:0@18.341] global grfmt_tiff.cpp:122 TIFF_Warning TIFFReadDirectory: Sum of Photometric type-related color channels and ExtraSamples doesn't match SamplesPerPixel. Defining non-color channels as ExtraSamples.
35.0s 1647 [ WARN:0@18.155] global grfmt_tiff.cpp:122 TIFF_Warning TIFFReadDirectory: Sum of Photometric type-related color channels and ExtraSamples doesn't match SamplesPerPixel. Defining non-color channels as ExtraSamples.
35.0s 1648 [ WARN:0@18.191] global grfmt_tiff.cpp:122 TIFF_Warning TIFFReadDirectory: Sum of Photometric type-related color channels and ExtraSamples doesn't match SamplesPerPixel. Defining non-color channels as ExtraSamples.
35.0s 1649 [ WARN:0@18.224] global grfmt_tiff.cpp:122 TIFF_Warning TIFFReadDirectory: Sum of Photometric type-related color channels and ExtraSamples doesn't match SamplesPerPixel. Defining non-color channels as ExtraSamples.
35.0s 1650 [ WARN:0@18.271] global grfmt_tiff.cpp:122 TIFF_Warning TIFFReadDirectory: Sum of Photometric type-related color channels and ExtraSamples doesn't match SamplesPerPixel. Defining non-color channels as ExtraSamples.
35.0s 1651 [ WARN:0@18.306] global grfmt_tiff.cpp:122 TIFF_Warning TIFFReadDirectory: Sum of Photometric type-related color channels and ExtraSamples doesn't match SamplesPerPixel. Defining non-color channels as ExtraSamples.
35.0s 1652 [ WARN:0@18.341] global grfmt_tiff.cpp:122 TIFF_Warning TIFFReadDirectory: Sum of Photometric type-related color channels and ExtraSamples doesn't match SamplesPerPixel. Defining non-color channels as ExtraSamples.
35.0s 1653 
35.0s 1654 [ WARN:0@18.155] global grfmt_tiff.cpp:122 TIFF_Warning TIFFReadDirectory: Sum of Photometric type-related color channels and ExtraSamples doesn't match SamplesPerPixel. Defining non-color channels as ExtraSamples.
35.0s 1655 [ WARN:0@18.191] global grfmt_tiff.cpp:122 TIFF_Warning TIFFReadDirectory: Sum of Photometric type-related color channels and ExtraSamples doesn't match SamplesPerPixel. Defining non-color channels as ExtraSamples.
35.0s 1656 [ WARN:0@18.224] global grfmt_tiff.cpp:122 TIFF_Warning TIFFReadDirectory: Sum of Photometric type-related color channels and ExtraSamples doesn't match SamplesPerPixel. Defining non-color channels as ExtraSamples.
35.0s 1657 [ WARN:0@18.271] global grfmt_tiff.cpp:122 TIFF_Warning TIFFReadDirectory: Sum of Photometric type-related color channels and ExtraSamples doesn't match SamplesPerPixel. Defining non-color channels as ExtraSamples.
35.0s 1658 [ WARN:0@18.306] global grfmt_tiff.cpp:122 TIFF_Warning TIFFReadDirectory: Sum of Photometric type-related color channels and ExtraSamples doesn't match SamplesPerPixel. Defining non-color channels as ExtraSamples.
35.0s 1659 [ WARN:0@18.341] global grfmt_tiff.cpp:122 TIFF_Warning TIFFReadDirectory: Sum of Photometric type-related color channels and ExtraSamples doesn't match SamplesPerPixel. Defining non-color channels as ExtraSamples.
35.0s 1660 [ WARN:0@18.381] global grfmt_tiff.cpp:122 TIFF_Warning TIFFReadDirectory: Sum of Photometric type-related color channels and ExtraSamples doesn't match SamplesPerPixel. Defining non-color channels as ExtraSamples.
35.1s 1661 [ WARN:0@18.417] global grfmt_tiff.cpp:122 TIFF_Warning TIFFReadDirectory: Sum of Photometric type-related color channels and ExtraSamples doesn't match SamplesPerPixel. Defining non-color channels as ExtraSamples.
35.1s 1662 [ WARN:0@18.450] global grfmt_tiff.cpp:122 TIFF_Warning TIFFReadDirectory: Sum of Photometric type-related color channels and ExtraSamples doesn't match SamplesPerPixel. Defining non-color channels as ExtraSamples.
35.2s 1663 [ WARN:0@18.499] global grfmt_tiff.cpp:122 TIFF_Warning TIFFReadDirectory: Sum of Photometric type-related color channels and ExtraSamples doesn't match SamplesPerPixel. Defining non-color channels as ExtraSamples.
35.2s 1664 [ WARN:0@18.536] global grfmt_tiff.cpp:122 TIFF_Warning TIFFReadDirectory: Sum of Photometric type-related color channels and ExtraSamples doesn't match SamplesPerPixel. Defining non-color channels as ExtraSamples.
35.2s 1665 [ WARN:0@18.569] global grfmt_tiff.cpp:122 TIFF_Warning TIFFReadDirectory: Sum of Photometric type-related color channels and ExtraSamples doesn't match SamplesPerPixel. Defining non-color channels as ExtraSamples.
35.2s 1666 [ WARN:0@18.381] global grfmt_tiff.cpp:122 TIFF_Warning TIFFReadDirectory: Sum of Photometric type-related color channels and ExtraSamples doesn't match SamplesPerPixel. Defining non-color channels as ExtraSamples.
35.2s 1667 [ WARN:0@18.417] global grfmt_tiff.cpp:122 TIFF_Warning TIFFReadDirectory: Sum of Photometric type-related color channels and ExtraSamples doesn't match SamplesPerPixel. Defining non-color channels as ExtraSamples.
35.2s 1668 [ WARN:0@18.450] global grfmt_tiff.cpp:122 TIFF_Warning TIFFReadDirectory: Sum of Photometric type-related color channels and ExtraSamples doesn't match SamplesPerPixel. Defining non-color channels as ExtraSamples.
35.2s 1669 [ WARN:0@18.499] global grfmt_tiff.cpp:122 TIFF_Warning TIFFReadDirectory: Sum of Photometric type-related color channels and ExtraSamples doesn't match SamplesPerPixel. Defining non-color channels as ExtraSamples.
35.2s 1670 [ WARN:0@18.536] global grfmt_tiff.cpp:122 TIFF_Warning TIFFReadDirectory: Sum of Photometric type-related color channels and ExtraSamples doesn't match SamplesPerPixel. Defining non-color channels as ExtraSamples.
35.2s 1671 [ WARN:0@18.569] global grfmt_tiff.cpp:122 TIFF_Warning TIFFReadDirectory: Sum of Photometric type-related color channels and ExtraSamples doesn't match SamplesPerPixel. Defining non-color channels as ExtraSamples.
35.2s 1672 
35.2s 1673 [ WARN:0@18.381] global grfmt_tiff.cpp:122 TIFF_Warning TIFFReadDirectory: Sum of Photometric type-related color channels and ExtraSamples doesn't match SamplesPerPixel. Defining non-color channels as ExtraSamples.
35.2s 1674 [ WARN:0@18.417] global grfmt_tiff.cpp:122 TIFF_Warning TIFFReadDirectory: Sum of Photometric type-related color channels and ExtraSamples doesn't match SamplesPerPixel. Defining non-color channels as ExtraSamples.
35.2s 1675 [ WARN:0@18.450] global grfmt_tiff.cpp:122 TIFF_Warning TIFFReadDirectory: Sum of Photometric type-related color channels and ExtraSamples doesn't match SamplesPerPixel. Defining non-color channels as ExtraSamples.
35.2s 1676 [ WARN:0@18.499] global grfmt_tiff.cpp:122 TIFF_Warning TIFFReadDirectory: Sum of Photometric type-related color channels and ExtraSamples doesn't match SamplesPerPixel. Defining non-color channels as ExtraSamples.
35.2s 1677 [ WARN:0@18.536] global grfmt_tiff.cpp:122 TIFF_Warning TIFFReadDirectory: Sum of Photometric type-related color channels and ExtraSamples doesn't match SamplesPerPixel. Defining non-color channels as ExtraSamples.
35.2s 1678 [ WARN:0@18.569] global grfmt_tiff.cpp:122 TIFF_Warning TIFFReadDirectory: Sum of Photometric type-related color channels and ExtraSamples doesn't match SamplesPerPixel. Defining non-color channels as ExtraSamples.
35.3s 1679 [ WARN:0@18.601] global grfmt_tiff.cpp:122 TIFF_Warning TIFFReadDirectory: Sum of Photometric type-related color channels and ExtraSamples doesn't match SamplesPerPixel. Defining non-color channels as ExtraSamples.
35.3s 1680 [ WARN:0@18.634] global grfmt_tiff.cpp:122 TIFF_Warning TIFFReadDirectory: Sum of Photometric type-related color channels and ExtraSamples doesn't match SamplesPerPixel. Defining non-color channels as ExtraSamples.
35.3s 1681 [ WARN:0@18.669] global grfmt_tiff.cpp:122 TIFF_Warning TIFFReadDirectory: Sum of Photometric type-related color channels and ExtraSamples doesn't match SamplesPerPixel. Defining non-color channels as ExtraSamples.
35.4s 1682 [ WARN:0@18.706] global grfmt_tiff.cpp:122 TIFF_Warning TIFFReadDirectory: Sum of Photometric type-related color channels and ExtraSamples doesn't match SamplesPerPixel. Defining non-color channels as ExtraSamples.
35.4s 1683 [ WARN:0@18.738] global grfmt_tiff.cpp:122 TIFF_Warning TIFFReadDirectory: Sum of Photometric type-related color channels and ExtraSamples doesn't match SamplesPerPixel. Defining non-color channels as ExtraSamples.
35.4s 1684 [ WARN:0@18.770] global grfmt_tiff.cpp:122 TIFF_Warning TIFFReadDirectory: Sum of Photometric type-related color channels and ExtraSamples doesn't match SamplesPerPixel. Defining non-color channels as ExtraSamples.
35.5s 1685 [ WARN:0@18.601] global grfmt_tiff.cpp:122 TIFF_Warning TIFFReadDirectory: Sum of Photometric type-related color channels and ExtraSamples doesn't match SamplesPerPixel. Defining non-color channels as ExtraSamples.
35.5s 1686 [ WARN:0@18.634] global grfmt_tiff.cpp:122 TIFF_Warning TIFFReadDirectory: Sum of Photometric type-related color channels and ExtraSamples doesn't match SamplesPerPixel. Defining non-color channels as ExtraSamples.
35.5s 1687 [ WARN:0@18.669] global grfmt_tiff.cpp:122 TIFF_Warning TIFFReadDirectory: Sum of Photometric type-related color channels and ExtraSamples doesn't match SamplesPerPixel. Defining non-color channels as ExtraSamples.
35.5s 1688 [ WARN:0@18.706] global grfmt_tiff.cpp:122 TIFF_Warning TIFFReadDirectory: Sum of Photometric type-related color channels and ExtraSamples doesn't match SamplesPerPixel. Defining non-color channels as ExtraSamples.
35.5s 1689 [ WARN:0@18.738] global grfmt_tiff.cpp:122 TIFF_Warning TIFFReadDirectory: Sum of Photometric type-related color channels and ExtraSamples doesn't match SamplesPerPixel. Defining non-color channels as ExtraSamples.
35.5s 1690 [ WARN:0@18.770] global grfmt_tiff.cpp:122 TIFF_Warning TIFFReadDirectory: Sum of Photometric type-related color channels and ExtraSamples doesn't match SamplesPerPixel. Defining non-color channels as ExtraSamples.
35.5s 1691 
35.5s 1692 [ WARN:0@18.601] global grfmt_tiff.cpp:122 TIFF_Warning TIFFReadDirectory: Sum of Photometric type-related color channels and ExtraSamples doesn't match SamplesPerPixel. Defining non-color channels as ExtraSamples.
35.5s 1693 [ WARN:0@18.634] global grfmt_tiff.cpp:122 TIFF_Warning TIFFReadDirectory: Sum of Photometric type-related color channels and ExtraSamples doesn't match SamplesPerPixel. Defining non-color channels as ExtraSamples.
35.5s 1694 [ WARN:0@18.669] global grfmt_tiff.cpp:122 TIFF_Warning TIFFReadDirectory: Sum of Photometric type-related color channels and ExtraSamples doesn't match SamplesPerPixel. Defining non-color channels as ExtraSamples.
35.5s 1695 [ WARN:0@18.706] global grfmt_tiff.cpp:122 TIFF_Warning TIFFReadDirectory: Sum of Photometric type-related color channels and ExtraSamples doesn't match SamplesPerPixel. Defining non-color channels as ExtraSamples.
35.5s 1696 [ WARN:0@18.738] global grfmt_tiff.cpp:122 TIFF_Warning TIFFReadDirectory: Sum of Photometric type-related color channels and ExtraSamples doesn't match SamplesPerPixel. Defining non-color channels as ExtraSamples.
35.5s 1697 [ WARN:0@18.770] global grfmt_tiff.cpp:122 TIFF_Warning TIFFReadDirectory: Sum of Photometric type-related color channels and ExtraSamples doesn't match SamplesPerPixel. Defining non-color channels as ExtraSamples.
35.5s 1698 [ WARN:0@18.807] global grfmt_tiff.cpp:122 TIFF_Warning TIFFReadDirectory: Sum of Photometric type-related color channels and ExtraSamples doesn't match SamplesPerPixel. Defining non-color channels as ExtraSamples.
35.5s 1699 [ WARN:0@18.839] global grfmt_tiff.cpp:122 TIFF_Warning TIFFReadDirectory: Sum of Photometric type-related color channels and ExtraSamples doesn't match SamplesPerPixel. Defining non-color channels as ExtraSamples.
35.5s 1700 [ WARN:0@18.873] global grfmt_tiff.cpp:122 TIFF_Warning TIFFReadDirectory: Sum of Photometric type-related color channels and ExtraSamples doesn't match SamplesPerPixel. Defining non-color channels as ExtraSamples.
35.6s 1701 [ WARN:0@18.913] global grfmt_tiff.cpp:122 TIFF_Warning TIFFReadDirectory: Sum of Photometric type-related color channels and ExtraSamples doesn't match SamplesPerPixel. Defining non-color channels as ExtraSamples.
35.6s 1702 [ WARN:0@18.945] global grfmt_tiff.cpp:122 TIFF_Warning TIFFReadDirectory: Sum of Photometric type-related color channels and ExtraSamples doesn't match SamplesPerPixel. Defining non-color channels as ExtraSamples.
35.6s 1703 [ WARN:0@18.979] global grfmt_tiff.cpp:122 TIFF_Warning TIFFReadDirectory: Sum of Photometric type-related color channels and ExtraSamples doesn't match SamplesPerPixel. Defining non-color channels as ExtraSamples.
35.7s 1704 [ WARN:0@18.807] global grfmt_tiff.cpp:122 TIFF_Warning TIFFReadDirectory: Sum of Photometric type-related color channels and ExtraSamples doesn't match SamplesPerPixel. Defining non-color channels as ExtraSamples.
35.7s 1705 [ WARN:0@18.839] global grfmt_tiff.cpp:122 TIFF_Warning TIFFReadDirectory: Sum of Photometric type-related color channels and ExtraSamples doesn't match SamplesPerPixel. Defining non-color channels as ExtraSamples.
35.7s 1706 [ WARN:0@18.873] global grfmt_tiff.cpp:122 TIFF_Warning TIFFReadDirectory: Sum of Photometric type-related color channels and ExtraSamples doesn't match SamplesPerPixel. Defining non-color channels as ExtraSamples.
35.7s 1707 [ WARN:0@18.913] global grfmt_tiff.cpp:122 TIFF_Warning TIFFReadDirectory: Sum of Photometric type-related color channels and ExtraSamples doesn't match SamplesPerPixel. Defining non-color channels as ExtraSamples.
35.7s 1708 [ WARN:0@18.945] global grfmt_tiff.cpp:122 TIFF_Warning TIFFReadDirectory: Sum of Photometric type-related color channels and ExtraSamples doesn't match SamplesPerPixel. Defining non-color channels as ExtraSamples.
35.7s 1709 [ WARN:0@18.979] global grfmt_tiff.cpp:122 TIFF_Warning TIFFReadDirectory: Sum of Photometric type-related color channels and ExtraSamples doesn't match SamplesPerPixel. Defining non-color channels as ExtraSamples.
35.7s 1710 
35.7s 1711 [ WARN:0@18.807] global grfmt_tiff.cpp:122 TIFF_Warning TIFFReadDirectory: Sum of Photometric type-related color channels and ExtraSamples doesn't match SamplesPerPixel. Defining non-color channels as ExtraSamples.
35.7s 1712 [ WARN:0@18.839] global grfmt_tiff.cpp:122 TIFF_Warning TIFFReadDirectory: Sum of Photometric type-related color channels and ExtraSamples doesn't match SamplesPerPixel. Defining non-color channels as ExtraSamples.
35.7s 1713 [ WARN:0@18.873] global grfmt_tiff.cpp:122 TIFF_Warning TIFFReadDirectory: Sum of Photometric type-related color channels and ExtraSamples doesn't match SamplesPerPixel. Defining non-color channels as ExtraSamples.
35.7s 1714 [ WARN:0@18.913] global grfmt_tiff.cpp:122 TIFF_Warning TIFFReadDirectory: Sum of Photometric type-related color channels and ExtraSamples doesn't match SamplesPerPixel. Defining non-color channels as ExtraSamples.
35.7s 1715 [ WARN:0@18.945] global grfmt_tiff.cpp:122 TIFF_Warning TIFFReadDirectory: Sum of Photometric type-related color channels and ExtraSamples doesn't match SamplesPerPixel. Defining non-color channels as ExtraSamples.
35.7s 1716 [ WARN:0@18.979] global grfmt_tiff.cpp:122 TIFF_Warning TIFFReadDirectory: Sum of Photometric type-related color channels and ExtraSamples doesn't match SamplesPerPixel. Defining non-color channels as ExtraSamples.
35.7s 1717 [ WARN:0@19.010] global grfmt_tiff.cpp:122 TIFF_Warning TIFFReadDirectory: Sum of Photometric type-related color channels and ExtraSamples doesn't match SamplesPerPixel. Defining non-color channels as ExtraSamples.
35.7s 1718 [ WARN:0@19.042] global grfmt_tiff.cpp:122 TIFF_Warning TIFFReadDirectory: Sum of Photometric type-related color channels and ExtraSamples doesn't match SamplesPerPixel. Defining non-color channels as ExtraSamples.
35.7s 1719 [ WARN:0@19.080] global grfmt_tiff.cpp:122 TIFF_Warning TIFFReadDirectory: Sum of Photometric type-related color channels and ExtraSamples doesn't match SamplesPerPixel. Defining non-color channels as ExtraSamples.
35.8s 1720 [ WARN:0@19.113] global grfmt_tiff.cpp:122 TIFF_Warning TIFFReadDirectory: Sum of Photometric type-related color channels and ExtraSamples doesn't match SamplesPerPixel. Defining non-color channels as ExtraSamples.
35.8s 1721 [ WARN:0@19.145] global grfmt_tiff.cpp:122 TIFF_Warning TIFFReadDirectory: Sum of Photometric type-related color channels and ExtraSamples doesn't match SamplesPerPixel. Defining non-color channels as ExtraSamples.
35.8s 1722 [ WARN:0@19.176] global grfmt_tiff.cpp:122 TIFF_Warning TIFFReadDirectory: Sum of Photometric type-related color channels and ExtraSamples doesn't match SamplesPerPixel. Defining non-color channels as ExtraSamples.
35.9s 1723 [ WARN:0@19.209] global grfmt_tiff.cpp:122 TIFF_Warning TIFFReadDirectory: Sum of Photometric type-related color channels and ExtraSamples doesn't match SamplesPerPixel. Defining non-color channels as ExtraSamples.
35.9s 1724 [ WARN:0@19.010] global grfmt_tiff.cpp:122 TIFF_Warning TIFFReadDirectory: Sum of Photometric type-related color channels and ExtraSamples doesn't match SamplesPerPixel. Defining non-color channels as ExtraSamples.
35.9s 1725 [ WARN:0@19.042] global grfmt_tiff.cpp:122 TIFF_Warning TIFFReadDirectory: Sum of Photometric type-related color channels and ExtraSamples doesn't match SamplesPerPixel. Defining non-color channels as ExtraSamples.
35.9s 1726 [ WARN:0@19.080] global grfmt_tiff.cpp:122 TIFF_Warning TIFFReadDirectory: Sum of Photometric type-related color channels and ExtraSamples doesn't match SamplesPerPixel. Defining non-color channels as ExtraSamples.
35.9s 1727 [ WARN:0@19.113] global grfmt_tiff.cpp:122 TIFF_Warning TIFFReadDirectory: Sum of Photometric type-related color channels and ExtraSamples doesn't match SamplesPerPixel. Defining non-color channels as ExtraSamples.
35.9s 1728 [ WARN:0@19.145] global grfmt_tiff.cpp:122 TIFF_Warning TIFFReadDirectory: Sum of Photometric type-related color channels and ExtraSamples doesn't match SamplesPerPixel. Defining non-color channels as ExtraSamples.
35.9s 1729 [ WARN:0@19.176] global grfmt_tiff.cpp:122 TIFF_Warning TIFFReadDirectory: Sum of Photometric type-related color channels and ExtraSamples doesn't match SamplesPerPixel. Defining non-color channels as ExtraSamples.
35.9s 1730 [ WARN:0@19.209] global grfmt_tiff.cpp:122 TIFF_Warning TIFFReadDirectory: Sum of Photometric type-related color channels and ExtraSamples doesn't match SamplesPerPixel. Defining non-color channels as ExtraSamples.
35.9s 1731 
35.9s 1732 [ WARN:0@19.010] global grfmt_tiff.cpp:122 TIFF_Warning TIFFReadDirectory: Sum of Photometric type-related color channels and ExtraSamples doesn't match SamplesPerPixel. Defining non-color channels as ExtraSamples.
35.9s 1733 [ WARN:0@19.042] global grfmt_tiff.cpp:122 TIFF_Warning TIFFReadDirectory: Sum of Photometric type-related color channels and ExtraSamples doesn't match SamplesPerPixel. Defining non-color channels as ExtraSamples.
35.9s 1734 [ WARN:0@19.080] global grfmt_tiff.cpp:122 TIFF_Warning TIFFReadDirectory: Sum of Photometric type-related color channels and ExtraSamples doesn't match SamplesPerPixel. Defining non-color channels as ExtraSamples.
35.9s 1735 [ WARN:0@19.113] global grfmt_tiff.cpp:122 TIFF_Warning TIFFReadDirectory: Sum of Photometric type-related color channels and ExtraSamples doesn't match SamplesPerPixel. Defining non-color channels as ExtraSamples.
35.9s 1736 [ WARN:0@19.145] global grfmt_tiff.cpp:122 TIFF_Warning TIFFReadDirectory: Sum of Photometric type-related color channels and ExtraSamples doesn't match SamplesPerPixel. Defining non-color channels as ExtraSamples.
35.9s 1737 [ WARN:0@19.176] global grfmt_tiff.cpp:122 TIFF_Warning TIFFReadDirectory: Sum of Photometric type-related color channels and ExtraSamples doesn't match SamplesPerPixel. Defining non-color channels as ExtraSamples.
35.9s 1738 [ WARN:0@19.209] global grfmt_tiff.cpp:122 TIFF_Warning TIFFReadDirectory: Sum of Photometric type-related color channels and ExtraSamples doesn't match SamplesPerPixel. Defining non-color channels as ExtraSamples.
35.9s 1739 [ WARN:0@19.243] global grfmt_tiff.cpp:122 TIFF_Warning TIFFReadDirectory: Sum of Photometric type-related color channels and ExtraSamples doesn't match SamplesPerPixel. Defining non-color channels as ExtraSamples.
35.9s 1740 [ WARN:0@19.275] global grfmt_tiff.cpp:122 TIFF_Warning TIFFReadDirectory: Sum of Photometric type-related color channels and ExtraSamples doesn't match SamplesPerPixel. Defining non-color channels as ExtraSamples.
36.0s 1741 [ WARN:0@19.310] global grfmt_tiff.cpp:122 TIFF_Warning TIFFReadDirectory: Sum of Photometric type-related color channels and ExtraSamples doesn't match SamplesPerPixel. Defining non-color channels as ExtraSamples.
36.0s 1742 [ WARN:0@19.343] global grfmt_tiff.cpp:122 TIFF_Warning TIFFReadDirectory: Sum of Photometric type-related color channels and ExtraSamples doesn't match SamplesPerPixel. Defining non-color channels as ExtraSamples.
36.0s 1743 [ WARN:0@19.375] global grfmt_tiff.cpp:122 TIFF_Warning TIFFReadDirectory: Sum of Photometric type-related color channels and ExtraSamples doesn't match SamplesPerPixel. Defining non-color channels as ExtraSamples.
36.1s 1744 [ WARN:0@19.408] global grfmt_tiff.cpp:122 TIFF_Warning TIFFReadDirectory: Sum of Photometric type-related color channels and ExtraSamples doesn't match SamplesPerPixel. Defining non-color channels as ExtraSamples.
36.1s 1745 [ WARN:0@19.442] global grfmt_tiff.cpp:122 TIFF_Warning TIFFReadDirectory: Sum of Photometric type-related color channels and ExtraSamples doesn't match SamplesPerPixel. Defining non-color channels as ExtraSamples.
36.1s 1746 [ WARN:0@19.243] global grfmt_tiff.cpp:122 TIFF_Warning TIFFReadDirectory: Sum of Photometric type-related color channels and ExtraSamples doesn't match SamplesPerPixel. Defining non-color channels as ExtraSamples.
36.1s 1747 [ WARN:0@19.275] global grfmt_tiff.cpp:122 TIFF_Warning TIFFReadDirectory: Sum of Photometric type-related color channels and ExtraSamples doesn't match SamplesPerPixel. Defining non-color channels as ExtraSamples.
36.1s 1748 [ WARN:0@19.310] global grfmt_tiff.cpp:122 TIFF_Warning TIFFReadDirectory: Sum of Photometric type-related color channels and ExtraSamples doesn't match SamplesPerPixel. Defining non-color channels as ExtraSamples.
36.1s 1749 [ WARN:0@19.343] global grfmt_tiff.cpp:122 TIFF_Warning TIFFReadDirectory: Sum of Photometric type-related color channels and ExtraSamples doesn't match SamplesPerPixel. Defining non-color channels as ExtraSamples.
36.1s 1750 [ WARN:0@19.375] global grfmt_tiff.cpp:122 TIFF_Warning TIFFReadDirectory: Sum of Photometric type-related color channels and ExtraSamples doesn't match SamplesPerPixel. Defining non-color channels as ExtraSamples.
36.1s 1751 [ WARN:0@19.408] global grfmt_tiff.cpp:122 TIFF_Warning TIFFReadDirectory: Sum of Photometric type-related color channels and ExtraSamples doesn't match SamplesPerPixel. Defining non-color channels as ExtraSamples.
36.1s 1752 [ WARN:0@19.442] global grfmt_tiff.cpp:122 TIFF_Warning TIFFReadDirectory: Sum of Photometric type-related color channels and ExtraSamples doesn't match SamplesPerPixel. Defining non-color channels as ExtraSamples.
36.1s 1753 
36.1s 1754 [ WARN:0@19.243] global grfmt_tiff.cpp:122 TIFF_Warning TIFFReadDirectory: Sum of Photometric type-related color channels and ExtraSamples doesn't match SamplesPerPixel. Defining non-color channels as ExtraSamples.
36.1s 1755 [ WARN:0@19.275] global grfmt_tiff.cpp:122 TIFF_Warning TIFFReadDirectory: Sum of Photometric type-related color channels and ExtraSamples doesn't match SamplesPerPixel. Defining non-color channels as ExtraSamples.
36.1s 1756 [ WARN:0@19.310] global grfmt_tiff.cpp:122 TIFF_Warning TIFFReadDirectory: Sum of Photometric type-related color channels and ExtraSamples doesn't match SamplesPerPixel. Defining non-color channels as ExtraSamples.
36.1s 1757 [ WARN:0@19.343] global grfmt_tiff.cpp:122 TIFF_Warning TIFFReadDirectory: Sum of Photometric type-related color channels and ExtraSamples doesn't match SamplesPerPixel. Defining non-color channels as ExtraSamples.
36.1s 1758 [ WARN:0@19.375] global grfmt_tiff.cpp:122 TIFF_Warning TIFFReadDirectory: Sum of Photometric type-related color channels and ExtraSamples doesn't match SamplesPerPixel. Defining non-color channels as ExtraSamples.
36.1s 1759 [ WARN:0@19.408] global grfmt_tiff.cpp:122 TIFF_Warning TIFFReadDirectory: Sum of Photometric type-related color channels and ExtraSamples doesn't match SamplesPerPixel. Defining non-color channels as ExtraSamples.
36.1s 1760 [ WARN:0@19.442] global grfmt_tiff.cpp:122 TIFF_Warning TIFFReadDirectory: Sum of Photometric type-related color channels and ExtraSamples doesn't match SamplesPerPixel. Defining non-color channels as ExtraSamples.
36.1s 1761 [ WARN:0@19.473] global grfmt_tiff.cpp:122 TIFF_Warning TIFFReadDirectory: Sum of Photometric type-related color channels and ExtraSamples doesn't match SamplesPerPixel. Defining non-color channels as ExtraSamples.
36.2s 1762 [ WARN:0@19.505] global grfmt_tiff.cpp:122 TIFF_Warning TIFFReadDirectory: Sum of Photometric type-related color channels and ExtraSamples doesn't match SamplesPerPixel. Defining non-color channels as ExtraSamples.
36.2s 1763 [ WARN:0@19.535] global grfmt_tiff.cpp:122 TIFF_Warning TIFFReadDirectory: Sum of Photometric type-related color channels and ExtraSamples doesn't match SamplesPerPixel. Defining non-color channels as ExtraSamples.
36.2s 1764 [ WARN:0@19.571] global grfmt_tiff.cpp:122 TIFF_Warning TIFFReadDirectory: Sum of Photometric type-related color channels and ExtraSamples doesn't match SamplesPerPixel. Defining non-color channels as ExtraSamples.
36.3s 1765 [ WARN:0@19.606] global grfmt_tiff.cpp:122 TIFF_Warning TIFFReadDirectory: Sum of Photometric type-related color channels and ExtraSamples doesn't match SamplesPerPixel. Defining non-color channels as ExtraSamples.
36.3s 1766 [ WARN:0@19.637] global grfmt_tiff.cpp:122 TIFF_Warning TIFFReadDirectory: Sum of Photometric type-related color channels and ExtraSamples doesn't match SamplesPerPixel. Defining non-color channels as ExtraSamples.
36.3s 1767 [ WARN:0@19.669] global grfmt_tiff.cpp:122 TIFF_Warning TIFFReadDirectory: Sum of Photometric type-related color channels and ExtraSamples doesn't match SamplesPerPixel. Defining non-color channels as ExtraSamples.
36.3s 1768 [ WARN:0@19.473] global grfmt_tiff.cpp:122 TIFF_Warning TIFFReadDirectory: Sum of Photometric type-related color channels and ExtraSamples doesn't match SamplesPerPixel. Defining non-color channels as ExtraSamples.
36.3s 1769 [ WARN:0@19.505] global grfmt_tiff.cpp:122 TIFF_Warning TIFFReadDirectory: Sum of Photometric type-related color channels and ExtraSamples doesn't match SamplesPerPixel. Defining non-color channels as ExtraSamples.
36.3s 1770 [ WARN:0@19.535] global grfmt_tiff.cpp:122 TIFF_Warning TIFFReadDirectory: Sum of Photometric type-related color channels and ExtraSamples doesn't match SamplesPerPixel. Defining non-color channels as ExtraSamples.
36.3s 1771 [ WARN:0@19.571] global grfmt_tiff.cpp:122 TIFF_Warning TIFFReadDirectory: Sum of Photometric type-related color channels and ExtraSamples doesn't match SamplesPerPixel. Defining non-color channels as ExtraSamples.
36.3s 1772 [ WARN:0@19.606] global grfmt_tiff.cpp:122 TIFF_Warning TIFFReadDirectory: Sum of Photometric type-related color channels and ExtraSamples doesn't match SamplesPerPixel. Defining non-color channels as ExtraSamples.
36.3s 1773 [ WARN:0@19.637] global grfmt_tiff.cpp:122 TIFF_Warning TIFFReadDirectory: Sum of Photometric type-related color channels and ExtraSamples doesn't match SamplesPerPixel. Defining non-color channels as ExtraSamples.
36.3s 1774 [ WARN:0@19.669] global grfmt_tiff.cpp:122 TIFF_Warning TIFFReadDirectory: Sum of Photometric type-related color channels and ExtraSamples doesn't match SamplesPerPixel. Defining non-color channels as ExtraSamples.
36.3s 1775 
36.3s 1776 [ WARN:0@19.473] global grfmt_tiff.cpp:122 TIFF_Warning TIFFReadDirectory: Sum of Photometric type-related color channels and ExtraSamples doesn't match SamplesPerPixel. Defining non-color channels as ExtraSamples.
36.3s 1777 [ WARN:0@19.505] global grfmt_tiff.cpp:122 TIFF_Warning TIFFReadDirectory: Sum of Photometric type-related color channels and ExtraSamples doesn't match SamplesPerPixel. Defining non-color channels as ExtraSamples.
36.3s 1778 [ WARN:0@19.535] global grfmt_tiff.cpp:122 TIFF_Warning TIFFReadDirectory: Sum of Photometric type-related color channels and ExtraSamples doesn't match SamplesPerPixel. Defining non-color channels as ExtraSamples.
36.3s 1779 [ WARN:0@19.571] global grfmt_tiff.cpp:122 TIFF_Warning TIFFReadDirectory: Sum of Photometric type-related color channels and ExtraSamples doesn't match SamplesPerPixel. Defining non-color channels as ExtraSamples.
36.3s 1780 [ WARN:0@19.606] global grfmt_tiff.cpp:122 TIFF_Warning TIFFReadDirectory: Sum of Photometric type-related color channels and ExtraSamples doesn't match SamplesPerPixel. Defining non-color channels as ExtraSamples.
36.3s 1781 [ WARN:0@19.637] global grfmt_tiff.cpp:122 TIFF_Warning TIFFReadDirectory: Sum of Photometric type-related color channels and ExtraSamples doesn't match SamplesPerPixel. Defining non-color channels as ExtraSamples.
36.3s 1782 [ WARN:0@19.669] global grfmt_tiff.cpp:122 TIFF_Warning TIFFReadDirectory: Sum of Photometric type-related color channels and ExtraSamples doesn't match SamplesPerPixel. Defining non-color channels as ExtraSamples.
36.4s 1783 [ WARN:0@19.702] global grfmt_tiff.cpp:122 TIFF_Warning TIFFReadDirectory: Sum of Photometric type-related color channels and ExtraSamples doesn't match SamplesPerPixel. Defining non-color channels as ExtraSamples.
36.4s 1784 [ WARN:0@19.739] global grfmt_tiff.cpp:122 TIFF_Warning TIFFReadDirectory: Sum of Photometric type-related color channels and ExtraSamples doesn't match SamplesPerPixel. Defining non-color channels as ExtraSamples.
36.4s 1785 [ WARN:0@19.772] global grfmt_tiff.cpp:122 TIFF_Warning TIFFReadDirectory: Sum of Photometric type-related color channels and ExtraSamples doesn't match SamplesPerPixel. Defining non-color channels as ExtraSamples.
36.5s 1786 [ WARN:0@19.802] global grfmt_tiff.cpp:122 TIFF_Warning TIFFReadDirectory: Sum of Photometric type-related color channels and ExtraSamples doesn't match SamplesPerPixel. Defining non-color channels as ExtraSamples.
36.5s 1787 [ WARN:0@19.836] global grfmt_tiff.cpp:122 TIFF_Warning TIFFReadDirectory: Sum of Photometric type-related color channels and ExtraSamples doesn't match SamplesPerPixel. Defining non-color channels as ExtraSamples.
36.5s 1788 [ WARN:0@19.867] global grfmt_tiff.cpp:122 TIFF_Warning TIFFReadDirectory: Sum of Photometric type-related color channels and ExtraSamples doesn't match SamplesPerPixel. Defining non-color channels as ExtraSamples.
36.6s 1789 [ WARN:0@19.903] global grfmt_tiff.cpp:122 TIFF_Warning TIFFReadDirectory: Sum of Photometric type-related color channels and ExtraSamples doesn't match SamplesPerPixel. Defining non-color channels as ExtraSamples.
36.6s 1790 [ WARN:0@19.702] global grfmt_tiff.cpp:122 TIFF_Warning TIFFReadDirectory: Sum of Photometric type-related color channels and ExtraSamples doesn't match SamplesPerPixel. Defining non-color channels as ExtraSamples.
36.6s 1791 [ WARN:0@19.739] global grfmt_tiff.cpp:122 TIFF_Warning TIFFReadDirectory: Sum of Photometric type-related color channels and ExtraSamples doesn't match SamplesPerPixel. Defining non-color channels as ExtraSamples.
36.6s 1792 [ WARN:0@19.772] global grfmt_tiff.cpp:122 TIFF_Warning TIFFReadDirectory: Sum of Photometric type-related color channels and ExtraSamples doesn't match SamplesPerPixel. Defining non-color channels as ExtraSamples.
36.6s 1793 [ WARN:0@19.802] global grfmt_tiff.cpp:122 TIFF_Warning TIFFReadDirectory: Sum of Photometric type-related color channels and ExtraSamples doesn't match SamplesPerPixel. Defining non-color channels as ExtraSamples.
36.6s 1794 [ WARN:0@19.836] global grfmt_tiff.cpp:122 TIFF_Warning TIFFReadDirectory: Sum of Photometric type-related color channels and ExtraSamples doesn't match SamplesPerPixel. Defining non-color channels as ExtraSamples.
36.6s 1795 [ WARN:0@19.867] global grfmt_tiff.cpp:122 TIFF_Warning TIFFReadDirectory: Sum of Photometric type-related color channels and ExtraSamples doesn't match SamplesPerPixel. Defining non-color channels as ExtraSamples.
36.6s 1796 
36.6s 1797 [ WARN:0@19.702] global grfmt_tiff.cpp:122 TIFF_Warning TIFFReadDirectory: Sum of Photometric type-related color channels and ExtraSamples doesn't match SamplesPerPixel. Defining non-color channels as ExtraSamples.
36.6s 1798 [ WARN:0@19.739] global grfmt_tiff.cpp:122 TIFF_Warning TIFFReadDirectory: Sum of Photometric type-related color channels and ExtraSamples doesn't match SamplesPerPixel. Defining non-color channels as ExtraSamples.
36.6s 1799 [ WARN:0@19.772] global grfmt_tiff.cpp:122 TIFF_Warning TIFFReadDirectory: Sum of Photometric type-related color channels and ExtraSamples doesn't match SamplesPerPixel. Defining non-color channels as ExtraSamples.
36.6s 1800 [ WARN:0@19.802] global grfmt_tiff.cpp:122 TIFF_Warning TIFFReadDirectory: Sum of Photometric type-related color channels and ExtraSamples doesn't match SamplesPerPixel. Defining non-color channels as ExtraSamples.
36.6s 1801 [ WARN:0@19.836] global grfmt_tiff.cpp:122 TIFF_Warning TIFFReadDirectory: Sum of Photometric type-related color channels and ExtraSamples doesn't match SamplesPerPixel. Defining non-color channels as ExtraSamples.
36.6s 1802 [ WARN:0@19.867] global grfmt_tiff.cpp:122 TIFF_Warning TIFFReadDirectory: Sum of Photometric type-related color channels and ExtraSamples doesn't match SamplesPerPixel. Defining non-color channels as ExtraSamples.
36.6s 1803 [ WARN:0@19.935] global grfmt_tiff.cpp:122 TIFF_Warning TIFFReadDirectory: Sum of Photometric type-related color channels and ExtraSamples doesn't match SamplesPerPixel. Defining non-color channels as ExtraSamples.
36.6s 1804 [ WARN:0@19.968] global grfmt_tiff.cpp:122 TIFF_Warning TIFFReadDirectory: Sum of Photometric type-related color channels and ExtraSamples doesn't match SamplesPerPixel. Defining non-color channels as ExtraSamples.
36.7s 1805 [ WARN:0@20.005] global grfmt_tiff.cpp:122 TIFF_Warning TIFFReadDirectory: Sum of Photometric type-related color channels and ExtraSamples doesn't match SamplesPerPixel. Defining non-color channels as ExtraSamples.
36.7s 1806 [ WARN:0@20.041] global grfmt_tiff.cpp:122 TIFF_Warning TIFFReadDirectory: Sum of Photometric type-related color channels and ExtraSamples doesn't match SamplesPerPixel. Defining non-color channels as ExtraSamples.
36.7s 1807 [ WARN:0@20.073] global grfmt_tiff.cpp:122 TIFF_Warning TIFFReadDirectory: Sum of Photometric type-related color channels and ExtraSamples doesn't match SamplesPerPixel. Defining non-color channels as ExtraSamples.
36.8s 1808 [ WARN:0@20.102] global grfmt_tiff.cpp:122 TIFF_Warning TIFFReadDirectory: Sum of Photometric type-related color channels and ExtraSamples doesn't match SamplesPerPixel. Defining non-color channels as ExtraSamples.
36.8s 1809 [ WARN:0@19.903] global grfmt_tiff.cpp:122 TIFF_Warning TIFFReadDirectory: Sum of Photometric type-related color channels and ExtraSamples doesn't match SamplesPerPixel. Defining non-color channels as ExtraSamples.
36.8s 1810 [ WARN:0@19.935] global grfmt_tiff.cpp:122 TIFF_Warning TIFFReadDirectory: Sum of Photometric type-related color channels and ExtraSamples doesn't match SamplesPerPixel. Defining non-color channels as ExtraSamples.
36.8s 1811 [ WARN:0@19.968] global grfmt_tiff.cpp:122 TIFF_Warning TIFFReadDirectory: Sum of Photometric type-related color channels and ExtraSamples doesn't match SamplesPerPixel. Defining non-color channels as ExtraSamples.
36.8s 1812 [ WARN:0@20.005] global grfmt_tiff.cpp:122 TIFF_Warning TIFFReadDirectory: Sum of Photometric type-related color channels and ExtraSamples doesn't match SamplesPerPixel. Defining non-color channels as ExtraSamples.
36.8s 1813 [ WARN:0@20.041] global grfmt_tiff.cpp:122 TIFF_Warning TIFFReadDirectory: Sum of Photometric type-related color channels and ExtraSamples doesn't match SamplesPerPixel. Defining non-color channels as ExtraSamples.
36.8s 1814 [ WARN:0@20.073] global grfmt_tiff.cpp:122 TIFF_Warning TIFFReadDirectory: Sum of Photometric type-related color channels and ExtraSamples doesn't match SamplesPerPixel. Defining non-color channels as ExtraSamples.
36.8s 1815 [ WARN:0@20.102] global grfmt_tiff.cpp:122 TIFF_Warning TIFFReadDirectory: Sum of Photometric type-related color channels and ExtraSamples doesn't match SamplesPerPixel. Defining non-color channels as ExtraSamples.
36.8s 1816 
36.8s 1817 [ WARN:0@19.903] global grfmt_tiff.cpp:122 TIFF_Warning TIFFReadDirectory: Sum of Photometric type-related color channels and ExtraSamples doesn't match SamplesPerPixel. Defining non-color channels as ExtraSamples.
36.8s 1818 [ WARN:0@19.935] global grfmt_tiff.cpp:122 TIFF_Warning TIFFReadDirectory: Sum of Photometric type-related color channels and ExtraSamples doesn't match SamplesPerPixel. Defining non-color channels as ExtraSamples.
36.8s 1819 [ WARN:0@19.968] global grfmt_tiff.cpp:122 TIFF_Warning TIFFReadDirectory: Sum of Photometric type-related color channels and ExtraSamples doesn't match SamplesPerPixel. Defining non-color channels as ExtraSamples.
36.8s 1820 [ WARN:0@20.005] global grfmt_tiff.cpp:122 TIFF_Warning TIFFReadDirectory: Sum of Photometric type-related color channels and ExtraSamples doesn't match SamplesPerPixel. Defining non-color channels as ExtraSamples.
36.8s 1821 [ WARN:0@20.041] global grfmt_tiff.cpp:122 TIFF_Warning TIFFReadDirectory: Sum of Photometric type-related color channels and ExtraSamples doesn't match SamplesPerPixel. Defining non-color channels as ExtraSamples.
36.8s 1822 [ WARN:0@20.073] global grfmt_tiff.cpp:122 TIFF_Warning TIFFReadDirectory: Sum of Photometric type-related color channels and ExtraSamples doesn't match SamplesPerPixel. Defining non-color channels as ExtraSamples.
36.8s 1823 [ WARN:0@20.102] global grfmt_tiff.cpp:122 TIFF_Warning TIFFReadDirectory: Sum of Photometric type-related color channels and ExtraSamples doesn't match SamplesPerPixel. Defining non-color channels as ExtraSamples.
36.8s 1824 [ WARN:0@20.132] global grfmt_tiff.cpp:122 TIFF_Warning TIFFReadDirectory: Sum of Photometric type-related color channels and ExtraSamples doesn't match SamplesPerPixel. Defining non-color channels as ExtraSamples.
36.8s 1825 [ WARN:0@20.165] global grfmt_tiff.cpp:122 TIFF_Warning TIFFReadDirectory: Sum of Photometric type-related color channels and ExtraSamples doesn't match SamplesPerPixel. Defining non-color channels as ExtraSamples.
36.8s 1826 [ WARN:0@20.195] global grfmt_tiff.cpp:122 TIFF_Warning TIFFReadDirectory: Sum of Photometric type-related color channels and ExtraSamples doesn't match SamplesPerPixel. Defining non-color channels as ExtraSamples.
36.9s 1827 [ WARN:0@20.226] global grfmt_tiff.cpp:122 TIFF_Warning TIFFReadDirectory: Sum of Photometric type-related color channels and ExtraSamples doesn't match SamplesPerPixel. Defining non-color channels as ExtraSamples.
36.9s 1828 [ WARN:0@20.259] global grfmt_tiff.cpp:122 TIFF_Warning TIFFReadDirectory: Sum of Photometric type-related color channels and ExtraSamples doesn't match SamplesPerPixel. Defining non-color channels as ExtraSamples.
36.9s 1829 [ WARN:0@20.291] global grfmt_tiff.cpp:122 TIFF_Warning TIFFReadDirectory: Sum of Photometric type-related color channels and ExtraSamples doesn't match SamplesPerPixel. Defining non-color channels as ExtraSamples.
37.0s 1830 [ WARN:0@20.325] global grfmt_tiff.cpp:122 TIFF_Warning TIFFReadDirectory: Sum of Photometric type-related color channels and ExtraSamples doesn't match SamplesPerPixel. Defining non-color channels as ExtraSamples.
37.0s 1831 [ WARN:0@20.132] global grfmt_tiff.cpp:122 TIFF_Warning TIFFReadDirectory: Sum of Photometric type-related color channels and ExtraSamples doesn't match SamplesPerPixel. Defining non-color channels as ExtraSamples.
37.0s 1832 [ WARN:0@20.165] global grfmt_tiff.cpp:122 TIFF_Warning TIFFReadDirectory: Sum of Photometric type-related color channels and ExtraSamples doesn't match SamplesPerPixel. Defining non-color channels as ExtraSamples.
37.0s 1833 [ WARN:0@20.195] global grfmt_tiff.cpp:122 TIFF_Warning TIFFReadDirectory: Sum of Photometric type-related color channels and ExtraSamples doesn't match SamplesPerPixel. Defining non-color channels as ExtraSamples.
37.0s 1834 [ WARN:0@20.226] global grfmt_tiff.cpp:122 TIFF_Warning TIFFReadDirectory: Sum of Photometric type-related color channels and ExtraSamples doesn't match SamplesPerPixel. Defining non-color channels as ExtraSamples.
37.0s 1835 [ WARN:0@20.259] global grfmt_tiff.cpp:122 TIFF_Warning TIFFReadDirectory: Sum of Photometric type-related color channels and ExtraSamples doesn't match SamplesPerPixel. Defining non-color channels as ExtraSamples.
37.0s 1836 [ WARN:0@20.291] global grfmt_tiff.cpp:122 TIFF_Warning TIFFReadDirectory: Sum of Photometric type-related color channels and ExtraSamples doesn't match SamplesPerPixel. Defining non-color channels as ExtraSamples.
37.0s 1837 [ WARN:0@20.325] global grfmt_tiff.cpp:122 TIFF_Warning TIFFReadDirectory: Sum of Photometric type-related color channels and ExtraSamples doesn't match SamplesPerPixel. Defining non-color channels as ExtraSamples.
37.0s 1838 
37.0s 1839 [ WARN:0@20.132] global grfmt_tiff.cpp:122 TIFF_Warning TIFFReadDirectory: Sum of Photometric type-related color channels and ExtraSamples doesn't match SamplesPerPixel. Defining non-color channels as ExtraSamples.
37.0s 1840 [ WARN:0@20.165] global grfmt_tiff.cpp:122 TIFF_Warning TIFFReadDirectory: Sum of Photometric type-related color channels and ExtraSamples doesn't match SamplesPerPixel. Defining non-color channels as ExtraSamples.
37.0s 1841 [ WARN:0@20.195] global grfmt_tiff.cpp:122 TIFF_Warning TIFFReadDirectory: Sum of Photometric type-related color channels and ExtraSamples doesn't match SamplesPerPixel. Defining non-color channels as ExtraSamples.
37.0s 1842 [ WARN:0@20.226] global grfmt_tiff.cpp:122 TIFF_Warning TIFFReadDirectory: Sum of Photometric type-related color channels and ExtraSamples doesn't match SamplesPerPixel. Defining non-color channels as ExtraSamples.
37.0s 1843 [ WARN:0@20.259] global grfmt_tiff.cpp:122 TIFF_Warning TIFFReadDirectory: Sum of Photometric type-related color channels and ExtraSamples doesn't match SamplesPerPixel. Defining non-color channels as ExtraSamples.
37.0s 1844 [ WARN:0@20.291] global grfmt_tiff.cpp:122 TIFF_Warning TIFFReadDirectory: Sum of Photometric type-related color channels and ExtraSamples doesn't match SamplesPerPixel. Defining non-color channels as ExtraSamples.
37.0s 1845 [ WARN:0@20.325] global grfmt_tiff.cpp:122 TIFF_Warning TIFFReadDirectory: Sum of Photometric type-related color channels and ExtraSamples doesn't match SamplesPerPixel. Defining non-color channels as ExtraSamples.
37.0s 1846 [ WARN:0@20.355] global grfmt_tiff.cpp:122 TIFF_Warning TIFFReadDirectory: Sum of Photometric type-related color channels and ExtraSamples doesn't match SamplesPerPixel. Defining non-color channels as ExtraSamples.
37.0s 1847 [ WARN:0@20.392] global grfmt_tiff.cpp:122 TIFF_Warning TIFFReadDirectory: Sum of Photometric type-related color channels and ExtraSamples doesn't match SamplesPerPixel. Defining non-color channels as ExtraSamples.
37.1s 1848 [ WARN:0@20.426] global grfmt_tiff.cpp:122 TIFF_Warning TIFFReadDirectory: Sum of Photometric type-related color channels and ExtraSamples doesn't match SamplesPerPixel. Defining non-color channels as ExtraSamples.
37.1s 1849 [ WARN:0@20.472] global grfmt_tiff.cpp:122 TIFF_Warning TIFFReadDirectory: Sum of Photometric type-related color channels and ExtraSamples doesn't match SamplesPerPixel. Defining non-color channels as ExtraSamples.
37.2s 1850 [ WARN:0@20.540] global grfmt_tiff.cpp:122 TIFF_Warning TIFFReadDirectory: Sum of Photometric type-related color channels and ExtraSamples doesn't match SamplesPerPixel. Defining non-color channels as ExtraSamples.
37.2s 1851 [ WARN:0@20.355] global grfmt_tiff.cpp:122 TIFF_Warning TIFFReadDirectory: Sum of Photometric type-related color channels and ExtraSamples doesn't match SamplesPerPixel. Defining non-color channels as ExtraSamples.
37.2s 1852 [ WARN:0@20.392] global grfmt_tiff.cpp:122 TIFF_Warning TIFFReadDirectory: Sum of Photometric type-related color channels and ExtraSamples doesn't match SamplesPerPixel. Defining non-color channels as ExtraSamples.
37.2s 1853 [ WARN:0@20.426] global grfmt_tiff.cpp:122 TIFF_Warning TIFFReadDirectory: Sum of Photometric type-related color channels and ExtraSamples doesn't match SamplesPerPixel. Defining non-color channels as ExtraSamples.
37.2s 1854 [ WARN:0@20.472] global grfmt_tiff.cpp:122 TIFF_Warning TIFFReadDirectory: Sum of Photometric type-related color channels and ExtraSamples doesn't match SamplesPerPixel. Defining non-color channels as ExtraSamples.
37.2s 1855 [ WARN:0@20.540] global grfmt_tiff.cpp:122 TIFF_Warning TIFFReadDirectory: Sum of Photometric type-related color channels and ExtraSamples doesn't match SamplesPerPixel. Defining non-color channels as ExtraSamples.
37.2s 1856 
37.2s 1857 [ WARN:0@20.355] global grfmt_tiff.cpp:122 TIFF_Warning TIFFReadDirectory: Sum of Photometric type-related color channels and ExtraSamples doesn't match SamplesPerPixel. Defining non-color channels as ExtraSamples.
37.2s 1858 [ WARN:0@20.392] global grfmt_tiff.cpp:122 TIFF_Warning TIFFReadDirectory: Sum of Photometric type-related color channels and ExtraSamples doesn't match SamplesPerPixel. Defining non-color channels as ExtraSamples.
37.2s 1859 [ WARN:0@20.426] global grfmt_tiff.cpp:122 TIFF_Warning TIFFReadDirectory: Sum of Photometric type-related color channels and ExtraSamples doesn't match SamplesPerPixel. Defining non-color channels as ExtraSamples.
37.2s 1860 [ WARN:0@20.472] global grfmt_tiff.cpp:122 TIFF_Warning TIFFReadDirectory: Sum of Photometric type-related color channels and ExtraSamples doesn't match SamplesPerPixel. Defining non-color channels as ExtraSamples.
37.2s 1861 [ WARN:0@20.540] global grfmt_tiff.cpp:122 TIFF_Warning TIFFReadDirectory: Sum of Photometric type-related color channels and ExtraSamples doesn't match SamplesPerPixel. Defining non-color channels as ExtraSamples.
37.2s 1862 [ WARN:0@20.591] global grfmt_tiff.cpp:122 TIFF_Warning TIFFReadDirectory: Sum of Photometric type-related color channels and ExtraSamples doesn't match SamplesPerPixel. Defining non-color channels as ExtraSamples.
37.3s 1863 [ WARN:0@20.655] global grfmt_tiff.cpp:122 TIFF_Warning TIFFReadDirectory: Sum of Photometric type-related color channels and ExtraSamples doesn't match SamplesPerPixel. Defining non-color channels as ExtraSamples.
37.4s 1864 [ WARN:0@20.591] global grfmt_tiff.cpp:122 TIFF_Warning TIFFReadDirectory: Sum of Photometric type-related color channels and ExtraSamples doesn't match SamplesPerPixel. Defining non-color channels as ExtraSamples.
37.4s 1865 [ WARN:0@20.655] global grfmt_tiff.cpp:122 TIFF_Warning TIFFReadDirectory: Sum of Photometric type-related color channels and ExtraSamples doesn't match SamplesPerPixel. Defining non-color channels as ExtraSamples.
37.4s 1866 
37.4s 1867 [ WARN:0@20.591] global grfmt_tiff.cpp:122 TIFF_Warning TIFFReadDirectory: Sum of Photometric type-related color channels and ExtraSamples doesn't match SamplesPerPixel. Defining non-color channels as ExtraSamples.
37.4s 1868 [ WARN:0@20.655] global grfmt_tiff.cpp:122 TIFF_Warning TIFFReadDirectory: Sum of Photometric type-related color channels and ExtraSamples doesn't match SamplesPerPixel. Defining non-color channels as ExtraSamples.
37.5s 1869 [ WARN:0@20.797] global grfmt_tiff.cpp:122 TIFF_Warning TIFFReadDirectory: Sum of Photometric type-related color channels and ExtraSamples doesn't match SamplesPerPixel. Defining non-color channels as ExtraSamples.
37.5s 1870 [ WARN:0@20.842] global grfmt_tiff.cpp:122 TIFF_Warning TIFFReadDirectory: Sum of Photometric type-related color channels and ExtraSamples doesn't match SamplesPerPixel. Defining non-color channels as ExtraSamples.
37.5s 1871 [ WARN:0@20.875] global grfmt_tiff.cpp:122 TIFF_Warning TIFFReadDirectory: Sum of Photometric type-related color channels and ExtraSamples doesn't match SamplesPerPixel. Defining non-color channels as ExtraSamples.
37.6s 1872 [ WARN:0@20.911] global grfmt_tiff.cpp:122 TIFF_Warning TIFFReadDirectory: Sum of Photometric type-related color channels and ExtraSamples doesn't match SamplesPerPixel. Defining non-color channels as ExtraSamples.
37.6s 1873 [ WARN:0@20.942] global grfmt_tiff.cpp:122 TIFF_Warning TIFFReadDirectory: Sum of Photometric type-related color channels and ExtraSamples doesn't match SamplesPerPixel. Defining non-color channels as ExtraSamples.
37.6s 1874 [ WARN:0@20.973] global grfmt_tiff.cpp:122 TIFF_Warning TIFFReadDirectory: Sum of Photometric type-related color channels and ExtraSamples doesn't match SamplesPerPixel. Defining non-color channels as ExtraSamples.
37.7s 1875 [ WARN:0@20.797] global grfmt_tiff.cpp:122 TIFF_Warning TIFFReadDirectory: Sum of Photometric type-related color channels and ExtraSamples doesn't match SamplesPerPixel. Defining non-color channels as ExtraSamples.
37.7s 1876 [ WARN:0@20.842] global grfmt_tiff.cpp:122 TIFF_Warning TIFFReadDirectory: Sum of Photometric type-related color channels and ExtraSamples doesn't match SamplesPerPixel. Defining non-color channels as ExtraSamples.
37.7s 1877 [ WARN:0@20.875] global grfmt_tiff.cpp:122 TIFF_Warning TIFFReadDirectory: Sum of Photometric type-related color channels and ExtraSamples doesn't match SamplesPerPixel. Defining non-color channels as ExtraSamples.
37.7s 1878 [ WARN:0@20.911] global grfmt_tiff.cpp:122 TIFF_Warning TIFFReadDirectory: Sum of Photometric type-related color channels and ExtraSamples doesn't match SamplesPerPixel. Defining non-color channels as ExtraSamples.
37.7s 1879 [ WARN:0@20.942] global grfmt_tiff.cpp:122 TIFF_Warning TIFFReadDirectory: Sum of Photometric type-related color channels and ExtraSamples doesn't match SamplesPerPixel. Defining non-color channels as ExtraSamples.
37.7s 1880 [ WARN:0@20.973] global grfmt_tiff.cpp:122 TIFF_Warning TIFFReadDirectory: Sum of Photometric type-related color channels and ExtraSamples doesn't match SamplesPerPixel. Defining non-color channels as ExtraSamples.
37.7s 1881 
37.7s 1882 [ WARN:0@20.797] global grfmt_tiff.cpp:122 TIFF_Warning TIFFReadDirectory: Sum of Photometric type-related color channels and ExtraSamples doesn't match SamplesPerPixel. Defining non-color channels as ExtraSamples.
37.7s 1883 [ WARN:0@20.842] global grfmt_tiff.cpp:122 TIFF_Warning TIFFReadDirectory: Sum of Photometric type-related color channels and ExtraSamples doesn't match SamplesPerPixel. Defining non-color channels as ExtraSamples.
37.7s 1884 [ WARN:0@20.875] global grfmt_tiff.cpp:122 TIFF_Warning TIFFReadDirectory: Sum of Photometric type-related color channels and ExtraSamples doesn't match SamplesPerPixel. Defining non-color channels as ExtraSamples.
37.7s 1885 [ WARN:0@20.911] global grfmt_tiff.cpp:122 TIFF_Warning TIFFReadDirectory: Sum of Photometric type-related color channels and ExtraSamples doesn't match SamplesPerPixel. Defining non-color channels as ExtraSamples.
37.7s 1886 [ WARN:0@20.942] global grfmt_tiff.cpp:122 TIFF_Warning TIFFReadDirectory: Sum of Photometric type-related color channels and ExtraSamples doesn't match SamplesPerPixel. Defining non-color channels as ExtraSamples.
37.7s 1887 [ WARN:0@20.973] global grfmt_tiff.cpp:122 TIFF_Warning TIFFReadDirectory: Sum of Photometric type-related color channels and ExtraSamples doesn't match SamplesPerPixel. Defining non-color channels as ExtraSamples.
37.7s 1888 [ WARN:0@21.004] global grfmt_tiff.cpp:122 TIFF_Warning TIFFReadDirectory: Sum of Photometric type-related color channels and ExtraSamples doesn't match SamplesPerPixel. Defining non-color channels as ExtraSamples.
37.7s 1889 [ WARN:0@21.048] global grfmt_tiff.cpp:122 TIFF_Warning TIFFReadDirectory: Sum of Photometric type-related color channels and ExtraSamples doesn't match SamplesPerPixel. Defining non-color channels as ExtraSamples.
37.7s 1890 [ WARN:0@21.081] global grfmt_tiff.cpp:122 TIFF_Warning TIFFReadDirectory: Sum of Photometric type-related color channels and ExtraSamples doesn't match SamplesPerPixel. Defining non-color channels as ExtraSamples.
37.8s 1891 [ WARN:0@21.116] global grfmt_tiff.cpp:122 TIFF_Warning TIFFReadDirectory: Sum of Photometric type-related color channels and ExtraSamples doesn't match SamplesPerPixel. Defining non-color channels as ExtraSamples.
37.8s 1892 [ WARN:0@21.149] global grfmt_tiff.cpp:122 TIFF_Warning TIFFReadDirectory: Sum of Photometric type-related color channels and ExtraSamples doesn't match SamplesPerPixel. Defining non-color channels as ExtraSamples.
37.8s 1893 [ WARN:0@21.181] global grfmt_tiff.cpp:122 TIFF_Warning TIFFReadDirectory: Sum of Photometric type-related color channels and ExtraSamples doesn't match SamplesPerPixel. Defining non-color channels as ExtraSamples.
37.9s 1894 [ WARN:0@21.004] global grfmt_tiff.cpp:122 TIFF_Warning TIFFReadDirectory: Sum of Photometric type-related color channels and ExtraSamples doesn't match SamplesPerPixel. Defining non-color channels as ExtraSamples.
37.9s 1895 [ WARN:0@21.048] global grfmt_tiff.cpp:122 TIFF_Warning TIFFReadDirectory: Sum of Photometric type-related color channels and ExtraSamples doesn't match SamplesPerPixel. Defining non-color channels as ExtraSamples.
37.9s 1896 [ WARN:0@21.081] global grfmt_tiff.cpp:122 TIFF_Warning TIFFReadDirectory: Sum of Photometric type-related color channels and ExtraSamples doesn't match SamplesPerPixel. Defining non-color channels as ExtraSamples.
37.9s 1897 [ WARN:0@21.116] global grfmt_tiff.cpp:122 TIFF_Warning TIFFReadDirectory: Sum of Photometric type-related color channels and ExtraSamples doesn't match SamplesPerPixel. Defining non-color channels as ExtraSamples.
37.9s 1898 [ WARN:0@21.149] global grfmt_tiff.cpp:122 TIFF_Warning TIFFReadDirectory: Sum of Photometric type-related color channels and ExtraSamples doesn't match SamplesPerPixel. Defining non-color channels as ExtraSamples.
37.9s 1899 [ WARN:0@21.181] global grfmt_tiff.cpp:122 TIFF_Warning TIFFReadDirectory: Sum of Photometric type-related color channels and ExtraSamples doesn't match SamplesPerPixel. Defining non-color channels as ExtraSamples.
37.9s 1900 
37.9s 1901 [ WARN:0@21.004] global grfmt_tiff.cpp:122 TIFF_Warning TIFFReadDirectory: Sum of Photometric type-related color channels and ExtraSamples doesn't match SamplesPerPixel. Defining non-color channels as ExtraSamples.
37.9s 1902 [ WARN:0@21.048] global grfmt_tiff.cpp:122 TIFF_Warning TIFFReadDirectory: Sum of Photometric type-related color channels and ExtraSamples doesn't match SamplesPerPixel. Defining non-color channels as ExtraSamples.
37.9s 1903 [ WARN:0@21.081] global grfmt_tiff.cpp:122 TIFF_Warning TIFFReadDirectory: Sum of Photometric type-related color channels and ExtraSamples doesn't match SamplesPerPixel. Defining non-color channels as ExtraSamples.
37.9s 1904 [ WARN:0@21.116] global grfmt_tiff.cpp:122 TIFF_Warning TIFFReadDirectory: Sum of Photometric type-related color channels and ExtraSamples doesn't match SamplesPerPixel. Defining non-color channels as ExtraSamples.
37.9s 1905 [ WARN:0@21.149] global grfmt_tiff.cpp:122 TIFF_Warning TIFFReadDirectory: Sum of Photometric type-related color channels and ExtraSamples doesn't match SamplesPerPixel. Defining non-color channels as ExtraSamples.
37.9s 1906 [ WARN:0@21.181] global grfmt_tiff.cpp:122 TIFF_Warning TIFFReadDirectory: Sum of Photometric type-related color channels and ExtraSamples doesn't match SamplesPerPixel. Defining non-color channels as ExtraSamples.
37.9s 1907 [ WARN:0@21.214] global grfmt_tiff.cpp:122 TIFF_Warning TIFFReadDirectory: Sum of Photometric type-related color channels and ExtraSamples doesn't match SamplesPerPixel. Defining non-color channels as ExtraSamples.
37.9s 1908 [ WARN:0@21.246] global grfmt_tiff.cpp:122 TIFF_Warning TIFFReadDirectory: Sum of Photometric type-related color channels and ExtraSamples doesn't match SamplesPerPixel. Defining non-color channels as ExtraSamples.
37.9s 1909 [ WARN:0@21.279] global grfmt_tiff.cpp:122 TIFF_Warning TIFFReadDirectory: Sum of Photometric type-related color channels and ExtraSamples doesn't match SamplesPerPixel. Defining non-color channels as ExtraSamples.
38.0s 1910 [ WARN:0@21.312] global grfmt_tiff.cpp:122 TIFF_Warning TIFFReadDirectory: Sum of Photometric type-related color channels and ExtraSamples doesn't match SamplesPerPixel. Defining non-color channels as ExtraSamples.
38.0s 1911 [ WARN:0@21.343] global grfmt_tiff.cpp:122 TIFF_Warning TIFFReadDirectory: Sum of Photometric type-related color channels and ExtraSamples doesn't match SamplesPerPixel. Defining non-color channels as ExtraSamples.
38.0s 1912 [ WARN:0@21.376] global grfmt_tiff.cpp:122 TIFF_Warning TIFFReadDirectory: Sum of Photometric type-related color channels and ExtraSamples doesn't match SamplesPerPixel. Defining non-color channels as ExtraSamples.
38.1s 1913 [ WARN:0@21.412] global grfmt_tiff.cpp:122 TIFF_Warning TIFFReadDirectory: Sum of Photometric type-related color channels and ExtraSamples doesn't match SamplesPerPixel. Defining non-color channels as ExtraSamples.
38.1s 1914 [ WARN:0@21.214] global grfmt_tiff.cpp:122 TIFF_Warning TIFFReadDirectory: Sum of Photometric type-related color channels and ExtraSamples doesn't match SamplesPerPixel. Defining non-color channels as ExtraSamples.
38.1s 1915 [ WARN:0@21.246] global grfmt_tiff.cpp:122 TIFF_Warning TIFFReadDirectory: Sum of Photometric type-related color channels and ExtraSamples doesn't match SamplesPerPixel. Defining non-color channels as ExtraSamples.
38.1s 1916 [ WARN:0@21.279] global grfmt_tiff.cpp:122 TIFF_Warning TIFFReadDirectory: Sum of Photometric type-related color channels and ExtraSamples doesn't match SamplesPerPixel. Defining non-color channels as ExtraSamples.
38.1s 1917 [ WARN:0@21.312] global grfmt_tiff.cpp:122 TIFF_Warning TIFFReadDirectory: Sum of Photometric type-related color channels and ExtraSamples doesn't match SamplesPerPixel. Defining non-color channels as ExtraSamples.
38.1s 1918 [ WARN:0@21.343] global grfmt_tiff.cpp:122 TIFF_Warning TIFFReadDirectory: Sum of Photometric type-related color channels and ExtraSamples doesn't match SamplesPerPixel. Defining non-color channels as ExtraSamples.
38.1s 1919 [ WARN:0@21.376] global grfmt_tiff.cpp:122 TIFF_Warning TIFFReadDirectory: Sum of Photometric type-related color channels and ExtraSamples doesn't match SamplesPerPixel. Defining non-color channels as ExtraSamples.
38.1s 1920 [ WARN:0@21.412] global grfmt_tiff.cpp:122 TIFF_Warning TIFFReadDirectory: Sum of Photometric type-related color channels and ExtraSamples doesn't match SamplesPerPixel. Defining non-color channels as ExtraSamples.
38.1s 1921 
38.1s 1922 [ WARN:0@21.214] global grfmt_tiff.cpp:122 TIFF_Warning TIFFReadDirectory: Sum of Photometric type-related color channels and ExtraSamples doesn't match SamplesPerPixel. Defining non-color channels as ExtraSamples.
38.1s 1923 [ WARN:0@21.246] global grfmt_tiff.cpp:122 TIFF_Warning TIFFReadDirectory: Sum of Photometric type-related color channels and ExtraSamples doesn't match SamplesPerPixel. Defining non-color channels as ExtraSamples.
38.1s 1924 [ WARN:0@21.279] global grfmt_tiff.cpp:122 TIFF_Warning TIFFReadDirectory: Sum of Photometric type-related color channels and ExtraSamples doesn't match SamplesPerPixel. Defining non-color channels as ExtraSamples.
38.1s 1925 [ WARN:0@21.312] global grfmt_tiff.cpp:122 TIFF_Warning TIFFReadDirectory: Sum of Photometric type-related color channels and ExtraSamples doesn't match SamplesPerPixel. Defining non-color channels as ExtraSamples.
38.1s 1926 [ WARN:0@21.343] global grfmt_tiff.cpp:122 TIFF_Warning TIFFReadDirectory: Sum of Photometric type-related color channels and ExtraSamples doesn't match SamplesPerPixel. Defining non-color channels as ExtraSamples.
38.1s 1927 [ WARN:0@21.376] global grfmt_tiff.cpp:122 TIFF_Warning TIFFReadDirectory: Sum of Photometric type-related color channels and ExtraSamples doesn't match SamplesPerPixel. Defining non-color channels as ExtraSamples.
38.1s 1928 [ WARN:0@21.412] global grfmt_tiff.cpp:122 TIFF_Warning TIFFReadDirectory: Sum of Photometric type-related color channels and ExtraSamples doesn't match SamplesPerPixel. Defining non-color channels as ExtraSamples.
38.1s 1929 [ WARN:0@21.447] global grfmt_tiff.cpp:122 TIFF_Warning TIFFReadDirectory: Sum of Photometric type-related color channels and ExtraSamples doesn't match SamplesPerPixel. Defining non-color channels as ExtraSamples.
38.1s 1930 [ WARN:0@21.487] global grfmt_tiff.cpp:122 TIFF_Warning TIFFReadDirectory: Sum of Photometric type-related color channels and ExtraSamples doesn't match SamplesPerPixel. Defining non-color channels as ExtraSamples.
38.2s 1931 [ WARN:0@21.520] global grfmt_tiff.cpp:122 TIFF_Warning TIFFReadDirectory: Sum of Photometric type-related color channels and ExtraSamples doesn't match SamplesPerPixel. Defining non-color channels as ExtraSamples.
38.2s 1932 [ WARN:0@21.556] global grfmt_tiff.cpp:122 TIFF_Warning TIFFReadDirectory: Sum of Photometric type-related color channels and ExtraSamples doesn't match SamplesPerPixel. Defining non-color channels as ExtraSamples.
38.2s 1933 [ WARN:0@21.587] global grfmt_tiff.cpp:122 TIFF_Warning TIFFReadDirectory: Sum of Photometric type-related color channels and ExtraSamples doesn't match SamplesPerPixel. Defining non-color channels as ExtraSamples.
38.3s 1934 [ WARN:0@21.628] global grfmt_tiff.cpp:122 TIFF_Warning TIFFReadDirectory: Sum of Photometric type-related color channels and ExtraSamples doesn't match SamplesPerPixel. Defining non-color channels as ExtraSamples.
38.3s 1935 [ WARN:0@21.447] global grfmt_tiff.cpp:122 TIFF_Warning TIFFReadDirectory: Sum of Photometric type-related color channels and ExtraSamples doesn't match SamplesPerPixel. Defining non-color channels as ExtraSamples.
38.3s 1936 [ WARN:0@21.487] global grfmt_tiff.cpp:122 TIFF_Warning TIFFReadDirectory: Sum of Photometric type-related color channels and ExtraSamples doesn't match SamplesPerPixel. Defining non-color channels as ExtraSamples.
38.3s 1937 [ WARN:0@21.520] global grfmt_tiff.cpp:122 TIFF_Warning TIFFReadDirectory: Sum of Photometric type-related color channels and ExtraSamples doesn't match SamplesPerPixel. Defining non-color channels as ExtraSamples.
38.3s 1938 [ WARN:0@21.556] global grfmt_tiff.cpp:122 TIFF_Warning TIFFReadDirectory: Sum of Photometric type-related color channels and ExtraSamples doesn't match SamplesPerPixel. Defining non-color channels as ExtraSamples.
38.3s 1939 [ WARN:0@21.587] global grfmt_tiff.cpp:122 TIFF_Warning TIFFReadDirectory: Sum of Photometric type-related color channels and ExtraSamples doesn't match SamplesPerPixel. Defining non-color channels as ExtraSamples.
38.3s 1940 [ WARN:0@21.628] global grfmt_tiff.cpp:122 TIFF_Warning TIFFReadDirectory: Sum of Photometric type-related color channels and ExtraSamples doesn't match SamplesPerPixel. Defining non-color channels as ExtraSamples.
38.3s 1941 
38.3s 1942 [ WARN:0@21.447] global grfmt_tiff.cpp:122 TIFF_Warning TIFFReadDirectory: Sum of Photometric type-related color channels and ExtraSamples doesn't match SamplesPerPixel. Defining non-color channels as ExtraSamples.
38.3s 1943 [ WARN:0@21.487] global grfmt_tiff.cpp:122 TIFF_Warning TIFFReadDirectory: Sum of Photometric type-related color channels and ExtraSamples doesn't match SamplesPerPixel. Defining non-color channels as ExtraSamples.
38.3s 1944 [ WARN:0@21.520] global grfmt_tiff.cpp:122 TIFF_Warning TIFFReadDirectory: Sum of Photometric type-related color channels and ExtraSamples doesn't match SamplesPerPixel. Defining non-color channels as ExtraSamples.
38.3s 1945 [ WARN:0@21.556] global grfmt_tiff.cpp:122 TIFF_Warning TIFFReadDirectory: Sum of Photometric type-related color channels and ExtraSamples doesn't match SamplesPerPixel. Defining non-color channels as ExtraSamples.
38.3s 1946 [ WARN:0@21.587] global grfmt_tiff.cpp:122 TIFF_Warning TIFFReadDirectory: Sum of Photometric type-related color channels and ExtraSamples doesn't match SamplesPerPixel. Defining non-color channels as ExtraSamples.
38.3s 1947 [ WARN:0@21.628] global grfmt_tiff.cpp:122 TIFF_Warning TIFFReadDirectory: Sum of Photometric type-related color channels and ExtraSamples doesn't match SamplesPerPixel. Defining non-color channels as ExtraSamples.
38.3s 1948 [ WARN:0@21.660] global grfmt_tiff.cpp:122 TIFF_Warning TIFFReadDirectory: Sum of Photometric type-related color channels and ExtraSamples doesn't match SamplesPerPixel. Defining non-color channels as ExtraSamples.
38.4s 1949 [ WARN:0@21.698] global grfmt_tiff.cpp:122 TIFF_Warning TIFFReadDirectory: Sum of Photometric type-related color channels and ExtraSamples doesn't match SamplesPerPixel. Defining non-color channels as ExtraSamples.
38.4s 1950 [ WARN:0@21.731] global grfmt_tiff.cpp:122 TIFF_Warning TIFFReadDirectory: Sum of Photometric type-related color channels and ExtraSamples doesn't match SamplesPerPixel. Defining non-color channels as ExtraSamples.
38.4s 1951 [ WARN:0@21.762] global grfmt_tiff.cpp:122 TIFF_Warning TIFFReadDirectory: Sum of Photometric type-related color channels and ExtraSamples doesn't match SamplesPerPixel. Defining non-color channels as ExtraSamples.
38.5s 1952 [ WARN:0@21.799] global grfmt_tiff.cpp:122 TIFF_Warning TIFFReadDirectory: Sum of Photometric type-related color channels and ExtraSamples doesn't match SamplesPerPixel. Defining non-color channels as ExtraSamples.
38.5s 1953 [ WARN:0@21.836] global grfmt_tiff.cpp:122 TIFF_Warning TIFFReadDirectory: Sum of Photometric type-related color channels and ExtraSamples doesn't match SamplesPerPixel. Defining non-color channels as ExtraSamples.
38.5s 1954 [ WARN:0@21.660] global grfmt_tiff.cpp:122 TIFF_Warning TIFFReadDirectory: Sum of Photometric type-related color channels and ExtraSamples doesn't match SamplesPerPixel. Defining non-color channels as ExtraSamples.
38.5s 1955 [ WARN:0@21.698] global grfmt_tiff.cpp:122 TIFF_Warning TIFFReadDirectory: Sum of Photometric type-related color channels and ExtraSamples doesn't match SamplesPerPixel. Defining non-color channels as ExtraSamples.
38.5s 1956 [ WARN:0@21.731] global grfmt_tiff.cpp:122 TIFF_Warning TIFFReadDirectory: Sum of Photometric type-related color channels and ExtraSamples doesn't match SamplesPerPixel. Defining non-color channels as ExtraSamples.
38.5s 1957 [ WARN:0@21.762] global grfmt_tiff.cpp:122 TIFF_Warning TIFFReadDirectory: Sum of Photometric type-related color channels and ExtraSamples doesn't match SamplesPerPixel. Defining non-color channels as ExtraSamples.
38.5s 1958 [ WARN:0@21.799] global grfmt_tiff.cpp:122 TIFF_Warning TIFFReadDirectory: Sum of Photometric type-related color channels and ExtraSamples doesn't match SamplesPerPixel. Defining non-color channels as ExtraSamples.
38.5s 1959 [ WARN:0@21.836] global grfmt_tiff.cpp:122 TIFF_Warning TIFFReadDirectory: Sum of Photometric type-related color channels and ExtraSamples doesn't match SamplesPerPixel. Defining non-color channels as ExtraSamples.
38.5s 1960 
38.5s 1961 [ WARN:0@21.660] global grfmt_tiff.cpp:122 TIFF_Warning TIFFReadDirectory: Sum of Photometric type-related color channels and ExtraSamples doesn't match SamplesPerPixel. Defining non-color channels as ExtraSamples.
38.5s 1962 [ WARN:0@21.698] global grfmt_tiff.cpp:122 TIFF_Warning TIFFReadDirectory: Sum of Photometric type-related color channels and ExtraSamples doesn't match SamplesPerPixel. Defining non-color channels as ExtraSamples.
38.5s 1963 [ WARN:0@21.731] global grfmt_tiff.cpp:122 TIFF_Warning TIFFReadDirectory: Sum of Photometric type-related color channels and ExtraSamples doesn't match SamplesPerPixel. Defining non-color channels as ExtraSamples.
38.5s 1964 [ WARN:0@21.762] global grfmt_tiff.cpp:122 TIFF_Warning TIFFReadDirectory: Sum of Photometric type-related color channels and ExtraSamples doesn't match SamplesPerPixel. Defining non-color channels as ExtraSamples.
38.5s 1965 [ WARN:0@21.799] global grfmt_tiff.cpp:122 TIFF_Warning TIFFReadDirectory: Sum of Photometric type-related color channels and ExtraSamples doesn't match SamplesPerPixel. Defining non-color channels as ExtraSamples.
38.5s 1966 [ WARN:0@21.836] global grfmt_tiff.cpp:122 TIFF_Warning TIFFReadDirectory: Sum of Photometric type-related color channels and ExtraSamples doesn't match SamplesPerPixel. Defining non-color channels as ExtraSamples.
38.5s 1967 [ WARN:0@21.888] global grfmt_tiff.cpp:122 TIFF_Warning TIFFReadDirectory: Sum of Photometric type-related color channels and ExtraSamples doesn't match SamplesPerPixel. Defining non-color channels as ExtraSamples.
38.7s 1968 [ WARN:0@22.025] global grfmt_tiff.cpp:122 TIFF_Warning TIFFReadDirectory: Sum of Photometric type-related color channels and ExtraSamples doesn't match SamplesPerPixel. Defining non-color channels as ExtraSamples.
38.7s 1969 [ WARN:0@22.073] global grfmt_tiff.cpp:122 TIFF_Warning TIFFReadDirectory: Sum of Photometric type-related color channels and ExtraSamples doesn't match SamplesPerPixel. Defining non-color channels as ExtraSamples.
38.7s 1970 [ WARN:0@21.888] global grfmt_tiff.cpp:122 TIFF_Warning TIFFReadDirectory: Sum of Photometric type-related color channels and ExtraSamples doesn't match SamplesPerPixel. Defining non-color channels as ExtraSamples.
38.7s 1971 [ WARN:0@22.025] global grfmt_tiff.cpp:122 TIFF_Warning TIFFReadDirectory: Sum of Photometric type-related color channels and ExtraSamples doesn't match SamplesPerPixel. Defining non-color channels as ExtraSamples.
38.7s 1972 [ WARN:0@22.073] global grfmt_tiff.cpp:122 TIFF_Warning TIFFReadDirectory: Sum of Photometric type-related color channels and ExtraSamples doesn't match SamplesPerPixel. Defining non-color channels as ExtraSamples.
38.7s 1973 
38.7s 1974 [ WARN:0@21.888] global grfmt_tiff.cpp:122 TIFF_Warning TIFFReadDirectory: Sum of Photometric type-related color channels and ExtraSamples doesn't match SamplesPerPixel. Defining non-color channels as ExtraSamples.
38.7s 1975 [ WARN:0@22.025] global grfmt_tiff.cpp:122 TIFF_Warning TIFFReadDirectory: Sum of Photometric type-related color channels and ExtraSamples doesn't match SamplesPerPixel. Defining non-color channels as ExtraSamples.
38.7s 1976 [ WARN:0@22.073] global grfmt_tiff.cpp:122 TIFF_Warning TIFFReadDirectory: Sum of Photometric type-related color channels and ExtraSamples doesn't match SamplesPerPixel. Defining non-color channels as ExtraSamples.
38.8s 1977 train 489 489
38.8s 1978 val 61 61
38.8s 1979 test 62 62
38.8s 1980 ClinicDB staging verified
38.8s 1981 Manifest: /kaggle/working/ClinicDB_author_split_manifest.csv
58.7s 1982 PREFIX=/kaggle/working/miniforge
58.7s 1983 Unpacking bootstrapper...
58.7s 1984 Unpacking payload...
58.7s 1985 Extracting ca-certificates-2026.7.22-hbd8a1cb_0.conda
58.7s 1986 Extracting libgomp-16.2.0-he0feb66_4.conda
58.7s 1987 Extracting libzlib-1.3.2-h25fd6f3_3.conda
58.7s 1988 Extracting nlohmann_json-abi-3.12.0-h0f90c79_2.conda
58.7s 1989 Extracting pybind11-abi-11-hc364b38_1.conda
58.7s 1990 Extracting python_abi-3.14-9_cp314.conda
58.7s 1991 Extracting tzdata-2026c-h151e31d_0.conda
58.7s 1992 Extracting _openmp_mutex-4.5-20_gnu.conda
58.7s 1993 Extracting zstd-1.5.7-hb78ec9c_7.conda
58.7s 1994 Extracting ld_impl_linux-64-2.46.1-default_hbd61a6d_102.conda
58.7s 1995 Extracting libgcc-16.2.0-ha9f2e26_4.conda
58.7s 1996 Extracting bzip2-1.0.8-hda65f42_10.conda
58.7s 1997 Extracting c-ares-1.34.8-hebe6cf0_2.conda
58.7s 1998 Extracting keyutils-1.6.3-h7cc23a3_1.conda
58.7s 1999 Extracting libev-4.33-h280c20c_3.conda
58.7s 2000 Extracting libexpat-2.8.1-hecca717_1.conda
58.7s 2001 Extracting libffi-3.7.0-h81df57d_1.conda
58.7s 2002 Extracting libiconv-1.18-h0cb94f2_3.conda
58.7s 2003 Extracting liblzma-5.8.3-hb03c661_1.conda
58.7s 2004 Extracting libmpdec-4.0.0-hb03c661_2.conda
58.7s 2005 Extracting libstdcxx-16.2.0-h934c35e_4.conda
58.7s 2006 Extracting libuuid-2.42.3-hcfc3c73_0.conda
58.7s 2007 Extracting lzo-2.10-hebe6cf0_1003.conda
58.7s 2008 Extracting ncurses-6.6-hdb14827_1.conda
58.7s 2009 Extracting openssl-3.6.4-h781a0a9_0.conda
58.7s 2010 Extracting reproc-14.2.8.post0-hee9eb32_0.conda
58.7s 2011 Extracting tk-8.6.13-noxft_h1df4ec4_4.conda
58.7s 2012 Extracting cpp-expected-1.3.1-h171cf75_1.conda
58.7s 2013 Extracting fmt-12.1.0-h76c4fd7_1.conda
58.7s 2014 Extracting icu-78.3-py310h44b86e0_2.conda
58.7s 2015 Extracting libedit-3.1.20250104-pl5321h373387f_1.conda
58.7s 2016 Extracting libmsgpack-c-6.1.0-h54a6638_7.conda
58.7s 2017 Extracting libnghttp2-1.68.1-h74cf4be_1.conda
58.7s 2018 Extracting libpython-3.14.7-hdc7f604_106_cp314.conda
58.7s 2019 Extracting libsolv-0.7.39-h72ddc62_1.conda
58.7s 2020 Extracting libssh2-1.11.1-h6154650_1.conda
58.7s 2021 Extracting lz4-c-1.10.0-hee9eb32_2.conda
58.7s 2022 Extracting readline-8.3-hd6e31c0_1.conda
58.7s 2023 Extracting reproc-cpp-14.2.8.post0-h1c70be6_0.conda
58.7s 2024 Extracting simdjson-4.6.11-h4dbf13b_0.conda
58.7s 2025 Extracting yaml-cpp-0.8.0-h54a6638_1.conda
58.7s 2026 Extracting krb5-1.22.2-hbc21106_2.conda
58.7s 2027 Extracting libpsl-0.23.1-hd9e3e90_1.conda
58.7s 2028 Extracting libsqlite-3.53.4-h13e7031_1.conda
58.7s 2029 Extracting libxml2-16-2.15.4-hf3af7cc_0.conda
58.7s 2030 Extracting spdlog-1.17.0-hb6aa676_2.conda
58.7s 2031 Extracting libcurl-8.22.0-ha042cf0_0.conda
58.7s 2032 Extracting libxml2-2.15.4-h7df9aa5_0.conda
58.7s 2033 Extracting python-3.14.7-hcd007b5_106_cp314.conda
58.7s 2034 Extracting libarchive-3.8.9-gpl_h3152399_101.conda
58.7s 2035 Extracting tomli-w-1.2.0-pyhd8ed1ab_0.conda
58.7s 2036 Extracting libmamba-2.9.0-py314h6ba947b_0.conda
58.7s 2037 Extracting menuinst-2.5.2-py314h9e666f3_2.conda
58.7s 2038 Extracting archspec-0.2.5-pyhd8ed1ab_0.conda
58.7s 2039 Extracting backports.zstd-1.7.0-py314h680f03e_1.conda
58.7s 2040 Extracting boltons-26.2.0-pyhd8ed1ab_0.conda
58.7s 2041 Extracting brotli-python-1.2.0-py314hcd2bdb6_4.conda
58.7s 2042 Extracting cached_property-2.0.1-pyhcf101f3_0.conda
58.7s 2043 Extracting certifi-2026.7.22-pyhd8ed1ab_0.conda
58.7s 2044 Extracting charset-normalizer-3.5.1-pyhd8ed1ab_0.conda
58.7s 2045 Extracting colorama-0.4.6-pyhd8ed1ab_1.conda
58.7s 2046 Extracting cpython-3.14.7-py314hd8ed1ab_106.conda
58.7s 2047 Extracting distro-1.9.0-pyhd8ed1ab_1.conda
58.7s 2048 Extracting frozendict-2.4.7-pyh851646a_2.conda
58.7s 2049 Extracting hpack-4.2.0-pyhd8ed1ab_0.conda
58.7s 2050 Extracting hyperframe-6.1.0-pyhd8ed1ab_0.conda
58.7s 2051 Extracting idna-3.19-pyhcf101f3_0.conda
58.7s 2052 Extracting libmamba-spdlog-2.9.0-h5efa3ab_0.conda
58.7s 2053 Extracting mamba-2.9.0-h9649d4f_0.conda
58.7s 2054 Extracting markupsafe-3.0.3-py314h67df5f8_1.conda
58.7s 2055 Extracting msgpack-python-1.2.2-py314h5383ef5_2.conda
58.7s 2056 Extracting packaging-26.3-pyhc364b38_0.conda
58.7s 2057 Extracting pip-26.2.1-pyh145f28c_0.conda
58.7s 2058 Extracting platformdirs-4.11.6-pyh5ded981_0.conda
58.7s 2059 Extracting pluggy-1.6.0-pyhf9edf01_1.conda
58.7s 2060 Extracting pycosat-0.6.6-py314h89acca1_5.conda
58.7s 2061 Extracting pysocks-1.7.1-pyha55dd90_7.conda
58.7s 2062 Extracting python-installer-1.0.1-pyh332efcf_0.conda
58.7s 2063 Extracting ruamel.yaml.clib-0.2.15-py314hfe1a184_5.conda
58.7s 2064 Extracting setuptools-84.0.0-pyh332efcf_0.conda
58.7s 2065 Extracting sniffio-1.3.1-pyhd8ed1ab_2.conda
58.7s 2066 Extracting tomli-2.4.1-pyhcf101f3_0.conda
58.7s 2067 Extracting tqdm-4.70.0-pyh8f84b5b_0.conda
58.7s 2068 Extracting truststore-0.10.4-pyhcf101f3_0.conda
58.7s 2069 Extracting typing_extensions-4.16.0-pyhcf101f3_0.conda
58.7s 2070 Extracting zipp-4.1.0-pyhcf101f3_0.conda
58.7s 2071 Extracting anyio-4.15.1-pyh5ded981_1.conda
58.7s 2072 Extracting cached-property-2.0.1-pyhcf101f3_0.conda
58.7s 2073 Extracting conda-package-streaming-0.13.0-pyhd8ed1ab_0.conda
58.7s 2074 Extracting h11-0.16.0-pyhcf101f3_1.conda
58.7s 2075 Extracting h2-4.4.1-pyhcf101f3_0.conda
58.7s 2076 Extracting importlib-metadata-9.0.1-pyhcf101f3_0.conda
58.7s 2077 Extracting jinja2-3.1.6-pyhcf101f3_1.conda
58.7s 2078 Extracting libmambapy-2.9.0-py314h959206d_0.conda
58.7s 2079 Extracting pyproject_hooks-1.2.0-pyhd8ed1ab_1.conda
58.7s 2080 Extracting python-gil-3.14.7-h4df99d1_106.conda
58.7s 2081 Extracting ruamel.yaml-0.19.1-pyhcf101f3_0.conda
58.7s 2082 Extracting typing-extensions-4.16.0-h69aa097_0.conda
58.7s 2083 Extracting typing-inspection-0.4.4-pyhcf101f3_0.conda
58.7s 2084 Extracting _python_abi3_support-1.0-hd8ed1ab_3.conda
58.7s 2085 Extracting annotated-types-0.8.0-pyhd8ed1ab_0.conda
58.7s 2086 Extracting conda-libmamba-solver-26.7.0-pyhcf101f3_0.conda
58.7s 2087 Extracting httpcore-1.0.9-pyh29332c3_0.conda
58.7s 2088 Extracting pydantic-core-2.46.5-py314h7e8cd81_1.conda
58.7s 2089 Extracting python-build-1.6.0-pyhc364b38_0.conda
58.7s 2090 Extracting urllib3-2.7.0-pyhd8ed1ab_0.conda
58.7s 2091 Extracting httpx-0.28.1-pyhd8ed1ab_0.conda
58.7s 2092 Extracting py-rattler-0.25.0-py310hefeb9ab_5.conda
58.7s 2093 Extracting pydantic-2.13.5-pyhcf101f3_0.conda
58.7s 2094 Extracting requests-2.34.2-pyhcf101f3_0.conda
58.7s 2095 Extracting conda-package-handling-2.6.0-pyh5ded981_0.conda
58.7s 2096 Extracting unearth-0.18.3-pyhd8ed1ab_0.conda
58.7s 2097 Extracting conda-index-0.13.0-pyh5ded981_0.conda
58.7s 2098 Extracting conda-pypi-0.11.0-pyh5ded981_2.conda
58.7s 2099 Extracting conda-lockfiles-0.2.1-pyhd8ed1ab_0.conda
58.7s 2100 Extracting conda-rattler-solver-0.1.1-pyhcf101f3_0.conda
58.7s 2101 Extracting conda-26.7.2-py314h9e666f3_1.conda
58.7s 2102 Extracting conda-self-0.2.1-pyhd8ed1ab_0.conda
58.7s 2103 
58.7s 2104 Installing base environment...
58.7s 2105 
58.7s 2106 Transaction
58.7s 2107 
58.7s 2108 Prefix: /kaggle/working/miniforge
58.7s 2109 
58.7s 2110 Updating specs:
58.7s 2111 
58.7s 2112 - ca-certificates==2026.7.22=hbd8a1cb_0
58.7s 2113 - libgomp==16.2.0=he0feb66_4
58.7s 2114 - libzlib==1.3.2=h25fd6f3_3
58.7s 2115 - nlohmann_json-abi==3.12.0=h0f90c79_2
58.7s 2116 - pybind11-abi==11=hc364b38_1
58.7s 2117 - python_abi==3.14=9_cp314
58.7s 2118 - tzdata==2026c=h151e31d_0
58.7s 2119 - _openmp_mutex==4.5=20_gnu
58.7s 2120 - zstd==1.5.7=hb78ec9c_7
58.7s 2121 - ld_impl_linux-64==2.46.1=default_hbd61a6d_102
58.7s 2122 - libgcc==16.2.0=ha9f2e26_4
58.7s 2123 - bzip2==1.0.8=hda65f42_10
58.7s 2124 - c-ares==1.34.8=hebe6cf0_2
58.7s 2125 - keyutils==1.6.3=h7cc23a3_1
58.7s 2126 - libev==4.33=h280c20c_3
58.7s 2127 - libexpat==2.8.1=hecca717_1
58.7s 2128 - libffi==3.7.0=h81df57d_1
58.7s 2129 - libiconv==1.18=h0cb94f2_3
58.7s 2130 - liblzma==5.8.3=hb03c661_1
58.7s 2131 - libmpdec==4.0.0=hb03c661_2
58.7s 2132 - libstdcxx==16.2.0=h934c35e_4
58.7s 2133 - libuuid==2.42.3=hcfc3c73_0
58.7s 2134 - lzo==2.10=hebe6cf0_1003
58.7s 2135 - ncurses==6.6=hdb14827_1
58.7s 2136 - openssl==3.6.4=h781a0a9_0
58.7s 2137 - reproc==14.2.8.post0=hee9eb32_0
58.7s 2138 - tk==8.6.13=noxft_h1df4ec4_4
58.7s 2139 - cpp-expected==1.3.1=h171cf75_1
58.7s 2140 - fmt==12.1.0=h76c4fd7_1
58.7s 2141 - icu==78.3=py310h44b86e0_2
58.7s 2142 - libedit==3.1.20250104=pl5321h373387f_1
58.7s 2143 - libmsgpack-c==6.1.0=h54a6638_7
58.7s 2144 - libnghttp2==1.68.1=h74cf4be_1
58.7s 2145 - libpython==3.14.7=hdc7f604_106_cp314
58.7s 2146 - libsolv==0.7.39=h72ddc62_1
58.7s 2147 - libssh2==1.11.1=h6154650_1
58.7s 2148 - lz4-c==1.10.0=hee9eb32_2
58.7s 2149 - readline==8.3=hd6e31c0_1
58.7s 2150 - reproc-cpp==14.2.8.post0=h1c70be6_0
58.7s 2151 - simdjson==4.6.11=h4dbf13b_0
58.7s 2152 - yaml-cpp==0.8.0=h54a6638_1
58.7s 2153 - krb5==1.22.2=hbc21106_2
58.7s 2154 - libpsl==0.23.1=hd9e3e90_1
58.7s 2155 - libsqlite==3.53.4=h13e7031_1
58.7s 2156 - libxml2-16==2.15.4=hf3af7cc_0
58.7s 2157 - spdlog==1.17.0=hb6aa676_2
58.7s 2158 - libcurl==8.22.0=ha042cf0_0
58.7s 2159 - libxml2==2.15.4=h7df9aa5_0
58.7s 2160 - python==3.14.7=hcd007b5_106_cp314
58.7s 2161 - libarchive==3.8.9=gpl_h3152399_101
58.7s 2162 - tomli-w==1.2.0=pyhd8ed1ab_0
58.7s 2163 - libmamba==2.9.0=py314h6ba947b_0
58.7s 2164 - menuinst==2.5.2=py314h9e666f3_2
58.7s 2165 - archspec==0.2.5=pyhd8ed1ab_0
58.7s 2166 - backports.zstd==1.7.0=py314h680f03e_1
58.7s 2167 - boltons==26.2.0=pyhd8ed1ab_0
58.7s 2168 - brotli-python==1.2.0=py314hcd2bdb6_4
58.7s 2169 - cached_property==2.0.1=pyhcf101f3_0
58.7s 2170 - certifi==2026.7.22=pyhd8ed1ab_0
58.7s 2171 - charset-normalizer==3.5.1=pyhd8ed1ab_0
58.7s 2172 - colorama==0.4.6=pyhd8ed1ab_1
58.7s 2173 - cpython==3.14.7=py314hd8ed1ab_106
58.7s 2174 - distro==1.9.0=pyhd8ed1ab_1
58.7s 2175 - frozendict==2.4.7=pyh851646a_2
58.7s 2176 - hpack==4.2.0=pyhd8ed1ab_0
58.7s 2177 - hyperframe==6.1.0=pyhd8ed1ab_0
58.7s 2178 - idna==3.19=pyhcf101f3_0
58.7s 2179 - libmamba-spdlog==2.9.0=h5efa3ab_0
58.7s 2180 - mamba==2.9.0=h9649d4f_0
58.7s 2181 - markupsafe==3.0.3=py314h67df5f8_1
58.7s 2182 - msgpack-python==1.2.2=py314h5383ef5_2
58.7s 2183 - packaging==26.3=pyhc364b38_0
58.7s 2184 - pip==26.2.1=pyh145f28c_0
58.7s 2185 - platformdirs==4.11.6=pyh5ded981_0
58.7s 2186 - pluggy==1.6.0=pyhf9edf01_1
58.7s 2187 - pycosat==0.6.6=py314h89acca1_5
58.7s 2188 - pysocks==1.7.1=pyha55dd90_7
58.7s 2189 - python-installer==1.0.1=pyh332efcf_0
58.7s 2190 - ruamel.yaml.clib==0.2.15=py314hfe1a184_5
58.7s 2191 - setuptools==84.0.0=pyh332efcf_0
58.7s 2192 - sniffio==1.3.1=pyhd8ed1ab_2
58.7s 2193 - tomli==2.4.1=pyhcf101f3_0
58.7s 2194 - tqdm==4.70.0=pyh8f84b5b_0
58.7s 2195 - truststore==0.10.4=pyhcf101f3_0
58.7s 2196 - typing_extensions==4.16.0=pyhcf101f3_0
58.7s 2197 - zipp==4.1.0=pyhcf101f3_0
58.7s 2198 - anyio==4.15.1=pyh5ded981_1
58.7s 2199 - cached-property==2.0.1=pyhcf101f3_0
58.7s 2200 - conda-package-streaming==0.13.0=pyhd8ed1ab_0
58.7s 2201 - h11==0.16.0=pyhcf101f3_1
58.7s 2202 - h2==4.4.1=pyhcf101f3_0
58.7s 2203 - importlib-metadata==9.0.1=pyhcf101f3_0
58.7s 2204 - jinja2==3.1.6=pyhcf101f3_1
58.7s 2205 - libmambapy==2.9.0=py314h959206d_0
58.7s 2206 - pyproject_hooks==1.2.0=pyhd8ed1ab_1
58.7s 2207 - python-gil==3.14.7=h4df99d1_106
58.7s 2208 - ruamel.yaml==0.19.1=pyhcf101f3_0
58.7s 2209 - typing-extensions==4.16.0=h69aa097_0
58.7s 2210 - typing-inspection==0.4.4=pyhcf101f3_0
58.7s 2211 - _python_abi3_support==1.0=hd8ed1ab_3
58.7s 2212 - annotated-types==0.8.0=pyhd8ed1ab_0
58.7s 2213 - conda-libmamba-solver==26.7.0=pyhcf101f3_0
58.7s 2214 - httpcore==1.0.9=pyh29332c3_0
58.7s 2215 - pydantic-core==2.46.5=py314h7e8cd81_1
58.7s 2216 - python-build==1.6.0=pyhc364b38_0
58.7s 2217 - urllib3==2.7.0=pyhd8ed1ab_0
58.7s 2218 - httpx==0.28.1=pyhd8ed1ab_0
58.7s 2219 - py-rattler==0.25.0=py310hefeb9ab_5
58.7s 2220 - pydantic==2.13.5=pyhcf101f3_0
58.7s 2221 - requests==2.34.2=pyhcf101f3_0
58.7s 2222 - conda-package-handling==2.6.0=pyh5ded981_0
58.7s 2223 - unearth==0.18.3=pyhd8ed1ab_0
58.7s 2224 - conda-index==0.13.0=pyh5ded981_0
58.7s 2225 - conda-pypi==0.11.0=pyh5ded981_2
58.7s 2226 - conda-lockfiles==0.2.1=pyhd8ed1ab_0
58.7s 2227 - conda-rattler-solver==0.1.1=pyhcf101f3_0
58.7s 2228 - conda==26.7.2=py314h9e666f3_1
58.7s 2229 - conda-self==0.2.1=pyhd8ed1ab_0
58.7s 2230 
58.7s 2231 
58.7s 2232 Package                         Version  Build                 Channel         Size
58.7s 2233 ───────────────────────────────────────────────────────────────────────────────────────
58.7s 2234 Install:
58.7s 2235 ───────────────────────────────────────────────────────────────────────────────────────
58.7s 2236 
58.7s 2237 + _openmp_mutex                     4.5  20_gnu                conda-forge
58.7s 2238 + _python_abi3_support              1.0  hd8ed1ab_3            conda-forge
58.7s 2239 + annotated-types                 0.8.0  pyhd8ed1ab_0          conda-forge
58.7s 2240 + anyio                          4.15.1  pyh5ded981_1          conda-forge
58.7s 2241 + archspec                        0.2.5  pyhd8ed1ab_0          conda-forge
58.7s 2242 + backports.zstd                  1.7.0  py314h680f03e_1       conda-forge
58.7s 2243 + boltons                        26.2.0  pyhd8ed1ab_0          conda-forge
58.7s 2244 + brotli-python                   1.2.0  py314hcd2bdb6_4       conda-forge
58.7s 2245 + bzip2                           1.0.8  hda65f42_10           conda-forge
58.7s 2246 + c-ares                         1.34.8  hebe6cf0_2            conda-forge
58.7s 2247 + ca-certificates             2026.7.22  hbd8a1cb_0            conda-forge
58.7s 2248 + cached-property                 2.0.1  pyhcf101f3_0          conda-forge
58.7s 2249 + cached_property                 2.0.1  pyhcf101f3_0          conda-forge
58.7s 2250 + certifi                     2026.7.22  pyhd8ed1ab_0          conda-forge
58.7s 2251 + charset-normalizer              3.5.1  pyhd8ed1ab_0          conda-forge
58.7s 2252 + colorama                        0.4.6  pyhd8ed1ab_1          conda-forge
58.7s 2253 + conda                          26.7.2  py314h9e666f3_1       conda-forge
58.7s 2254 + conda-index                    0.13.0  pyh5ded981_0          conda-forge
58.7s 2255 + conda-libmamba-solver          26.7.0  pyhcf101f3_0          conda-forge
58.7s 2256 + conda-lockfiles                 0.2.1  pyhd8ed1ab_0          conda-forge
58.7s 2257 + conda-package-handling          2.6.0  pyh5ded981_0          conda-forge
58.7s 2258 + conda-package-streaming        0.13.0  pyhd8ed1ab_0          conda-forge
58.7s 2259 + conda-pypi                     0.11.0  pyh5ded981_2          conda-forge
58.7s 2260 + conda-rattler-solver            0.1.1  pyhcf101f3_0          conda-forge
58.7s 2261 + conda-self                      0.2.1  pyhd8ed1ab_0          conda-forge
58.7s 2262 + cpp-expected                    1.3.1  h171cf75_1            conda-forge
58.7s 2263 + cpython                        3.14.7  py314hd8ed1ab_106     conda-forge
58.7s 2264 + distro                          1.9.0  pyhd8ed1ab_1          conda-forge
58.7s 2265 + fmt                            12.1.0  h76c4fd7_1            conda-forge
58.7s 2266 + frozendict                      2.4.7  pyh851646a_2          conda-forge
58.7s 2267 + h11                            0.16.0  pyhcf101f3_1          conda-forge
58.7s 2268 + h2                              4.4.1  pyhcf101f3_0          conda-forge
58.7s 2269 + hpack                           4.2.0  pyhd8ed1ab_0          conda-forge
58.7s 2270 + httpcore                        1.0.9  pyh29332c3_0          conda-forge
58.7s 2271 + httpx                          0.28.1  pyhd8ed1ab_0          conda-forge
58.7s 2272 + hyperframe                      6.1.0  pyhd8ed1ab_0          conda-forge
58.7s 2273 + icu                              78.3  py310h44b86e0_2       conda-forge
58.7s 2274 + idna                             3.19  pyhcf101f3_0          conda-forge
58.7s 2275 + importlib-metadata              9.0.1  pyhcf101f3_0          conda-forge
58.7s 2276 + jinja2                          3.1.6  pyhcf101f3_1          conda-forge
58.7s 2277 + keyutils                        1.6.3  h7cc23a3_1            conda-forge
58.7s 2278 + krb5                           1.22.2  hbc21106_2            conda-forge
58.7s 2279 + ld_impl_linux-64               2.46.1  default_hbd61a6d_102  conda-forge
58.7s 2280 + libarchive                      3.8.9  gpl_h3152399_101      conda-forge
58.7s 2281 + libcurl                        8.22.0  ha042cf0_0            conda-forge
58.7s 2282 + libedit                  3.1.20250104  pl5321h373387f_1      conda-forge
58.7s 2283 + libev                            4.33  h280c20c_3            conda-forge
58.7s 2284 + libexpat                        2.8.1  hecca717_1            conda-forge
58.7s 2285 + libffi                          3.7.0  h81df57d_1            conda-forge
58.7s 2286 + libgcc                         16.2.0  ha9f2e26_4            conda-forge
58.7s 2287 + libgomp                        16.2.0  he0feb66_4            conda-forge
58.7s 2288 + libiconv                         1.18  h0cb94f2_3            conda-forge
58.7s 2289 + liblzma                         5.8.3  hb03c661_1            conda-forge
58.7s 2290 + libmamba                        2.9.0  py314h6ba947b_0       conda-forge
58.7s 2291 + libmamba-spdlog                 2.9.0  h5efa3ab_0            conda-forge
58.7s 2292 + libmambapy                      2.9.0  py314h959206d_0       conda-forge
58.7s 2293 + libmpdec                        4.0.0  hb03c661_2            conda-forge
58.7s 2294 + libmsgpack-c                    6.1.0  h54a6638_7            conda-forge
58.7s 2295 + libnghttp2                     1.68.1  h74cf4be_1            conda-forge
58.7s 2296 + libpsl                         0.23.1  hd9e3e90_1            conda-forge
58.7s 2297 + libpython                      3.14.7  hdc7f604_106_cp314    conda-forge
58.7s 2298 + libsolv                        0.7.39  h72ddc62_1            conda-forge
58.7s 2299 + libsqlite                      3.53.4  h13e7031_1            conda-forge
58.7s 2300 + libssh2                        1.11.1  h6154650_1            conda-forge
58.7s 2301 + libstdcxx                      16.2.0  h934c35e_4            conda-forge
58.7s 2302 + libuuid                        2.42.3  hcfc3c73_0            conda-forge
58.7s 2303 + libxml2                        2.15.4  h7df9aa5_0            conda-forge
58.7s 2304 + libxml2-16                     2.15.4  hf3af7cc_0            conda-forge
58.7s 2305 + libzlib                         1.3.2  h25fd6f3_3            conda-forge
58.7s 2306 + lz4-c                          1.10.0  hee9eb32_2            conda-forge
58.7s 2307 + lzo                              2.10  hebe6cf0_1003         conda-forge
58.7s 2308 + mamba                           2.9.0  h9649d4f_0            conda-forge
58.7s 2309 + markupsafe                      3.0.3  py314h67df5f8_1       conda-forge
58.7s 2310 + menuinst                        2.5.2  py314h9e666f3_2       conda-forge
58.7s 2311 + msgpack-python                  1.2.2  py314h5383ef5_2       conda-forge
58.7s 2312 + ncurses                           6.6  hdb14827_1            conda-forge
58.7s 2313 + nlohmann_json-abi              3.12.0  h0f90c79_2            conda-forge
58.7s 2314 + openssl                         3.6.4  h781a0a9_0            conda-forge
58.7s 2315 + packaging                        26.3  pyhc364b38_0          conda-forge
58.7s 2316 + pip                            26.2.1  pyh145f28c_0          conda-forge
58.7s 2317 + platformdirs                   4.11.6  pyh5ded981_0          conda-forge
58.7s 2318 + pluggy                          1.6.0  pyhf9edf01_1          conda-forge
58.7s 2319 + py-rattler                     0.25.0  py310hefeb9ab_5       conda-forge
58.7s 2320 + pybind11-abi                       11  hc364b38_1            conda-forge
58.7s 2321 + pycosat                         0.6.6  py314h89acca1_5       conda-forge
58.7s 2322 + pydantic                       2.13.5  pyhcf101f3_0          conda-forge
58.7s 2323 + pydantic-core                  2.46.5  py314h7e8cd81_1       conda-forge
58.7s 2324 + pyproject_hooks                 1.2.0  pyhd8ed1ab_1          conda-forge
58.7s 2325 + pysocks                         1.7.1  pyha55dd90_7          conda-forge
58.7s 2326 + python                         3.14.7  hcd007b5_106_cp314    conda-forge
58.7s 2327 + python-build                    1.6.0  pyhc364b38_0          conda-forge
58.7s 2328 + python-gil                     3.14.7  h4df99d1_106          conda-forge
58.7s 2329 + python-installer                1.0.1  pyh332efcf_0          conda-forge
58.7s 2330 + python_abi                       3.14  9_cp314               conda-forge
58.7s 2331 + readline                          8.3  hd6e31c0_1            conda-forge
58.7s 2332 + reproc                   14.2.8.post0  hee9eb32_0            conda-forge
58.7s 2333 + reproc-cpp               14.2.8.post0  h1c70be6_0            conda-forge
58.7s 2334 + requests                       2.34.2  pyhcf101f3_0          conda-forge
58.7s 2335 + ruamel.yaml                    0.19.1  pyhcf101f3_0          conda-forge
58.7s 2336 + ruamel.yaml.clib               0.2.15  py314hfe1a184_5       conda-forge
58.7s 2337 + setuptools                     84.0.0  pyh332efcf_0          conda-forge
58.7s 2338 + simdjson                       4.6.11  h4dbf13b_0            conda-forge
58.7s 2339 + sniffio                         1.3.1  pyhd8ed1ab_2          conda-forge
58.7s 2340 + spdlog                         1.17.0  hb6aa676_2            conda-forge
58.7s 2341 + tk                             8.6.13  noxft_h1df4ec4_4      conda-forge
58.7s 2342 + tomli                           2.4.1  pyhcf101f3_0          conda-forge
58.7s 2343 + tomli-w                         1.2.0  pyhd8ed1ab_0          conda-forge
58.7s 2344 + tqdm                           4.70.0  pyh8f84b5b_0          conda-forge
58.7s 2345 + truststore                     0.10.4  pyhcf101f3_0          conda-forge
58.7s 2346 + typing-extensions              4.16.0  h69aa097_0            conda-forge
58.7s 2347 + typing-inspection               0.4.4  pyhcf101f3_0          conda-forge
58.7s 2348 + typing_extensions              4.16.0  pyhcf101f3_0          conda-forge
58.7s 2349 + tzdata                          2026c  h151e31d_0            conda-forge
58.7s 2350 + unearth                        0.18.3  pyhd8ed1ab_0          conda-forge
58.7s 2351 + urllib3                         2.7.0  pyhd8ed1ab_0          conda-forge
58.7s 2352 + yaml-cpp                        0.8.0  h54a6638_1            conda-forge
58.7s 2353 + zipp                            4.1.0  pyhcf101f3_0          conda-forge
58.7s 2354 + zstd                            1.5.7  hb78ec9c_7            conda-forge
58.7s 2355 
58.7s 2356 Summary:
58.7s 2357 
58.7s 2358 Install: 118 packages
58.7s 2359 
58.7s 2360 Total download: 0 B
58.7s 2361 
58.7s 2362 ───────────────────────────────────────────────────────────────────────────────────────
58.7s 2363 
58.7s 2364 
58.7s 2365 
58.7s 2366 Transaction starting
58.7s 2367 Linking ca-certificates-2026.7.22-hbd8a1cb_0
58.7s 2368 Linking libgomp-16.2.0-he0feb66_4
58.7s 2369 Linking libzlib-1.3.2-h25fd6f3_3
58.7s 2370 Linking nlohmann_json-abi-3.12.0-h0f90c79_2
58.7s 2371 Linking pybind11-abi-11-hc364b38_1
58.7s 2372 Linking python_abi-3.14-9_cp314
58.7s 2373 Linking tzdata-2026c-h151e31d_0
58.7s 2374 Linking _openmp_mutex-4.5-20_gnu
58.7s 2375 Linking zstd-1.5.7-hb78ec9c_7
58.7s 2376 Linking ld_impl_linux-64-2.46.1-default_hbd61a6d_102
58.7s 2377 Linking libgcc-16.2.0-ha9f2e26_4
58.7s 2378 Linking bzip2-1.0.8-hda65f42_10
58.7s 2379 Linking c-ares-1.34.8-hebe6cf0_2
58.7s 2380 Linking keyutils-1.6.3-h7cc23a3_1
58.7s 2381 Linking libev-4.33-h280c20c_3
58.7s 2382 Linking libexpat-2.8.1-hecca717_1
58.7s 2383 Linking libffi-3.7.0-h81df57d_1
58.7s 2384 Linking libiconv-1.18-h0cb94f2_3
58.7s 2385 Linking liblzma-5.8.3-hb03c661_1
58.7s 2386 Linking libmpdec-4.0.0-hb03c661_2
58.7s 2387 Linking libstdcxx-16.2.0-h934c35e_4
58.7s 2388 Linking libuuid-2.42.3-hcfc3c73_0
58.7s 2389 Linking lzo-2.10-hebe6cf0_1003
58.7s 2390 Linking ncurses-6.6-hdb14827_1
58.7s 2391 Linking openssl-3.6.4-h781a0a9_0
58.7s 2392 Linking reproc-14.2.8.post0-hee9eb32_0
58.7s 2393 Linking tk-8.6.13-noxft_h1df4ec4_4
58.7s 2394 Linking cpp-expected-1.3.1-h171cf75_1
58.7s 2395 Linking fmt-12.1.0-h76c4fd7_1
58.7s 2396 Linking icu-78.3-py310h44b86e0_2
58.7s 2397 Linking libedit-3.1.20250104-pl5321h373387f_1
58.7s 2398 Linking libmsgpack-c-6.1.0-h54a6638_7
58.7s 2399 Linking libnghttp2-1.68.1-h74cf4be_1
58.7s 2400 Linking libpython-3.14.7-hdc7f604_106_cp314
58.7s 2401 Linking libsolv-0.7.39-h72ddc62_1
58.7s 2402 Linking libssh2-1.11.1-h6154650_1
58.7s 2403 Linking lz4-c-1.10.0-hee9eb32_2
58.7s 2404 Linking readline-8.3-hd6e31c0_1
58.7s 2405 Linking reproc-cpp-14.2.8.post0-h1c70be6_0
58.7s 2406 Linking simdjson-4.6.11-h4dbf13b_0
58.7s 2407 Linking yaml-cpp-0.8.0-h54a6638_1
58.7s 2408 Linking krb5-1.22.2-hbc21106_2
58.7s 2409 Linking libpsl-0.23.1-hd9e3e90_1
58.7s 2410 Linking libsqlite-3.53.4-h13e7031_1
58.7s 2411 Linking libxml2-16-2.15.4-hf3af7cc_0
58.7s 2412 Linking spdlog-1.17.0-hb6aa676_2
58.7s 2413 Linking libcurl-8.22.0-ha042cf0_0
58.7s 2414 Linking libxml2-2.15.4-h7df9aa5_0
58.7s 2415 Linking python-3.14.7-hcd007b5_106_cp314
58.7s 2416 Linking libarchive-3.8.9-gpl_h3152399_101
58.7s 2417 Linking tomli-w-1.2.0-pyhd8ed1ab_0
58.7s 2418 Linking libmamba-2.9.0-py314h6ba947b_0
58.7s 2419 Linking menuinst-2.5.2-py314h9e666f3_2
58.7s 2420 Linking archspec-0.2.5-pyhd8ed1ab_0
58.7s 2421 Linking backports.zstd-1.7.0-py314h680f03e_1
58.7s 2422 Linking boltons-26.2.0-pyhd8ed1ab_0
58.7s 2423 Linking brotli-python-1.2.0-py314hcd2bdb6_4
58.7s 2424 Linking cached_property-2.0.1-pyhcf101f3_0
58.7s 2425 Linking certifi-2026.7.22-pyhd8ed1ab_0
58.7s 2426 Linking charset-normalizer-3.5.1-pyhd8ed1ab_0
58.7s 2427 Linking colorama-0.4.6-pyhd8ed1ab_1
58.7s 2428 Linking cpython-3.14.7-py314hd8ed1ab_106
58.7s 2429 Linking distro-1.9.0-pyhd8ed1ab_1
58.7s 2430 Linking frozendict-2.4.7-pyh851646a_2
58.7s 2431 Linking hpack-4.2.0-pyhd8ed1ab_0
58.7s 2432 Linking hyperframe-6.1.0-pyhd8ed1ab_0
58.7s 2433 Linking idna-3.19-pyhcf101f3_0
58.7s 2434 Linking libmamba-spdlog-2.9.0-h5efa3ab_0
58.7s 2435 Linking mamba-2.9.0-h9649d4f_0
58.7s 2436 Linking markupsafe-3.0.3-py314h67df5f8_1
58.7s 2437 Linking msgpack-python-1.2.2-py314h5383ef5_2
58.7s 2438 Linking packaging-26.3-pyhc364b38_0
58.7s 2439 Linking pip-26.2.1-pyh145f28c_0
58.7s 2440 Linking platformdirs-4.11.6-pyh5ded981_0
58.7s 2441 Linking pluggy-1.6.0-pyhf9edf01_1
58.7s 2442 Linking pycosat-0.6.6-py314h89acca1_5
58.7s 2443 Linking pysocks-1.7.1-pyha55dd90_7
58.7s 2444 Linking python-installer-1.0.1-pyh332efcf_0
58.7s 2445 Linking ruamel.yaml.clib-0.2.15-py314hfe1a184_5
58.7s 2446 Linking setuptools-84.0.0-pyh332efcf_0
58.7s 2447 Linking sniffio-1.3.1-pyhd8ed1ab_2
58.7s 2448 Linking tomli-2.4.1-pyhcf101f3_0
58.7s 2449 Linking tqdm-4.70.0-pyh8f84b5b_0
58.7s 2450 Linking truststore-0.10.4-pyhcf101f3_0
58.7s 2451 Linking typing_extensions-4.16.0-pyhcf101f3_0
58.7s 2452 Linking zipp-4.1.0-pyhcf101f3_0
58.7s 2453 Linking anyio-4.15.1-pyh5ded981_1
58.7s 2454 Linking cached-property-2.0.1-pyhcf101f3_0
58.7s 2455 Linking conda-package-streaming-0.13.0-pyhd8ed1ab_0
58.7s 2456 Linking h11-0.16.0-pyhcf101f3_1
58.7s 2457 Linking h2-4.4.1-pyhcf101f3_0
58.7s 2458 Linking importlib-metadata-9.0.1-pyhcf101f3_0
58.7s 2459 Linking jinja2-3.1.6-pyhcf101f3_1
58.7s 2460 Linking libmambapy-2.9.0-py314h959206d_0
58.7s 2461 Linking pyproject_hooks-1.2.0-pyhd8ed1ab_1
58.7s 2462 Linking python-gil-3.14.7-h4df99d1_106
58.7s 2463 Linking ruamel.yaml-0.19.1-pyhcf101f3_0
58.7s 2464 Linking typing-extensions-4.16.0-h69aa097_0
58.7s 2465 Linking typing-inspection-0.4.4-pyhcf101f3_0
58.7s 2466 Linking _python_abi3_support-1.0-hd8ed1ab_3
58.7s 2467 Linking annotated-types-0.8.0-pyhd8ed1ab_0
58.7s 2468 Linking conda-libmamba-solver-26.7.0-pyhcf101f3_0
58.7s 2469 Linking httpcore-1.0.9-pyh29332c3_0
58.7s 2470 Linking pydantic-core-2.46.5-py314h7e8cd81_1
58.7s 2471 Linking python-build-1.6.0-pyhc364b38_0
58.7s 2472 Linking urllib3-2.7.0-pyhd8ed1ab_0
58.7s 2473 Linking httpx-0.28.1-pyhd8ed1ab_0
58.7s 2474 Linking py-rattler-0.25.0-py310hefeb9ab_5
58.7s 2475 Linking pydantic-2.13.5-pyhcf101f3_0
58.7s 2476 Linking requests-2.34.2-pyhcf101f3_0
58.7s 2477 Linking conda-package-handling-2.6.0-pyh5ded981_0
58.7s 2478 Linking unearth-0.18.3-pyhd8ed1ab_0
58.7s 2479 Linking conda-index-0.13.0-pyh5ded981_0
58.7s 2480 Linking conda-pypi-0.11.0-pyh5ded981_2
58.7s 2481 Linking conda-lockfiles-0.2.1-pyhd8ed1ab_0
58.7s 2482 Linking conda-rattler-solver-0.1.1-pyhcf101f3_0
58.7s 2483 Linking conda-26.7.2-py314h9e666f3_1
58.7s 2484 Linking conda-self-0.2.1-pyhd8ed1ab_0
58.7s 2485 
58.7s 2486 Transaction finished
58.7s 2487 
58.7s 2488 installation finished.
58.7s 2489 WARNING:
58.7s 2490 You currently have a PYTHONPATH environment variable set. This may cause
58.7s 2491 unexpected behavior when running the Python interpreter in Miniforge3.
58.7s 2492 For best results, please verify that your PYTHONPATH only points to
58.7s 2493 directories of packages that are compatible with the Python interpreter
58.7s 2494 in Miniforge3: /kaggle/working/miniforge
58.7s 2495 Retrieving notices: ...working... done
58.7s 2496 Channels:
58.7s 2497 - conda-forge
58.7s 2498 Platform: linux-64
58.7s 2499 Collecting package metadata (repodata.json): ...working... done
58.7s 2500 Solving environment: ...working... done
58.7s 2501 
58.7s 2502 ## Package Plan ##
58.7s 2503 
58.7s 2504 environment location: /kaggle/working/emcadenv
58.7s 2505 
58.7s 2506 added / updated specs:
58.7s 2507 - pip
58.7s 2508 - python=3.8
58.7s 2509 
58.7s 2510 
58.7s 2511 The following packages will be downloaded:
58.7s 2512 
58.7s 2513 package                    |            build
58.7s 2514 ---------------------------|-----------------
58.7s 2515 libgcc-16.2.0              |       ha9f2e26_7         1.0 MB  conda-forge
58.7s 2516 libgomp-16.2.0             |       he0feb66_7         626 KB  conda-forge
58.7s 2517 liblzma-devel-5.8.3        |       hb03c661_1         480 KB  conda-forge
58.7s 2518 libnsl-2.0.1               |       hb9d3cd8_1          33 KB  conda-forge
58.7s 2519 libstdcxx-16.2.0           |       h934c35e_7         6.3 MB  conda-forge
58.7s 2520 libuuid-2.42.4             |       hcfc3c73_0          34 KB  conda-forge
58.7s 2521 libxcrypt-4.4.38           |       h280c20c_0         100 KB  conda-forge
58.7s 2522 pip-24.3.1                 |     pyh8b19718_0         1.2 MB  conda-forge
58.7s 2523 python-3.8.20              |h4a871b0_2_cpython        21.1 MB  conda-forge
58.7s 2524 setuptools-75.3.0          |     pyhd8ed1ab_0         761 KB  conda-forge
58.7s 2525 wheel-0.45.1               |     pyhd8ed1ab_0          62 KB  conda-forge
58.7s 2526 xz-5.8.3                   |       ha02ee65_1          23 KB  conda-forge
58.7s 2527 xz-gpl-tools-5.8.3         |       ha02ee65_1          39 KB  conda-forge
58.7s 2528 xz-tools-5.8.3             |       hb03c661_1          94 KB  conda-forge
58.7s 2529 ------------------------------------------------------------
58.7s 2530 Total:        31.9 MB
58.7s 2531 
58.7s 2532 The following NEW packages will be INSTALLED:
58.7s 2533 
58.7s 2534 _openmp_mutex      conda-forge/linux-64::_openmp_mutex-4.5-20_gnu
58.7s 2535 bzip2              conda-forge/linux-64::bzip2-1.0.8-hda65f42_10
58.7s 2536 ca-certificates    conda-forge/noarch::ca-certificates-2026.7.22-hbd8a1cb_0
58.7s 2537 icu                conda-forge/linux-64::icu-78.3-py310h44b86e0_2
58.7s 2538 ld_impl_linux-64   conda-forge/linux-64::ld_impl_linux-64-2.46.1-default_hbd61a6d_102
58.7s 2539 libffi             conda-forge/linux-64::libffi-3.7.0-h81df57d_1
58.7s 2540 libgcc             conda-forge/linux-64::libgcc-16.2.0-ha9f2e26_7
58.7s 2541 libgomp            conda-forge/linux-64::libgomp-16.2.0-he0feb66_7
58.7s 2542 liblzma            conda-forge/linux-64::liblzma-5.8.3-hb03c661_1
58.7s 2543 liblzma-devel      conda-forge/linux-64::liblzma-devel-5.8.3-hb03c661_1
58.7s 2544 libnsl             conda-forge/linux-64::libnsl-2.0.1-hb9d3cd8_1
58.7s 2545 libsqlite          conda-forge/linux-64::libsqlite-3.53.4-h13e7031_1
58.7s 2546 libstdcxx          conda-forge/linux-64::libstdcxx-16.2.0-h934c35e_7
58.7s 2547 libuuid            conda-forge/linux-64::libuuid-2.42.4-hcfc3c73_0
58.7s 2548 libxcrypt          conda-forge/linux-64::libxcrypt-4.4.38-h280c20c_0
58.7s 2549 libzlib            conda-forge/linux-64::libzlib-1.3.2-h25fd6f3_3
58.7s 2550 ncurses            conda-forge/linux-64::ncurses-6.6-hdb14827_1
58.7s 2551 openssl            conda-forge/linux-64::openssl-3.6.4-h781a0a9_0
58.7s 2552 pip                conda-forge/noarch::pip-24.3.1-pyh8b19718_0
58.7s 2553 python             conda-forge/linux-64::python-3.8.20-h4a871b0_2_cpython
58.7s 2554 readline           conda-forge/linux-64::readline-8.3-hd6e31c0_1
58.7s 2555 setuptools         conda-forge/noarch::setuptools-75.3.0-pyhd8ed1ab_0
58.7s 2556 tk                 conda-forge/linux-64::tk-8.6.13-noxft_h1df4ec4_4
58.7s 2557 wheel              conda-forge/noarch::wheel-0.45.1-pyhd8ed1ab_0
58.7s 2558 xz                 conda-forge/linux-64::xz-5.8.3-ha02ee65_1
58.7s 2559 xz-gpl-tools       conda-forge/linux-64::xz-gpl-tools-5.8.3-ha02ee65_1
58.7s 2560 xz-tools           conda-forge/linux-64::xz-tools-5.8.3-hb03c661_1
58.7s 2561 zstd               conda-forge/linux-64::zstd-1.5.7-hb78ec9c_7
58.7s 2562 
58.7s 2563 
58.7s 2564 
58.7s 2565 Downloading and Extracting Packages: ...working... done
58.7s 2566 Preparing transaction: ...working... done
58.7s 2567 Verifying transaction: ...working... done
58.7s 2568 Executing transaction: ...working... done
58.7s 2569 #
58.7s 2570 # To activate this environment, use
58.7s 2571 #
58.7s 2572 #     $ conda activate /kaggle/working/emcadenv
58.7s 2573 #
58.7s 2574 # To deactivate an active environment, use
58.7s 2575 #
58.7s 2576 #     $ conda deactivate
58.7s 2577 
58.7s 2578 % Total    % Received % Xferd  Average Speed   Time    Time     Time  Current
58.7s 2579 Dload  Upload   Total   Spent    Left  Speed
58.7s 2580 0     0    0     0    0     0      0      0 --:--:-- --:--:-- --:--:--     0  0     0    0     0    0     0      0      0 --:--:-- --:--:-- --:--:--     0
58.7s 2581 0     0    0     0    0     0      0      0 --:--:-- --:--:-- --:--:--     0
58.7s 2582 0  118M    0  175k    0     0   339k      0  0:05:58 --:--:--  0:05:58  339k100  118M  100  118M    0     0  78.4M      0  0:00:01  0:00:01 --:--:--  119M
58.7s 2583 warning  libmamba Security Warning: This transaction includes executing package scripts (pre/post-link/unlink) if present. These scripts can contain arbitrary code. Please ensure you trust the package sources.
58.7s 2584 WARNING conda.conda_pypi.main:notify_externally_managed_future(156):
58.7s 2585 Did you know? You can install many PyPI packages with conda
58.7s 2586 using the conda-pypi beta. Get started:
58.7s 2587 https://docs.conda.io/projects/conda/en/stable/new-features.html
58.7s 2588 
58.7s 2589 
58.7s 2590 % Total    % Received % Xferd  Average Speed   Time    Time     Time  Current
58.7s 2591 Dload  Upload   Total   Spent    Left  Speed
58.7s 2592 0     0    0     0    0     0      0      0 --:--:-- --:--:-- --:--:--     0  0     0    0     0    0     0      0      0 --:--:-- --:--:-- --:--:--     0
58.7s 2593 0     0    0     0    0     0      0      0 --:--:-- --:--:-- --:--:--     0
58.7s 2594 0  118M    0  175k    0     0   339k      0  0:05:58 --:--:--  0:05:58  339k100  118M  100  118M    0     0  78.4M      0  0:00:01  0:00:01 --:--:--  119M
58.7s 2595 warning  libmamba Security Warning: This transaction includes executing package scripts (pre/post-link/unlink) if present. These scripts can contain arbitrary code. Please ensure you trust the package sources.
58.7s 2596 WARNING conda.conda_pypi.main:notify_externally_managed_future(156):
58.7s 2597 Did you know? You can install many PyPI packages with conda
58.7s 2598 using the conda-pypi beta. Get started:
58.7s 2599 https://docs.conda.io/projects/conda/en/stable/new-features.html
58.7s 2600 
7900.9s 2601 Requirement already satisfied: pip<25 in /kaggle/working/emcadenv/lib/python3.8/site-packages (24.3.1)
7900.9s 2602 Looking in indexes: https://pypi.org/simple, https://download.pytorch.org/whl/cu113
7900.9s 2603 Collecting torch==1.11.0+cu113
7900.9s 2604 Downloading https://download-r2.pytorch.org/whl/cu113/torch-1.11.0%2Bcu113-cp38-cp38-linux_x86_64.whl (1637.0 MB)
7900.9s 2605 ━━━━━━━━━━━━━━━━━━━━━━━━━━━━━━━━━━━━━━━━ 1.6/1.6 GB 13.7 MB/s eta 0:00:00
7900.9s 2606 Collecting torchvision==0.12.0+cu113
7900.9s 2607 Downloading https://download-r2.pytorch.org/whl/cu113/torchvision-0.12.0%2Bcu113-cp38-cp38-linux_x86_64.whl (22.3 MB)
7900.9s 2608 ━━━━━━━━━━━━━━━━━━━━━━━━━━━━━━━━━━━━━━━━ 22.3/22.3 MB 37.5 MB/s eta 0:00:00
7900.9s 2609 Collecting torchaudio==0.11.0
7900.9s 2610 Downloading https://download-r2.pytorch.org/whl/cu113/torchaudio-0.11.0%2Bcu113-cp38-cp38-linux_x86_64.whl (2.9 MB)
7900.9s 2611 ━━━━━━━━━━━━━━━━━━━━━━━━━━━━━━━━━━━━━━━━ 2.9/2.9 MB 74.9 MB/s eta 0:00:00
7900.9s 2612 Collecting typing-extensions (from torch==1.11.0+cu113)
7900.9s 2613 Downloading typing_extensions-4.13.2-py3-none-any.whl.metadata (3.0 kB)
7900.9s 2614 Collecting numpy (from torchvision==0.12.0+cu113)
7900.9s 2615 Downloading numpy-1.24.4-cp38-cp38-manylinux_2_17_x86_64.manylinux2014_x86_64.whl.metadata (5.6 kB)
7900.9s 2616 Collecting requests (from torchvision==0.12.0+cu113)
7900.9s 2617 Downloading requests-2.32.4-py3-none-any.whl.metadata (4.9 kB)
7900.9s 2618 Collecting pillow!=8.3.*,>=5.3.0 (from torchvision==0.12.0+cu113)
7900.9s 2619 Downloading pillow-10.4.0-cp38-cp38-manylinux_2_28_x86_64.whl.metadata (9.2 kB)
7900.9s 2620 Collecting charset_normalizer<4,>=2 (from requests->torchvision==0.12.0+cu113)
7900.9s 2621 Downloading charset_normalizer-3.5.1-cp37-abi3-manylinux1_x86_64.manylinux_2_28_x86_64.manylinux_2_5_x86_64.whl.metadata (45 kB)
7900.9s 2622 Collecting idna<4,>=2.5 (from requests->torchvision==0.12.0+cu113)
7900.9s 2623 Downloading idna-3.15-py3-none-any.whl.metadata (7.7 kB)
7900.9s 2624 Collecting urllib3<3,>=1.21.1 (from requests->torchvision==0.12.0+cu113)
7900.9s 2625 Downloading urllib3-2.2.3-py3-none-any.whl.metadata (6.5 kB)
7900.9s 2626 Collecting certifi>=2017.4.17 (from requests->torchvision==0.12.0+cu113)
7900.9s 2627 Downloading certifi-2026.7.22-py3-none-any.whl.metadata (2.5 kB)
7900.9s 2628 Downloading pillow-10.4.0-cp38-cp38-manylinux_2_28_x86_64.whl (4.5 MB)
7900.9s 2629 ━━━━━━━━━━━━━━━━━━━━━━━━━━━━━━━━━━━━━━━━ 4.5/4.5 MB 62.2 MB/s eta 0:00:00
7900.9s 2630 Downloading numpy-1.24.4-cp38-cp38-manylinux_2_17_x86_64.manylinux2014_x86_64.whl (17.3 MB)
7900.9s 2631 ━━━━━━━━━━━━━━━━━━━━━━━━━━━━━━━━━━━━━━━━ 17.3/17.3 MB 103.1 MB/s eta 0:00:00
7900.9s 2632 Downloading requests-2.32.4-py3-none-any.whl (64 kB)
7900.9s 2633 Downloading typing_extensions-4.13.2-py3-none-any.whl (45 kB)
7900.9s 2634 Downloading certifi-2026.7.22-py3-none-any.whl (136 kB)
7900.9s 2635 Downloading charset_normalizer-3.5.1-cp37-abi3-manylinux1_x86_64.manylinux_2_28_x86_64.manylinux_2_5_x86_64.whl (253 kB)
7900.9s 2636 Downloading idna-3.15-py3-none-any.whl (72 kB)
7900.9s 2637 Downloading urllib3-2.2.3-py3-none-any.whl (126 kB)
7900.9s 2638 Installing collected packages: urllib3, typing-extensions, pillow, numpy, idna, charset_normalizer, certifi, torch, requests, torchvision, torchaudio
7900.9s 2639 Successfully installed certifi-2026.7.22 charset_normalizer-3.5.1 idna-3.15 numpy-1.24.4 pillow-10.4.0 requests-2.32.4 torch-1.11.0+cu113 torchaudio-0.11.0+cu113 torchvision-0.12.0+cu113 typing-extensions-4.13.2 urllib3-2.2.3
7900.9s 2640 Looking in links: https://download.openmmlab.com/mmcv/dist/cu113/torch1.11.0/index.html
7900.9s 2641 Collecting mmcv-full
7900.9s 2642 Downloading https://download.openmmlab.com/mmcv/dist/cu113/torch1.11.0/mmcv_full-1.7.2-cp38-cp38-manylinux1_x86_64.whl (45.6 MB)
7900.9s 2643 ━━━━━━━━━━━━━━━━━━━━━━━━━━━━━━━━━━━━━━━━ 45.6/45.6 MB 8.7 MB/s eta 0:00:00
7900.9s 2644 Collecting addict (from mmcv-full)
7900.9s 2645 Downloading addict-2.4.0-py3-none-any.whl.metadata (1.0 kB)
7900.9s 2646 Requirement already satisfied: numpy in /kaggle/working/emcadenv/lib/python3.8/site-packages (from mmcv-full) (1.24.4)
7900.9s 2647 Collecting packaging (from mmcv-full)
7900.9s 2648 Downloading packaging-26.2-py3-none-any.whl.metadata (3.5 kB)
7900.9s 2649 Requirement already satisfied: Pillow in /kaggle/working/emcadenv/lib/python3.8/site-packages (from mmcv-full) (10.4.0)
7900.9s 2650 Collecting pyyaml (from mmcv-full)
7900.9s 2651 Downloading PyYAML-6.0.3-cp38-cp38-manylinux2014_x86_64.manylinux_2_17_x86_64.manylinux_2_28_x86_64.whl.metadata (2.1 kB)
7900.9s 2652 Collecting yapf (from mmcv-full)
7900.9s 2653 Downloading yapf-0.43.0-py3-none-any.whl.metadata (46 kB)
7900.9s 2654 Collecting opencv-python>=3 (from mmcv-full)
7900.9s 2655 Downloading opencv_python-5.0.0.93-cp37-abi3-manylinux_2_28_x86_64.whl.metadata (19 kB)
7900.9s 2656 Collecting platformdirs>=3.5.1 (from yapf->mmcv-full)
7900.9s 2657 Downloading platformdirs-4.3.6-py3-none-any.whl.metadata (11 kB)
7900.9s 2658 Collecting tomli>=2.0.1 (from yapf->mmcv-full)
7900.9s 2659 Downloading tomli-2.4.1-py3-none-any.whl.metadata (10 kB)
7900.9s 2660 Downloading opencv_python-5.0.0.93-cp37-abi3-manylinux_2_28_x86_64.whl (73.8 MB)
7900.9s 2661 ━━━━━━━━━━━━━━━━━━━━━━━━━━━━━━━━━━━━━━━━ 73.8/73.8 MB 106.6 MB/s eta 0:00:00
7900.9s 2662 Downloading addict-2.4.0-py3-none-any.whl (3.8 kB)
7900.9s 2663 Downloading packaging-26.2-py3-none-any.whl (100 kB)
7900.9s 2664 Downloading PyYAML-6.0.3-cp38-cp38-manylinux2014_x86_64.manylinux_2_17_x86_64.manylinux_2_28_x86_64.whl (806 kB)
7900.9s 2665 ━━━━━━━━━━━━━━━━━━━━━━━━━━━━━━━━━━━━━━━━ 806.0/806.0 kB 23.6 MB/s eta 0:00:00
7900.9s 2666 Downloading yapf-0.43.0-py3-none-any.whl (256 kB)
7900.9s 2667 Downloading platformdirs-4.3.6-py3-none-any.whl (18 kB)
7900.9s 2668 Downloading tomli-2.4.1-py3-none-any.whl (14 kB)
7900.9s 2669 Installing collected packages: addict, tomli, pyyaml, platformdirs, packaging, opencv-python, yapf, mmcv-full
7900.9s 2670 Successfully installed addict-2.4.0 mmcv-full-1.7.2 opencv-python-5.0.0.93 packaging-26.2 platformdirs-4.3.6 pyyaml-6.0.3 tomli-2.4.1 yapf-0.43.0
7900.9s 2671 Collecting numpy==1.22.4 (from -r requirements.txt (line 1))
7900.9s 2672 Downloading numpy-1.22.4-cp38-cp38-manylinux_2_17_x86_64.manylinux2014_x86_64.whl.metadata (2.0 kB)
7900.9s 2673 Collecting loguru (from -r requirements.txt (line 2))
7900.9s 2674 Downloading loguru-0.7.3-py3-none-any.whl.metadata (22 kB)
7900.9s 2675 Collecting tqdm (from -r requirements.txt (line 3))
7900.9s 2676 Downloading tqdm-4.70.1-py3-none-any.whl.metadata (57 kB)
7900.9s 2677 Requirement already satisfied: pyyaml in /kaggle/working/emcadenv/lib/python3.8/site-packages (from -r requirements.txt (line 4)) (6.0.3)
7900.9s 2678 Collecting pandas (from -r requirements.txt (line 5))
7900.9s 2679 Downloading pandas-2.0.3-cp38-cp38-manylinux_2_17_x86_64.manylinux2014_x86_64.whl.metadata (18 kB)
7900.9s 2680 Collecting matplotlib (from -r requirements.txt (line 6))
7900.9s 2681 Downloading matplotlib-3.7.5-cp38-cp38-manylinux_2_12_x86_64.manylinux2010_x86_64.whl.metadata (5.7 kB)
7900.9s 2682 Collecting scikit-learn (from -r requirements.txt (line 7))
7900.9s 2683 Downloading scikit_learn-1.3.2-cp38-cp38-manylinux_2_17_x86_64.manylinux2014_x86_64.whl.metadata (11 kB)
7900.9s 2684 Collecting scikit-image (from -r requirements.txt (line 8))
7900.9s 2685 Downloading scikit_image-0.21.0-cp38-cp38-manylinux_2_17_x86_64.manylinux2014_x86_64.whl.metadata (14 kB)
7900.9s 2686 Collecting scipy (from -r requirements.txt (line 9))
7900.9s 2687 Downloading scipy-1.10.1-cp38-cp38-manylinux_2_17_x86_64.manylinux2014_x86_64.whl.metadata (58 kB)
7900.9s 2688 Requirement already satisfied: opencv-python in /kaggle/working/emcadenv/lib/python3.8/site-packages (from -r requirements.txt (line 10)) (5.0.0.93)
7900.9s 2689 Collecting seaborn (from -r requirements.txt (line 11))
7900.9s 2690 Downloading seaborn-0.13.2-py3-none-any.whl.metadata (5.4 kB)
7900.9s 2691 Collecting albumentations==1.1.0 (from -r requirements.txt (line 12))
7900.9s 2692 Downloading albumentations-1.1.0-py3-none-any.whl.metadata (31 kB)
7900.9s 2693 Collecting tabulate (from -r requirements.txt (line 13))
7900.9s 2694 Downloading tabulate-0.9.0-py3-none-any.whl.metadata (34 kB)
7900.9s 2695 Collecting warmup-scheduler (from -r requirements.txt (line 14))
7900.9s 2696 Downloading warmup_scheduler-0.3.tar.gz (2.1 kB)
7900.9s 2697 Preparing metadata (setup.py): started
7900.9s 2698 Preparing metadata (setup.py): finished with status 'done'
7900.9s 2699 Collecting transformers==4.21.3 (from -r requirements.txt (line 15))
7900.9s 2700 Downloading transformers-4.21.3-py3-none-any.whl.metadata (81 kB)
7900.9s 2701 Collecting torchprofile (from -r requirements.txt (line 16))
7900.9s 2702 Downloading torchprofile-0.0.4-py3-none-any.whl.metadata (303 bytes)
7900.9s 2703 Collecting torchmetrics (from -r requirements.txt (line 17))
7900.9s 2704 Downloading torchmetrics-1.5.2-py3-none-any.whl.metadata (20 kB)
7900.9s 2705 Collecting einops (from -r requirements.txt (line 18))
7900.9s 2706 Downloading einops-0.8.1-py3-none-any.whl.metadata (13 kB)
7900.9s 2707 Collecting ptflops (from -r requirements.txt (line 19))
7900.9s 2708 Downloading ptflops-0.7.3-py3-none-any.whl.metadata (9.0 kB)
7900.9s 2709 Collecting torchsummary (from -r requirements.txt (line 20))
7900.9s 2710 Downloading torchsummary-1.5.1-py3-none-any.whl.metadata (296 bytes)
7900.9s 2711 Collecting torchsummaryx (from -r requirements.txt (line 21))
7900.9s 2712 Downloading torchsummaryX-1.3.0-py3-none-any.whl.metadata (325 bytes)
7900.9s 2713 Collecting segmentation-mask-overlay==0.3.4 (from -r requirements.txt (line 22))
7900.9s 2714 Downloading segmentation_mask_overlay-0.3.4-py3-none-any.whl.metadata (2.0 kB)
7900.9s 2715 Collecting timm==0.6.12 (from -r requirements.txt (line 23))
7900.9s 2716 Downloading timm-0.6.12-py3-none-any.whl.metadata (37 kB)
7900.9s 2717 Collecting tifffile (from -r requirements.txt (line 24))
7900.9s 2718 Downloading tifffile-2023.7.10-py3-none-any.whl.metadata (31 kB)
7900.9s 2719 Requirement already satisfied: pillow in /kaggle/working/emcadenv/lib/python3.8/site-packages (from -r requirements.txt (line 25)) (10.4.0)
7900.9s 2720 Collecting thop (from -r requirements.txt (line 26))
7900.9s 2721 Downloading thop-0.1.1.post2209072238-py3-none-any.whl.metadata (2.7 kB)
7900.9s 2722 Collecting simpleitk (from -r requirements.txt (line 27))
7900.9s 2723 Downloading simpleitk-2.5.5.tar.gz (2.1 MB)
7900.9s 2724 ━━━━━━━━━━━━━━━━━━━━━━━━━━━━━━━━━━━━━━━━ 2.1/2.1 MB 1.8 MB/s eta 0:00:00
7900.9s 2725 Installing build dependencies: started
7900.9s 2726 Installing build dependencies: finished with status 'done'
7900.9s 2727 Getting requirements to build wheel: started
7900.9s 2728 Getting requirements to build wheel: finished with status 'done'
7900.9s 2729 Preparing metadata (pyproject.toml): started
7900.9s 2730 Preparing metadata (pyproject.toml): finished with status 'done'
7900.9s 2731 Collecting nibabel (from -r requirements.txt (line 28))
7900.9s 2732 Downloading nibabel-5.2.1-py3-none-any.whl.metadata (8.8 kB)
7900.9s 2733 Collecting h5py (from -r requirements.txt (line 29))
7900.9s 2734 Downloading h5py-3.11.0-cp38-cp38-manylinux_2_17_x86_64.manylinux2014_x86_64.whl.metadata (2.5 kB)
7900.9s 2735 Collecting huggingface-hub==0.11.0 (from -r requirements.txt (line 30))
7900.9s 2736 Downloading huggingface_hub-0.11.0-py3-none-any.whl.metadata (7.5 kB)
7900.9s 2737 Collecting ml_collections (from -r requirements.txt (line 31))
7900.9s 2738 Downloading ml_collections-0.1.1.tar.gz (77 kB)
7900.9s 2739 Preparing metadata (setup.py): started
7900.9s 2740 Preparing metadata (setup.py): finished with status 'done'
7900.9s 2741 Collecting tensorboardx (from -r requirements.txt (line 32))
7900.9s 2742 Downloading tensorboardX-2.6.2.2-py2.py3-none-any.whl.metadata (5.8 kB)
7900.9s 2743 Collecting medpy (from -r requirements.txt (line 33))
7900.9s 2744 Downloading medpy-0.5.2.tar.gz (156 kB)
7900.9s 2745 Preparing metadata (setup.py): started
7900.9s 2746 Preparing metadata (setup.py): finished with status 'done'
7900.9s 2747 Collecting qudida>=0.0.4 (from albumentations==1.1.0->-r requirements.txt (line 12))
7900.9s 2748 Downloading qudida-0.0.4-py3-none-any.whl.metadata (1.5 kB)
7900.9s 2749 Collecting opencv-python-headless>=4.1.1 (from albumentations==1.1.0->-r requirements.txt (line 12))
7900.9s 2750 Downloading opencv_python_headless-5.0.0.93-cp37-abi3-manylinux_2_28_x86_64.whl.metadata (19 kB)
7900.9s 2751 Collecting filelock (from transformers==4.21.3->-r requirements.txt (line 15))
7900.9s 2752 Downloading filelock-3.16.1-py3-none-any.whl.metadata (2.9 kB)
7900.9s 2753 Requirement already satisfied: packaging>=20.0 in /kaggle/working/emcadenv/lib/python3.8/site-packages (from transformers==4.21.3->-r requirements.txt (line 15)) (26.2)
7900.9s 2754 Collecting regex!=2019.12.17 (from transformers==4.21.3->-r requirements.txt (line 15))
7900.9s 2755 Downloading regex-2024.11.6-cp38-cp38-manylinux_2_17_x86_64.manylinux2014_x86_64.whl.metadata (40 kB)
7900.9s 2756 Requirement already satisfied: requests in /kaggle/working/emcadenv/lib/python3.8/site-packages (from transformers==4.21.3->-r requirements.txt (line 15)) (2.32.4)
7900.9s 2757 Collecting tokenizers!=0.11.3,<0.13,>=0.11.1 (from transformers==4.21.3->-r requirements.txt (line 15))
7900.9s 2758 Downloading tokenizers-0.12.1-cp38-cp38-manylinux_2_12_x86_64.manylinux2010_x86_64.whl.metadata (6.5 kB)
7900.9s 2759 Requirement already satisfied: torch>=1.7 in /kaggle/working/emcadenv/lib/python3.8/site-packages (from timm==0.6.12->-r requirements.txt (line 23)) (1.11.0+cu113)
7900.9s 2760 Requirement already satisfied: torchvision in /kaggle/working/emcadenv/lib/python3.8/site-packages (from timm==0.6.12->-r requirements.txt (line 23)) (0.12.0+cu113)
7900.9s 2761 Requirement already satisfied: typing-extensions>=3.7.4.3 in /kaggle/working/emcadenv/lib/python3.8/site-packages (from huggingface-hub==0.11.0->-r requirements.txt (line 30)) (4.13.2)
7900.9s 2762 Collecting python-dateutil>=2.8.2 (from pandas->-r requirements.txt (line 5))
7900.9s 2763 Downloading python_dateutil-2.9.0.post0-py2.py3-none-any.whl.metadata (8.4 kB)
7900.9s 2764 Collecting pytz>=2020.1 (from pandas->-r requirements.txt (line 5))
7900.9s 2765 Downloading pytz-2026.4-py2.py3-none-any.whl.metadata (22 kB)
7900.9s 2766 Collecting tzdata>=2022.1 (from pandas->-r requirements.txt (line 5))
7900.9s 2767 Downloading tzdata-2026.4-py2.py3-none-any.whl.metadata (1.4 kB)
7900.9s 2768 Collecting contourpy>=1.0.1 (from matplotlib->-r requirements.txt (line 6))
7900.9s 2769 Downloading contourpy-1.1.1-cp38-cp38-manylinux_2_17_x86_64.manylinux2014_x86_64.whl.metadata (5.9 kB)
7900.9s 2770 Collecting cycler>=0.10 (from matplotlib->-r requirements.txt (line 6))
7900.9s 2771 Downloading cycler-0.12.1-py3-none-any.whl.metadata (3.8 kB)
7900.9s 2772 Collecting fonttools>=4.22.0 (from matplotlib->-r requirements.txt (line 6))
7900.9s 2773 Downloading fonttools-4.57.0-cp38-cp38-manylinux_2_17_x86_64.manylinux2014_x86_64.whl.metadata (102 kB)
7900.9s 2774 Collecting kiwisolver>=1.0.1 (from matplotlib->-r requirements.txt (line 6))
7900.9s 2775 Downloading kiwisolver-1.4.7-cp38-cp38-manylinux_2_5_x86_64.manylinux1_x86_64.whl.metadata (6.3 kB)
7900.9s 2776 Collecting pyparsing>=2.3.1 (from matplotlib->-r requirements.txt (line 6))
7900.9s 2777 Downloading pyparsing-3.1.4-py3-none-any.whl.metadata (5.1 kB)
7900.9s 2778 Collecting importlib-resources>=3.2.0 (from matplotlib->-r requirements.txt (line 6))
7900.9s 2779 Downloading importlib_resources-6.4.5-py3-none-any.whl.metadata (4.0 kB)
7900.9s 2780 Collecting joblib>=1.1.1 (from scikit-learn->-r requirements.txt (line 7))
7900.9s 2781 Downloading joblib-1.4.2-py3-none-any.whl.metadata (5.4 kB)
7900.9s 2782 Collecting threadpoolctl>=2.0.0 (from scikit-learn->-r requirements.txt (line 7))
7900.9s 2783 Downloading threadpoolctl-3.5.0-py3-none-any.whl.metadata (13 kB)
7900.9s 2784 Collecting networkx>=2.8 (from scikit-image->-r requirements.txt (line 8))
7900.9s 2785 Downloading networkx-3.1-py3-none-any.whl.metadata (5.3 kB)
7900.9s 2786 Collecting imageio>=2.27 (from scikit-image->-r requirements.txt (line 8))
7900.9s 2787 Downloading imageio-2.35.1-py3-none-any.whl.metadata (4.9 kB)
7900.9s 2788 Collecting PyWavelets>=1.1.1 (from scikit-image->-r requirements.txt (line 8))
7900.9s 2789 Downloading PyWavelets-1.4.1-cp38-cp38-manylinux_2_17_x86_64.manylinux2014_x86_64.whl.metadata (1.9 kB)
7900.9s 2790 Collecting lazy_loader>=0.2 (from scikit-image->-r requirements.txt (line 8))
7900.9s 2791 Downloading lazy_loader-0.4-py3-none-any.whl.metadata (7.6 kB)
7900.9s 2792 Collecting lightning-utilities>=0.8.0 (from torchmetrics->-r requirements.txt (line 17))
7900.9s 2793 Downloading lightning_utilities-0.11.9-py3-none-any.whl.metadata (5.2 kB)
7900.9s 2794 Collecting absl-py (from ml_collections->-r requirements.txt (line 31))
7900.9s 2795 Downloading absl_py-2.3.1-py3-none-any.whl.metadata (3.3 kB)
7900.9s 2796 Collecting six (from ml_collections->-r requirements.txt (line 31))
7900.9s 2797 Downloading six-1.17.0-py2.py3-none-any.whl.metadata (1.7 kB)
7900.9s 2798 Collecting contextlib2 (from ml_collections->-r requirements.txt (line 31))
7900.9s 2799 Downloading contextlib2-21.6.0-py2.py3-none-any.whl.metadata (4.1 kB)
7900.9s 2800 Collecting protobuf>=3.20 (from tensorboardx->-r requirements.txt (line 32))
7900.9s 2801 Downloading protobuf-5.29.6-cp38-abi3-manylinux2014_x86_64.whl.metadata (592 bytes)
7900.9s 2802 INFO: pip is looking at multiple versions of medpy to determine which version is compatible with other requirements. This could take a while.
7900.9s 2803 Collecting medpy (from -r requirements.txt (line 33))
7900.9s 2804 Downloading MedPy-0.5.1.tar.gz (156 kB)
7900.9s 2805 Preparing metadata (setup.py): started
7900.9s 2806 Preparing metadata (setup.py): finished with status 'done'
7900.9s 2807 Downloading MedPy-0.5.0.tar.gz (150 kB)
7900.9s 2808 Preparing metadata (setup.py): started
7900.9s 2809 Preparing metadata (setup.py): finished with status 'done'
7900.9s 2810 Downloading MedPy-0.4.0.tar.gz (151 kB)
7900.9s 2811 Preparing metadata (setup.py): started
7900.9s 2812 Preparing metadata (setup.py): finished with status 'done'
7900.9s 2813 Collecting zipp>=3.1.0 (from importlib-resources>=3.2.0->matplotlib->-r requirements.txt (line 6))
7900.9s 2814 Downloading zipp-3.20.2-py3-none-any.whl.metadata (3.7 kB)
7900.9s 2815 Requirement already satisfied: setuptools in /kaggle/working/emcadenv/lib/python3.8/site-packages (from lightning-utilities>=0.8.0->torchmetrics->-r requirements.txt (line 17)) (75.3.0)
7900.9s 2816 Requirement already satisfied: charset_normalizer<4,>=2 in /kaggle/working/emcadenv/lib/python3.8/site-packages (from requests->transformers==4.21.3->-r requirements.txt (line 15)) (3.5.1)
7900.9s 2817 Requirement already satisfied: idna<4,>=2.5 in /kaggle/working/emcadenv/lib/python3.8/site-packages (from requests->transformers==4.21.3->-r requirements.txt (line 15)) (3.15)
7900.9s 2818 Requirement already satisfied: urllib3<3,>=1.21.1 in /kaggle/working/emcadenv/lib/python3.8/site-packages (from requests->transformers==4.21.3->-r requirements.txt (line 15)) (2.2.3)
7900.9s 2819 Requirement already satisfied: certifi>=2017.4.17 in /kaggle/working/emcadenv/lib/python3.8/site-packages (from requests->transformers==4.21.3->-r requirements.txt (line 15)) (2026.7.22)
7900.9s 2820 Downloading numpy-1.22.4-cp38-cp38-manylinux_2_17_x86_64.manylinux2014_x86_64.whl (16.9 MB)
7900.9s 2821 ━━━━━━━━━━━━━━━━━━━━━━━━━━━━━━━━━━━━━━━━ 16.9/16.9 MB 81.4 MB/s eta 0:00:00
7900.9s 2822 Downloading albumentations-1.1.0-py3-none-any.whl (102 kB)
7900.9s 2823 Downloading transformers-4.21.3-py3-none-any.whl (4.7 MB)
7900.9s 2824 ━━━━━━━━━━━━━━━━━━━━━━━━━━━━━━━━━━━━━━━━ 4.7/4.7 MB 86.7 MB/s eta 0:00:00
7900.9s 2825 Downloading segmentation_mask_overlay-0.3.4-py3-none-any.whl (276 kB)
7900.9s 2826 Downloading timm-0.6.12-py3-none-any.whl (549 kB)
7900.9s 2827 ━━━━━━━━━━━━━━━━━━━━━━━━━━━━━━━━━━━━━━━━ 549.1/549.1 kB 13.8 MB/s eta 0:00:00
7900.9s 2828 Downloading huggingface_hub-0.11.0-py3-none-any.whl (182 kB)
7900.9s 2829 Downloading loguru-0.7.3-py3-none-any.whl (61 kB)
7900.9s 2830 Downloading tqdm-4.70.1-py3-none-any.whl (80 kB)
7900.9s 2831 Downloading pandas-2.0.3-cp38-cp38-manylinux_2_17_x86_64.manylinux2014_x86_64.whl (12.4 MB)
7900.9s 2832 ━━━━━━━━━━━━━━━━━━━━━━━━━━━━━━━━━━━━━━━━ 12.4/12.4 MB 92.6 MB/s eta 0:00:00
7900.9s 2833 Downloading matplotlib-3.7.5-cp38-cp38-manylinux_2_12_x86_64.manylinux2010_x86_64.whl (9.2 MB)
7900.9s 2834 ━━━━━━━━━━━━━━━━━━━━━━━━━━━━━━━━━━━━━━━━ 9.2/9.2 MB 87.7 MB/s eta 0:00:00
7900.9s 2835 Downloading scikit_learn-1.3.2-cp38-cp38-manylinux_2_17_x86_64.manylinux2014_x86_64.whl (11.1 MB)
7900.9s 2836 ━━━━━━━━━━━━━━━━━━━━━━━━━━━━━━━━━━━━━━━━ 11.1/11.1 MB 106.3 MB/s eta 0:00:00
7900.9s 2837 Downloading scikit_image-0.21.0-cp38-cp38-manylinux_2_17_x86_64.manylinux2014_x86_64.whl (13.9 MB)
7900.9s 2838 ━━━━━━━━━━━━━━━━━━━━━━━━━━━━━━━━━━━━━━━━ 13.9/13.9 MB 107.2 MB/s eta 0:00:00
7900.9s 2839 Downloading scipy-1.10.1-cp38-cp38-manylinux_2_17_x86_64.manylinux2014_x86_64.whl (34.5 MB)
7900.9s 2840 ━━━━━━━━━━━━━━━━━━━━━━━━━━━━━━━━━━━━━━━━ 34.5/34.5 MB 118.5 MB/s eta 0:00:00
7900.9s 2841 Downloading seaborn-0.13.2-py3-none-any.whl (294 kB)
7900.9s 2842 Downloading tabulate-0.9.0-py3-none-any.whl (35 kB)
7900.9s 2843 Downloading torchprofile-0.0.4-py3-none-any.whl (7.7 kB)
7900.9s 2844 Downloading torchmetrics-1.5.2-py3-none-any.whl (891 kB)
7900.9s 2845 ━━━━━━━━━━━━━━━━━━━━━━━━━━━━━━━━━━━━━━━━ 891.4/891.4 kB 23.2 MB/s eta 0:00:00
7900.9s 2846 Downloading einops-0.8.1-py3-none-any.whl (64 kB)
7900.9s 2847 Downloading ptflops-0.7.3-py3-none-any.whl (18 kB)
7900.9s 2848 Downloading torchsummary-1.5.1-py3-none-any.whl (2.8 kB)
7900.9s 2849 Downloading torchsummaryX-1.3.0-py3-none-any.whl (3.6 kB)
7900.9s 2850 Downloading tifffile-2023.7.10-py3-none-any.whl (220 kB)
7900.9s 2851 Downloading thop-0.1.1.post2209072238-py3-none-any.whl (15 kB)
7900.9s 2852 Downloading nibabel-5.2.1-py3-none-any.whl (3.3 MB)
7900.9s 2853 ━━━━━━━━━━━━━━━━━━━━━━━━━━━━━━━━━━━━━━━━ 3.3/3.3 MB 67.1 MB/s eta 0:00:00
7900.9s 2854 Downloading h5py-3.11.0-cp38-cp38-manylinux_2_17_x86_64.manylinux2014_x86_64.whl (5.3 MB)
7900.9s 2855 ━━━━━━━━━━━━━━━━━━━━━━━━━━━━━━━━━━━━━━━━ 5.3/5.3 MB 83.2 MB/s eta 0:00:00
7900.9s 2856 Downloading tensorboardX-2.6.2.2-py2.py3-none-any.whl (101 kB)
7900.9s 2857 Downloading contourpy-1.1.1-cp38-cp38-manylinux_2_17_x86_64.manylinux2014_x86_64.whl (301 kB)
7900.9s 2858 Downloading cycler-0.12.1-py3-none-any.whl (8.3 kB)
7900.9s 2859 Downloading fonttools-4.57.0-cp38-cp38-manylinux_2_17_x86_64.manylinux2014_x86_64.whl (4.7 MB)
7900.9s 2860 ━━━━━━━━━━━━━━━━━━━━━━━━━━━━━━━━━━━━━━━━ 4.7/4.7 MB 95.8 MB/s eta 0:00:00
7900.9s 2861 Downloading imageio-2.35.1-py3-none-any.whl (315 kB)
7900.9s 2862 Downloading importlib_resources-6.4.5-py3-none-any.whl (36 kB)
7900.9s 2863 Downloading joblib-1.4.2-py3-none-any.whl (301 kB)
7900.9s 2864 Downloading kiwisolver-1.4.7-cp38-cp38-manylinux_2_5_x86_64.manylinux1_x86_64.whl (1.2 MB)
7900.9s 2865 ━━━━━━━━━━━━━━━━━━━━━━━━━━━━━━━━━━━━━━━━ 1.2/1.2 MB 36.4 MB/s eta 0:00:00
7900.9s 2866 Downloading lazy_loader-0.4-py3-none-any.whl (12 kB)
7900.9s 2867 Downloading lightning_utilities-0.11.9-py3-none-any.whl (28 kB)
7900.9s 2868 Downloading networkx-3.1-py3-none-any.whl (2.1 MB)
7900.9s 2869 ━━━━━━━━━━━━━━━━━━━━━━━━━━━━━━━━━━━━━━━━ 2.1/2.1 MB 59.9 MB/s eta 0:00:00
7900.9s 2870 Downloading opencv_python_headless-5.0.0.93-cp37-abi3-manylinux_2_28_x86_64.whl (61.2 MB)
7900.9s 2871 ━━━━━━━━━━━━━━━━━━━━━━━━━━━━━━━━━━━━━━━━ 61.2/61.2 MB 113.8 MB/s eta 0:00:00
7900.9s 2872 Downloading protobuf-5.29.6-cp38-abi3-manylinux2014_x86_64.whl (320 kB)
7900.9s 2873 Downloading pyparsing-3.1.4-py3-none-any.whl (104 kB)
7900.9s 2874 Downloading python_dateutil-2.9.0.post0-py2.py3-none-any.whl (229 kB)
7900.9s 2875 Downloading pytz-2026.4-py2.py3-none-any.whl (506 kB)
7900.9s 2876 Downloading PyWavelets-1.4.1-cp38-cp38-manylinux_2_17_x86_64.manylinux2014_x86_64.whl (6.9 MB)
7900.9s 2877 ━━━━━━━━━━━━━━━━━━━━━━━━━━━━━━━━━━━━━━━━ 6.9/6.9 MB 96.9 MB/s eta 0:00:00
7900.9s 2878 Downloading qudida-0.0.4-py3-none-any.whl (3.5 kB)
7900.9s 2879 Downloading regex-2024.11.6-cp38-cp38-manylinux_2_17_x86_64.manylinux2014_x86_64.whl (785 kB)
7900.9s 2880 ━━━━━━━━━━━━━━━━━━━━━━━━━━━━━━━━━━━━━━━━ 785.1/785.1 kB 23.8 MB/s eta 0:00:00
7900.9s 2881 Downloading six-1.17.0-py2.py3-none-any.whl (11 kB)
7900.9s 2882 Downloading threadpoolctl-3.5.0-py3-none-any.whl (18 kB)
7900.9s 2883 Downloading tokenizers-0.12.1-cp38-cp38-manylinux_2_12_x86_64.manylinux2010_x86_64.whl (6.6 MB)
7900.9s 2884 ━━━━━━━━━━━━━━━━━━━━━━━━━━━━━━━━━━━━━━━━ 6.6/6.6 MB 98.7 MB/s eta 0:00:00
7900.9s 2885 Downloading tzdata-2026.4-py2.py3-none-any.whl (347 kB)
7900.9s 2886 Downloading absl_py-2.3.1-py3-none-any.whl (135 kB)
7900.9s 2887 Downloading contextlib2-21.6.0-py2.py3-none-any.whl (13 kB)
7900.9s 2888 Downloading filelock-3.16.1-py3-none-any.whl (16 kB)
7900.9s 2889 Downloading zipp-3.20.2-py3-none-any.whl (9.2 kB)
7900.9s 2890 Building wheels for collected packages: warmup-scheduler, simpleitk, ml_collections, medpy
7900.9s 2891 Building wheel for warmup-scheduler (setup.py): started
7900.9s 2892 Building wheel for warmup-scheduler (setup.py): finished with status 'done'
7900.9s 2893 Created wheel for warmup-scheduler: filename=warmup_scheduler-0.3-py3-none-any.whl size=2969 sha256=e9fa923d29da818f6e477576fbeadc056740c6085250fd1f58505ca96a881b7a
7900.9s 2894 Stored in directory: /root/.cache/pip/wheels/f2/ce/4a/215c4f0add432420ff90fe04656bf2664ddfac7302e2b6fe51
7900.9s 2895 Building wheel for simpleitk (pyproject.toml): started
7900.9s 2896 Building wheel for simpleitk (pyproject.toml): finished with status 'done'
7900.9s 2897 Created wheel for simpleitk: filename=simpleitk-2.5.5-cp38-cp38-linux_x86_64.whl size=52699942 sha256=7cd16cdfb458af0da736703d43a307bd83afeaf9ba518ee7c91f45b45b7e9887
7900.9s 2898 Stored in directory: /root/.cache/pip/wheels/a5/16/56/7627ca048264634b331d925b23a7d166aeb319f76dc5bf5338
7900.9s 2899 Building wheel for ml_collections (setup.py): started
7900.9s 2900 Building wheel for ml_collections (setup.py): finished with status 'done'
7900.9s 2901 Created wheel for ml_collections: filename=ml_collections-0.1.1-py3-none-any.whl size=94507 sha256=74ec8d70067f4999d8254387092efaf092313bead6648eb7a779f3f5807d6ed1
7900.9s 2902 Stored in directory: /root/.cache/pip/wheels/6d/9f/a9/9e8309035a5bf09ed9086bbca8c9b74cb6413d3eb203e2bc8c
7900.9s 2903 Building wheel for medpy (setup.py): started
7900.9s 2904 Building wheel for medpy (setup.py): finished with status 'done'
7900.9s 2905 Created wheel for medpy: filename=MedPy-0.4.0-py3-none-any.whl size=214946 sha256=fc0c934ce129edda456961c34b8072490528530e58c0cc40e4d9886a5df642d1
7900.9s 2906 Stored in directory: /root/.cache/pip/wheels/fc/38/7d/e0b8bcb2770f779a93cab5ab7fa6dd344011e1278cb90cab86
7900.9s 2907 Successfully built warmup-scheduler simpleitk ml_collections medpy
7900.9s 2908 Installing collected packages: warmup-scheduler, torchsummary, tokenizers, simpleitk, pytz, zipp, tzdata, tqdm, threadpoolctl, tabulate, six, regex, pyparsing, protobuf, numpy, networkx, loguru, lightning-utilities, lazy_loader, kiwisolver, joblib, fonttools, filelock, einops, cycler, contextlib2, absl-py, torchmetrics, tifffile, thop, tensorboardx, scipy, PyWavelets, python-dateutil, ptflops, opencv-python-headless, ml_collections, importlib-resources, imageio, huggingface-hub, h5py, contourpy, transformers, torchprofile, timm, scikit-learn, scikit-image, pandas, nibabel, medpy, matplotlib, torchsummaryx, segmentation-mask-overlay, seaborn, qudida, albumentations
7900.9s 2909 Attempting uninstall: numpy
7900.9s 2910 Found existing installation: numpy 1.24.4
7900.9s 2911 Uninstalling numpy-1.24.4:
7900.9s 2912 Successfully uninstalled numpy-1.24.4
7900.9s 2913 Successfully installed PyWavelets-1.4.1 absl-py-2.3.1 albumentations-1.1.0 contextlib2-21.6.0 contourpy-1.1.1 cycler-0.12.1 einops-0.8.1 filelock-3.16.1 fonttools-4.57.0 h5py-3.11.0 huggingface-hub-0.11.0 imageio-2.35.1 importlib-resources-6.4.5 joblib-1.4.2 kiwisolver-1.4.7 lazy_loader-0.4 lightning-utilities-0.11.9 loguru-0.7.3 matplotlib-3.7.5 medpy-0.4.0 ml_collections-0.1.1 networkx-3.1 nibabel-5.2.1 numpy-1.22.4 opencv-python-headless-5.0.0.93 pandas-2.0.3 protobuf-5.29.6 ptflops-0.7.3 pyparsing-3.1.4 python-dateutil-2.9.0.post0 pytz-2026.4 qudida-0.0.4 regex-2024.11.6 scikit-image-0.21.0 scikit-learn-1.3.2 scipy-1.10.1 seaborn-0.13.2 segmentation-mask-overlay-0.3.4 simpleitk-2.5.5 six-1.17.0 tabulate-0.9.0 tensorboardx-2.6.2.2 thop-0.1.1.post2209072238 threadpoolctl-3.5.0 tifffile-2023.7.10 timm-0.6.12 tokenizers-0.12.1 torchmetrics-1.5.2 torchprofile-0.0.4 torchsummary-1.5.1 torchsummaryx-1.3.0 tqdm-4.70.1 transformers-4.21.3 tzdata-2026.4 warmup-scheduler-0.3 zipp-3.20.2
7900.9s 2914 Collecting ptflops==0.7.2.2
7900.9s 2915 Downloading ptflops-0.7.2.2-py3-none-any.whl.metadata (7.2 kB)
7900.9s 2916 Downloading ptflops-0.7.2.2-py3-none-any.whl (15 kB)
7900.9s 2917 Installing collected packages: ptflops
7900.9s 2918 Attempting uninstall: ptflops
7900.9s 2919 Found existing installation: ptflops 0.7.3
7900.9s 2920 Uninstalling ptflops-0.7.3:
7900.9s 2921 Successfully uninstalled ptflops-0.7.3
7900.9s 2922 Successfully installed ptflops-0.7.2.2
7900.9s 2923 Collecting openpyxl
7900.9s 2924 Downloading openpyxl-3.1.5-py2.py3-none-any.whl.metadata (2.5 kB)
7900.9s 2925 Collecting et-xmlfile (from openpyxl)
7900.9s 2926 Downloading et_xmlfile-2.0.0-py3-none-any.whl.metadata (2.7 kB)
7900.9s 2927 Downloading openpyxl-3.1.5-py2.py3-none-any.whl (250 kB)
7900.9s 2928 Downloading et_xmlfile-2.0.0-py3-none-any.whl (18 kB)
7900.9s 2929 Installing collected packages: et-xmlfile, openpyxl
7900.9s 2930 Successfully installed et-xmlfile-2.0.0 openpyxl-3.1.5
7902.4s 2931 -rw-r--r-- 1 root root 97M Sep 26 06:33 pretrained_pth/pvt/pvt_v2_b2.pth
7902.4s 2932 % Total    % Received % Xferd  Average Speed   Time    Time     Time  Current
7902.4s 2933 Dload  Upload   Total   Spent    Left  Speed
7902.4s 2934 0     0    0     0    0     0      0      0 --:--:-- --:--:-- --:--:--     0  0     0    0     0    0     0      0      0 --:--:-- --:--:-- --:--:--     0
7902.4s 2935 0     0    0     0    0     0      0      0 --:--:-- --:--:-- --:--:--     0 85 96.7M   85 82.7M    0     0  61.3M      0  0:00:01  0:00:01 --:--:-- 82.8M100 96.7M  100 96.7M    0     0  68.7M      0  0:00:01  0:00:01 --:--:-- 91.5M
7902.4s 2936 
7902.4s 2937 % Total    % Received % Xferd  Average Speed   Time    Time     Time  Current
7902.4s 2938 Dload  Upload   Total   Spent    Left  Speed
7902.4s 2939 0     0    0     0    0     0      0      0 --:--:-- --:--:-- --:--:--     0  0     0    0     0    0     0      0      0 --:--:-- --:--:-- --:--:--     0
7902.4s 2940 0     0    0     0    0     0      0      0 --:--:-- --:--:-- --:--:--     0 85 96.7M   85 82.7M    0     0  61.3M      0  0:00:01  0:00:01 --:--:-- 82.8M100 96.7M  100 96.7M    0     0  68.7M      0  0:00:01  0:00:01 --:--:-- 91.5M
7907.3s 2941 Python: 3.8.20
7907.3s 2942 PyTorch: 1.11.0+cu113
7907.3s 2943 CUDA build: 11.3
7907.3s 2944 CUDA available: True
7907.3s 2945 GPU: Tesla T4
7907.3s 2946 NumPy: 1.22.4
7907.3s 2947 timm: 0.6.12
7907.3s 2948 ptflops: 0.7.2.2
7907.3s 2949 ptflops import: OK
7907.3s 2950 utils.utils import: OK
7917.7s 2951 Model pvt_v2_b2 backbone:  created, param count: 24849856
7917.7s 2952 Model EMCAD decoder:  created, param count: 1913515
7917.7s 2953 Author dataloader and EMCAD preflight passed
7917.7s 2954 Tracked EMCAD source files are unchanged.